/*Allow Foreign Keys*/
PRAGMA	foreign_keys	=	ON;

--Epoca
insert into Epoca (idEpoca, dataInicio, dataFim) values (1, '2016-08-26', '2017-05-20');
insert into Epoca (idEpoca, dataInicio, dataFim) values (2, '2017-08-13', '2018-04-03');
insert into Epoca (idEpoca, dataInicio, dataFim) values (3, '2018-08-13', '2019-04-03');
insert into Epoca (idEpoca, dataInicio, dataFim) values (4, '2019-08-13', '2020-04-03');
insert into Epoca (idEpoca, dataInicio, dataFim) values (5, '2020-08-13', '2021-04-03');

--Jornada
insert into Jornada (idJornada, dataInicio, dataFim, idEpoca) values (1, '2016-08-26', '2016-08-28', 1);
insert into Jornada (idJornada, dataInicio, dataFim, idEpoca) values (2, '2016-09-09', '2016-09-11', 1);
insert into Jornada (idJornada, dataInicio, dataFim, idEpoca) values (3, '2016-09-16', '2016-09-18', 1);
insert into Jornada (idJornada, dataInicio, dataFim, idEpoca) values (4, '2016-09-20', '2016-09-21', 1);
insert into Jornada (idJornada, dataInicio, dataFim, idEpoca) values (5, '2016-09-23', '2016-09-25', 1);
insert into Jornada (idJornada, dataInicio, dataFim, idEpoca) values (6, '2016-09-30', '2016-10-02', 1);
insert into Jornada (idJornada, dataInicio, dataFim, idEpoca) values (7, '2016-10-14', '2016-10-16', 1);
insert into Jornada (idJornada, dataInicio, dataFim, idEpoca) values (8, '2016-10-21', '2016-10-23', 1);
insert into Jornada (idJornada, dataInicio, dataFim, idEpoca) values (9, '2016-10-28', '2016-10-30', 1);
insert into Jornada (idJornada, dataInicio, dataFim, idEpoca) values (10, '2016-11-04', '2016-11-06', 1);
insert into Jornada (idJornada, dataInicio, dataFim, idEpoca) values (11, '2016-11-18', '2016-11-20', 1);
insert into Jornada (idJornada, dataInicio, dataFim, idEpoca) values (12, '2016-11-25', '2016-11-27', 1);
insert into Jornada (idJornada, dataInicio, dataFim, idEpoca) values (13, '2016-12-02', '2016-12-04', 1);
insert into Jornada (idJornada, dataInicio, dataFim, idEpoca) values (14, '2016-12-09', '2016-12-11', 1);
insert into Jornada (idJornada, dataInicio, dataFim, idEpoca) values (15, '2016-12-16', '2016-12-18', 1);
insert into Jornada (idJornada, dataInicio, dataFim, idEpoca) values (16, '2016-12-20', '2016-12-21', 1);
insert into Jornada (idJornada, dataInicio, dataFim, idEpoca) values (17, '2017-01-20', '2017-01-22', 1);
insert into Jornada (idJornada, dataInicio, dataFim, idEpoca) values (18, '2017-01-27', '2017-01-29', 1);
insert into Jornada (idJornada, dataInicio, dataFim, idEpoca) values (19, '2017-02-03', '2017-02-05', 1);
insert into Jornada (idJornada, dataInicio, dataFim, idEpoca) values (20, '2017-02-10', '2017-02-12', 1);
insert into Jornada (idJornada, dataInicio, dataFim, idEpoca) values (21, '2017-02-17', '2017-02-19', 1);
insert into Jornada (idJornada, dataInicio, dataFim, idEpoca) values (22, '2017-02-24', '2017-02-26', 1);
insert into Jornada (idJornada, dataInicio, dataFim, idEpoca) values (23, '2017-03-03', '2017-03-05', 1);
insert into Jornada (idJornada, dataInicio, dataFim, idEpoca) values (24, '2017-03-10', '2017-03-12', 1);
insert into Jornada (idJornada, dataInicio, dataFim, idEpoca) values (25, '2017-03-17', '2017-03-19', 1);
insert into Jornada (idJornada, dataInicio, dataFim, idEpoca) values (26, '2017-03-31', '2017-04-02', 1);
insert into Jornada (idJornada, dataInicio, dataFim, idEpoca) values (27, '2017-04-04', '2017-04-05', 1);
insert into Jornada (idJornada, dataInicio, dataFim, idEpoca) values (28, '2017-04-07', '2017-04-09', 1);
insert into Jornada (idJornada, dataInicio, dataFim, idEpoca) values (29, '2017-04-15', '2017-04-16', 1);
insert into Jornada (idJornada, dataInicio, dataFim, idEpoca) values (30, '2017-04-21', '2017-04-23', 1);
insert into Jornada (idJornada, dataInicio, dataFim, idEpoca) values (31, '2017-04-28', '2017-04-30', 1);
insert into Jornada (idJornada, dataInicio, dataFim, idEpoca) values (32, '2017-05-05', '2017-05-07', 1);
insert into Jornada (idJornada, dataInicio, dataFim, idEpoca) values (33, '2017-05-13', '2017-05-13', 1);
insert into Jornada (idJornada, dataInicio, dataFim, idEpoca) values (34, '2017-05-20', '2017-05-20', 1);

--Pais
insert into Pais (idPais, nome) VALUES (1, 'Andorra');
insert into Pais (idPais, nome) values (2, 'United Arab Emirates');
insert into Pais (idPais, nome) values (3, 'Afghanistan');
insert into Pais (idPais, nome) values (4, 'Antigua and Barbuda');
insert into Pais (idPais, nome) values (5, 'Anguilla');
insert into Pais (idPais, nome) values (6, 'Albania');
insert into Pais (idPais, nome) values (7, 'Armenia');
insert into Pais (idPais, nome) values (8, 'Angola');
insert into Pais (idPais, nome) values (9, 'Antartica');
insert into Pais (idPais, nome) values (10, 'Argentina');
insert into Pais (idPais, nome) values (11, 'American Samoa');
insert into Pais (idPais, nome) values (12, 'Austria');
insert into Pais (idPais, nome) values (13, 'Australia');
insert into Pais (idPais, nome) values (14, 'Aruba');
insert into Pais (idPais, nome) values (15, 'Åland Islands');
insert into Pais (idPais, nome) values (16, 'Azerbaijan');
insert into Pais (idPais, nome) values (17, 'Bosnia and Herzegovina');
insert into Pais (idPais, nome) values (18, 'Barbados');
insert into Pais (idPais, nome) values (19, 'Bangladesh');
insert into Pais (idPais, nome) values (20, 'Belgium');
insert into Pais (idPais, nome) values (21, 'Burkina Faso');
insert into Pais (idPais, nome) values (22, 'Bulgaria');
insert into Pais (idPais, nome) values (23, 'Bahrain');
insert into Pais (idPais, nome) values (24, 'Burundi');
insert into Pais (idPais, nome) values (25, 'Benin');
insert into Pais (idPais, nome) values (26, 'Saint Barthélemy');
insert into Pais (idPais, nome) values (27, 'Bermuda');
insert into Pais (idPais, nome) values (28, 'Brunei Darussalam');
insert into Pais (idPais, nome) values (29, 'Bolivia');
insert into Pais (idPais, nome) values (30, 'Caribbean Netherlands ');
insert into Pais (idPais, nome) values (31, 'Brazil');
insert into Pais (idPais, nome) values (32, 'Bahamas');
insert into Pais (idPais, nome) values (33, 'Bhutan');
insert into Pais (idPais, nome) values (34, 'Bouvet Island');
insert into Pais (idPais, nome) values (35, 'Botswana');
insert into Pais (idPais, nome) values (36, 'Belarus');
insert into Pais (idPais, nome) values (37, 'Belize');
insert into Pais (idPais, nome) values (38, 'Canada');
insert into Pais (idPais, nome) values (39, 'Cocos (Keeling) Islands');
insert into Pais (idPais, nome) values (40, 'Democratic Republic of Congo');
insert into Pais (idPais, nome) values (41, 'Central African Republic');
insert into Pais (idPais, nome) values (42, 'Congo');
insert into Pais (idPais, nome) values (43, 'Switzerland');
insert into Pais (idPais, nome) values (44, 'Côte d''Ivoire');
insert into Pais (idPais, nome) values (45, 'Cook Islands');
insert into Pais (idPais, nome) values (46, 'Chile');
insert into Pais (idPais, nome) values (47, 'Cameroon');
insert into Pais (idPais, nome) values (48, 'China');
insert into Pais (idPais, nome) values (49, 'Colombia');
insert into Pais (idPais, nome) values (50, 'Costa Rica');
insert into Pais (idPais, nome) values (51, 'Cuba');
insert into Pais (idPais, nome) values (52, 'Cape Verde');
insert into Pais (idPais, nome) values (53, 'Curaçao');
insert into Pais (idPais, nome) values (54, 'Christmas Island');
insert into Pais (idPais, nome) values (55, 'Cyprus');
insert into Pais (idPais, nome) values (56, 'Czech Republic');
insert into Pais (idPais, nome) values (57, 'Germany');
insert into Pais (idPais, nome) values (58, 'Djibouti');
insert into Pais (idPais, nome) values (59, 'Denmark');
insert into Pais (idPais, nome) values (60, 'Dominica');
insert into Pais (idPais, nome) values (61, 'Dominican Republic');
insert into Pais (idPais, nome) values (62, 'Algeria');
insert into Pais (idPais, nome) values (63, 'Ecuador');
insert into Pais (idPais, nome) values (64, 'Estonia');
insert into Pais (idPais, nome) values (65, 'Egypt');
insert into Pais (idPais, nome) values (66, 'Western Sahara');
insert into Pais (idPais, nome) values (67, 'Eritrea');
insert into Pais (idPais, nome) values (68, 'Spain');
insert into Pais (idPais, nome) values (69, 'Ethiopia');
insert into Pais (idPais, nome) values (70, 'Finland');
insert into Pais (idPais, nome) values (71, 'Fiji');
insert into Pais (idPais, nome) values (72, 'Falkland Islands');
insert into Pais (idPais, nome) values (73, 'Federated States of Micronesia');
insert into Pais (idPais, nome) values (74, 'Faroe Islands');
insert into Pais (idPais, nome) values (75, 'France');
insert into Pais (idPais, nome) values (76, 'Gabon');
insert into Pais (idPais, nome) values (77, 'United Kingdom');
insert into Pais (idPais, nome) values (78, 'Grenada');
insert into Pais (idPais, nome) values (79, 'Georgia');
insert into Pais (idPais, nome) values (80, 'French Guiana');
insert into Pais (idPais, nome) values (81, 'Guernsey');
insert into Pais (idPais, nome) values (82, 'Ghana');
insert into Pais (idPais, nome) values (83, 'Gibraltar');
insert into Pais (idPais, nome) values (84, 'Greenland');
insert into Pais (idPais, nome) values (85, 'Gambia');
insert into Pais (idPais, nome) values (86, 'Guinea');
insert into Pais (idPais, nome) values (87, 'Guadeloupe');
insert into Pais (idPais, nome) values (88, 'Equatorial Guinea');
insert into Pais (idPais, nome) values (89, 'Greece');
insert into Pais (idPais, nome) values (90, 'South Georgia and the South Sandwich Islands');
insert into Pais (idPais, nome) values (91, 'Guatemala');
insert into Pais (idPais, nome) values (92, 'Guam');
insert into Pais (idPais, nome) values (93, 'Guinea-Bissau');
insert into Pais (idPais, nome) values (94, 'Guyana');
insert into Pais (idPais, nome) values (95, 'Hong Kong');
insert into Pais (idPais, nome) values (96, 'Heard and McDonald Islands');
insert into Pais (idPais, nome) values (97, 'Honduras');
insert into Pais (idPais, nome) values (98, 'Croatia');
insert into Pais (idPais, nome) values (99, 'Haiti');
insert into Pais (idPais, nome) values (100, 'Hungary');
insert into Pais (idPais, nome) values (101, 'Indonesia');
insert into Pais (idPais, nome) values (102, 'Ireland');
insert into Pais (idPais, nome) values (103, 'Israel');
insert into Pais (idPais, nome) values (104, 'Isle of Man');
insert into Pais (idPais, nome) values (105, 'India');
insert into Pais (idPais, nome) values (106, 'British Indian Ocean Territory');
insert into Pais (idPais, nome) values (107, 'Iraq');
insert into Pais (idPais, nome) values (108, 'Iran');
insert into Pais (idPais, nome) values (109, 'Iceland');
insert into Pais (idPais, nome) values (110, 'Italy');
insert into Pais (idPais, nome) values (111, 'Jersey');
insert into Pais (idPais, nome) values (112, 'Jamaica');
insert into Pais (idPais, nome) values (113, 'Jordan');
insert into Pais (idPais, nome) values (114, 'Japan');
insert into Pais (idPais, nome) values (115, 'Kenya');
insert into Pais (idPais, nome) values (116, 'Kyrgyzstan');
insert into Pais (idPais, nome) values (117, 'Cambodia');
insert into Pais (idPais, nome) values (118, 'Kiribati');
insert into Pais (idPais, nome) values (119, 'Comoros');
insert into Pais (idPais, nome) values (120, 'Saint Kitts and Nevis');
insert into Pais (idPais, nome) values (121, 'North Korea');
insert into Pais (idPais, nome) values (122, 'South Korea');
insert into Pais (idPais, nome) values (123, 'Kuwait');
insert into Pais (idPais, nome) values (124, 'Cayman Islands');
insert into Pais (idPais, nome) values (125, 'Kazakhstan');
insert into Pais (idPais, nome) values (126, 'Lao People''s Democratic Republic');
insert into Pais (idPais, nome) values (127, 'Lebanon');
insert into Pais (idPais, nome) values (128, 'Saint Lucia');
insert into Pais (idPais, nome) values (129, 'Liechtenstein');
insert into Pais (idPais, nome) values (130, 'Sri Lanka');
insert into Pais (idPais, nome) values (131, 'Liberia');
insert into Pais (idPais, nome) values (132, 'Lesotho');
insert into Pais (idPais, nome) values (133, 'Lithuania');
insert into Pais (idPais, nome) values (134, 'Luxembourg');
insert into Pais (idPais, nome) values (135, 'Latvia');
insert into Pais (idPais, nome) values (136, 'Libya');
insert into Pais (idPais, nome) values (137, 'Morocco');
insert into Pais (idPais, nome) values (138, 'Monaco');
insert into Pais (idPais, nome) values (139, 'Moldova');
insert into Pais (idPais, nome) values (140, 'Montenegro');
insert into Pais (idPais, nome) values (141, 'Saint-Martin (France)');
insert into Pais (idPais, nome) values (142, 'Madagascar');
insert into Pais (idPais, nome) values (143, 'Marshall Islands');
insert into Pais (idPais, nome) values (144, 'Macedonia');
insert into Pais (idPais, nome) values (145, 'Mali');
insert into Pais (idPais, nome) values (146, 'Myanmar');
insert into Pais (idPais, nome) values (147, 'Mongolia');
insert into Pais (idPais, nome) values (148, 'Macau');
insert into Pais (idPais, nome) values (149, 'Northern Mariana Islands');
insert into Pais (idPais, nome) values (150, 'Martinique');
insert into Pais (idPais, nome) values (151, 'Mauritania');
insert into Pais (idPais, nome) values (152, 'Montserrat');
insert into Pais (idPais, nome) values (153, 'Malta');
insert into Pais (idPais, nome) values (154, 'Mauritius');
insert into Pais (idPais, nome) values (155, 'Maldives');
insert into Pais (idPais, nome) values (156, 'Malawi');
insert into Pais (idPais, nome) values (157, 'Mexico');
insert into Pais (idPais, nome) values (158, 'Malaysia');
insert into Pais (idPais, nome) values (159, 'Mozambique');
insert into Pais (idPais, nome) values (160, 'Namibia');
insert into Pais (idPais, nome) values (161, 'New Caledonia');
insert into Pais (idPais, nome) values (162, 'Niger');
insert into Pais (idPais, nome) values (163, 'Norfolk Island');
insert into Pais (idPais, nome) values (164, 'Nigeria');
insert into Pais (idPais, nome) values (165, 'Nicaragua');
insert into Pais (idPais, nome) values (166, 'The Netherlands');
insert into Pais (idPais, nome) values (167, 'Norway');
insert into Pais (idPais, nome) values (168, 'Nepal');
insert into Pais (idPais, nome) values (169, 'Nauru');
insert into Pais (idPais, nome) values (170, 'Niue');
insert into Pais (idPais, nome) values (171, 'New Zealand');
insert into Pais (idPais, nome) values (172, 'Oman');
insert into Pais (idPais, nome) values (173, 'Panama');
insert into Pais (idPais, nome) values (174, 'Peru');
insert into Pais (idPais, nome) values (175, 'French Polynesia');
insert into Pais (idPais, nome) values (176, 'Papua New Guinea');
insert into Pais (idPais, nome) values (177, 'Philippines');
insert into Pais (idPais, nome) values (178, 'Pakistan');
insert into Pais (idPais, nome) values (179, 'Poland');
insert into Pais (idPais, nome) values (180, 'St. Pierre and Miquelon');
insert into Pais (idPais, nome) values (181, 'Pitcairn');
insert into Pais (idPais, nome) values (182, 'Puerto Rico');
insert into Pais (idPais, nome) values (183, 'State of Palestine');
insert into Pais (idPais, nome) values (184, 'Portugal');
insert into Pais (idPais, nome) values (185, 'Palau');
insert into Pais (idPais, nome) values (186, 'Paraguay');
insert into Pais (idPais, nome) values (187, 'Qatar');
insert into Pais (idPais, nome) values (188, 'Réunion');
insert into Pais (idPais, nome) values (189, 'Romania');
insert into Pais (idPais, nome) values (190, 'Serbia');
insert into Pais (idPais, nome) values (191, 'Russian Federation');
insert into Pais (idPais, nome) values (192, 'Rwanda');
insert into Pais (idPais, nome) values (193, 'Saudi Arabia');
insert into Pais (idPais, nome) values (194, 'Solomon Islands');
insert into Pais (idPais, nome) values (195, 'Seychelles');
insert into Pais (idPais, nome) values (196, 'Sudan');
insert into Pais (idPais, nome) values (197, 'Sweden');
insert into Pais (idPais, nome) values (198, 'Singapore');
insert into Pais (idPais, nome) values (199, 'Saint Helena');
insert into Pais (idPais, nome) values (200, 'Slovenia');
insert into Pais (idPais, nome) values (201, 'Svalbard and Jan Mayen Islands');
insert into Pais (idPais, nome) values (202, 'Slovakia');
insert into Pais (idPais, nome) values (203, 'Sierra Leone');
insert into Pais (idPais, nome) values (204, 'San Marino');
insert into Pais (idPais, nome) values (205, 'Senegal');
insert into Pais (idPais, nome) values (206, 'Somalia');
insert into Pais (idPais, nome) values (207, 'Suriname');
insert into Pais (idPais, nome) values (208, 'South Sudan');
insert into Pais (idPais, nome) values (209, 'Sao Tome and Principe');
insert into Pais (idPais, nome) values (210, 'El Salvador');
insert into Pais (idPais, nome) values (211, 'Sint Maarten');
insert into Pais (idPais, nome) values (212, 'Syria');
insert into Pais (idPais, nome) values (213, 'Swaziland');
insert into Pais (idPais, nome) values (214, 'Turks and Caicos Islands');
insert into Pais (idPais, nome) values (215, 'Chad');
insert into Pais (idPais, nome) values (216, 'French Southern Territories');
insert into Pais (idPais, nome) values (217, 'Togo');
insert into Pais (idPais, nome) values (218, 'Thailand');
insert into Pais (idPais, nome) values (219, 'Tajikistan');
insert into Pais (idPais, nome) values (220, 'Tokelau');
insert into Pais (idPais, nome) values (221, 'Timor-Leste');
insert into Pais (idPais, nome) values (222, 'Turkmenistan');
insert into Pais (idPais, nome) values (223, 'Tunisia');
insert into Pais (idPais, nome) values (224, 'Tonga');
insert into Pais (idPais, nome) values (225, 'Turkey');
insert into Pais (idPais, nome) values (226, 'TrinidPaisad and Tobago');
insert into Pais (idPais, nome) values (227, 'Tuvalu');
insert into Pais (idPais, nome) values (228, 'Taiwan');
insert into Pais (idPais, nome) values (229, 'Tanzania');
insert into Pais (idPais, nome) values (230, 'Ukraine');
insert into Pais (idPais, nome) values (231, 'Uganda');
insert into Pais (idPais, nome) values (232, 'United States Minor Outlying Islands');
insert into Pais (idPais, nome) values (233, 'United States');
insert into Pais (idPais, nome) values (234, 'Uruguay');
insert into Pais (idPais, nome) values (235, 'Uzbekistan');
insert into Pais (idPais, nome) values (236, 'Vatican');
insert into Pais (idPais, nome) values (237, 'Saint Vincent and the Grenadines');
insert into Pais (idPais, nome) values (238, 'Venezuela');
insert into Pais (idPais, nome) values (239, 'Virgin Islands (British)');
insert into Pais (idPais, nome) values (240, 'Virgin Islands (U.S.)');
insert into Pais (idPais, nome) values (241, 'Vietnam');
insert into Pais (idPais, nome) values (242, 'Vanuatu');
insert into Pais (idPais, nome) values (243, 'Wallis and Futuna Islands');
insert into Pais (idPais, nome) values (244, 'Samoa');
insert into Pais (idPais, nome) values (245, 'Yemen');
insert into Pais (idPais, nome) values (246, 'Mayotte');
insert into Pais (idPais, nome) values (247, 'South Africa');
insert into Pais (idPais, nome) values (248, 'Zambia');
insert into Pais (idPais, nome) values (249, 'Zimbabwe');


--Cidade
INSERT INTO Cidade (idCidade, nome, idPais) VALUES (1,'Asunción',186);
INSERT INTO Cidade (idCidade, nome, idPais) VALUES (2,'Dunajská Streda',202);
INSERT INTO Cidade (idCidade, nome, idPais) VALUES (3,'Žilina',202);
INSERT INTO Cidade (idCidade, nome, idPais) VALUES (4,'Bratislava',202);
INSERT INTO Cidade (idCidade, nome, idPais) VALUES (5,'Snina',202);
INSERT INTO Cidade (idCidade, nome, idPais) VALUES (6,'Seoul',122);
INSERT INTO Cidade (idCidade, nome, idPais) VALUES (7,'Chungju',122);
INSERT INTO Cidade (idCidade, nome, idPais) VALUES (8,'Unknown',122);
INSERT INTO Cidade (idCidade, nome, idPais) VALUES (9,'Jeju',122);
INSERT INTO Cidade (idCidade, nome, idPais) VALUES (10,'Conakry',86);
INSERT INTO Cidade (idCidade, nome, idPais) VALUES (11,'Diez',57);
INSERT INTO Cidade (idCidade, nome, idPais) VALUES (12,'Ludwigshafen am Rhein',57);
INSERT INTO Cidade (idCidade, nome, idPais) VALUES (13,'Kiel',57);
INSERT INTO Cidade (idCidade, nome, idPais) VALUES (14,'Coburg',57);
INSERT INTO Cidade (idCidade, nome, idPais) VALUES (15,'Freiberg',57);
INSERT INTO Cidade (idCidade, nome, idPais) VALUES (16,'Breisach',57);
INSERT INTO Cidade (idCidade, nome, idPais) VALUES (17,'Höxter',57);
INSERT INTO Cidade (idCidade, nome, idPais) VALUES (18,'Neustadt an der Aisch',57);
INSERT INTO Cidade (idCidade, nome, idPais) VALUES (19,'Laatzen',57);
INSERT INTO Cidade (idCidade, nome, idPais) VALUES (20,'Velbert',57);
INSERT INTO Cidade (idCidade, nome, idPais) VALUES (21,'Göttingen',57);
INSERT INTO Cidade (idCidade, nome, idPais) VALUES (22,'Würselen',57);
INSERT INTO Cidade (idCidade, nome, idPais) VALUES (23,'Rosenheim',57);
INSERT INTO Cidade (idCidade, nome, idPais) VALUES (24,'Ravensburg',57);
INSERT INTO Cidade (idCidade, nome, idPais) VALUES (25,'Troisdorf',57);
INSERT INTO Cidade (idCidade, nome, idPais) VALUES (26,'Solingen',57);
INSERT INTO Cidade (idCidade, nome, idPais) VALUES (27,'Bingen',57);
INSERT INTO Cidade (idCidade, nome, idPais) VALUES (28,'Landshut',57);
INSERT INTO Cidade (idCidade, nome, idPais) VALUES (29,'Lich',57);
INSERT INTO Cidade (idCidade, nome, idPais) VALUES (30,'Villingen-Schwenningen',57);
INSERT INTO Cidade (idCidade, nome, idPais) VALUES (31,'Erkelenz',57);
INSERT INTO Cidade (idCidade, nome, idPais) VALUES (32,'Filderstadt',57);
INSERT INTO Cidade (idCidade, nome, idPais) VALUES (33,'Stuttgart',57);
INSERT INTO Cidade (idCidade, nome, idPais) VALUES (34,'Weilheim',57);
INSERT INTO Cidade (idCidade, nome, idPais) VALUES (35,'Sinsheim',57);
INSERT INTO Cidade (idCidade, nome, idPais) VALUES (36,'Riesa',57);
INSERT INTO Cidade (idCidade, nome, idPais) VALUES (37,'Reinbek',57);
INSERT INTO Cidade (idCidade, nome, idPais) VALUES (38,'Dorsten',57);
INSERT INTO Cidade (idCidade, nome, idPais) VALUES (39,'Paderborn',57);
INSERT INTO Cidade (idCidade, nome, idPais) VALUES (40,'Dachau',57);
INSERT INTO Cidade (idCidade, nome, idPais) VALUES (41,'Bietigheim-Bissingen',57);
INSERT INTO Cidade (idCidade, nome, idPais) VALUES (42,'Weyhe',57);
INSERT INTO Cidade (idCidade, nome, idPais) VALUES (43,'Bochum',57);
INSERT INTO Cidade (idCidade, nome, idPais) VALUES (44,'Rottweil',57);
INSERT INTO Cidade (idCidade, nome, idPais) VALUES (45,'Hamm',57);
INSERT INTO Cidade (idCidade, nome, idPais) VALUES (46,'Wolfsburg',57);
INSERT INTO Cidade (idCidade, nome, idPais) VALUES (47,'Recklinghausen',57);
INSERT INTO Cidade (idCidade, nome, idPais) VALUES (48,'Erfurt',57);
INSERT INTO Cidade (idCidade, nome, idPais) VALUES (49,'Heppenheim',57);
INSERT INTO Cidade (idCidade, nome, idPais) VALUES (50,'Karlsruhe',57);
INSERT INTO Cidade (idCidade, nome, idPais) VALUES (51,'Mönchengladbach',57);
INSERT INTO Cidade (idCidade, nome, idPais) VALUES (52,'Darmstadt',57);
INSERT INTO Cidade (idCidade, nome, idPais) VALUES (53,'Trier',57);
INSERT INTO Cidade (idCidade, nome, idPais) VALUES (54,'Friedrichshafen',57);
INSERT INTO Cidade (idCidade, nome, idPais) VALUES (55,'Hanau',57);
INSERT INTO Cidade (idCidade, nome, idPais) VALUES (56,'Jülich',57);
INSERT INTO Cidade (idCidade, nome, idPais) VALUES (57,'Bremen',57);
INSERT INTO Cidade (idCidade, nome, idPais) VALUES (58,'Frankfurt am Main',57);
INSERT INTO Cidade (idCidade, nome, idPais) VALUES (59,'Schleswig',57);
INSERT INTO Cidade (idCidade, nome, idPais) VALUES (60,'Lahr',57);
INSERT INTO Cidade (idCidade, nome, idPais) VALUES (61,'Herford',57);
INSERT INTO Cidade (idCidade, nome, idPais) VALUES (62,'Düsseldorf',57);
INSERT INTO Cidade (idCidade, nome, idPais) VALUES (63,'Frechen',57);
INSERT INTO Cidade (idCidade, nome, idPais) VALUES (64,'Pirmasens',57);
INSERT INTO Cidade (idCidade, nome, idPais) VALUES (65,'Sulingen',57);
INSERT INTO Cidade (idCidade, nome, idPais) VALUES (66,'Neuss',57);
INSERT INTO Cidade (idCidade, nome, idPais) VALUES (67,'Landsberg am Lech',57);
INSERT INTO Cidade (idCidade, nome, idPais) VALUES (68,'Kirchen',57);
INSERT INTO Cidade (idCidade, nome, idPais) VALUES (69,'Frankenthal',57);
INSERT INTO Cidade (idCidade, nome, idPais) VALUES (70,'Hörstel',57);
INSERT INTO Cidade (idCidade, nome, idPais) VALUES (71,'Lohr am Main',57);
INSERT INTO Cidade (idCidade, nome, idPais) VALUES (72,'Goslar',57);
INSERT INTO Cidade (idCidade, nome, idPais) VALUES (73,'Wuppertal',57);
INSERT INTO Cidade (idCidade, nome, idPais) VALUES (74,'Nürtingen',57);
INSERT INTO Cidade (idCidade, nome, idPais) VALUES (75,'Rögling',57);
INSERT INTO Cidade (idCidade, nome, idPais) VALUES (76,'München',57);
INSERT INTO Cidade (idCidade, nome, idPais) VALUES (77,'Heidelberg',57);
INSERT INTO Cidade (idCidade, nome, idPais) VALUES (78,'Mülheim an der Ruhr',57);
INSERT INTO Cidade (idCidade, nome, idPais) VALUES (79,'Oranienburg',57);
INSERT INTO Cidade (idCidade, nome, idPais) VALUES (80,'Gladbeck',57);
INSERT INTO Cidade (idCidade, nome, idPais) VALUES (81,'Werdohl',57);
INSERT INTO Cidade (idCidade, nome, idPais) VALUES (82,'Leverkusen',57);
INSERT INTO Cidade (idCidade, nome, idPais) VALUES (83,'Weil am Rhein',57);
INSERT INTO Cidade (idCidade, nome, idPais) VALUES (84,'Tönisvorst',57);
INSERT INTO Cidade (idCidade, nome, idPais) VALUES (85,'Worms',57);
INSERT INTO Cidade (idCidade, nome, idPais) VALUES (86,'Mannheim',57);
INSERT INTO Cidade (idCidade, nome, idPais) VALUES (87,'Gelsenkirchen',57);
INSERT INTO Cidade (idCidade, nome, idPais) VALUES (88,'Neustadt an der Weinstraße',57);
INSERT INTO Cidade (idCidade, nome, idPais) VALUES (89,'Essen',57);
INSERT INTO Cidade (idCidade, nome, idPais) VALUES (90,'Wiesbaden',57);
INSERT INTO Cidade (idCidade, nome, idPais) VALUES (91,'Haltern',57);
INSERT INTO Cidade (idCidade, nome, idPais) VALUES (92,'Castrop-Rauxel',57);
INSERT INTO Cidade (idCidade, nome, idPais) VALUES (93,'Forchheim',57);
INSERT INTO Cidade (idCidade, nome, idPais) VALUES (94,'Zeven',57);
INSERT INTO Cidade (idCidade, nome, idPais) VALUES (95,'Magdeburg',57);
INSERT INTO Cidade (idCidade, nome, idPais) VALUES (96,'Siegen',57);
INSERT INTO Cidade (idCidade, nome, idPais) VALUES (97,'Seeheim-Jugenheim',57);
INSERT INTO Cidade (idCidade, nome, idPais) VALUES (98,'Augsburg',57);
INSERT INTO Cidade (idCidade, nome, idPais) VALUES (99,'Lüdenscheid',57);
INSERT INTO Cidade (idCidade, nome, idPais) VALUES (100,'Schorndorf',57);
INSERT INTO Cidade (idCidade, nome, idPais) VALUES (101,'Düren',57);
INSERT INTO Cidade (idCidade, nome, idPais) VALUES (102,'Kaiserslautern',57);
INSERT INTO Cidade (idCidade, nome, idPais) VALUES (103,'Überlingen',57);
INSERT INTO Cidade (idCidade, nome, idPais) VALUES (104,'Wadern',57);
INSERT INTO Cidade (idCidade, nome, idPais) VALUES (105,'Lichtenfels',57);
INSERT INTO Cidade (idCidade, nome, idPais) VALUES (106,'Bad Oldesloe',57);
INSERT INTO Cidade (idCidade, nome, idPais) VALUES (107,'Unknown',57);
INSERT INTO Cidade (idCidade, nome, idPais) VALUES (108,'Wangen im Allgäu',57);
INSERT INTO Cidade (idCidade, nome, idPais) VALUES (109,'Memmingen',57);
INSERT INTO Cidade (idCidade, nome, idPais) VALUES (110,'Bergisch Gladbach',57);
INSERT INTO Cidade (idCidade, nome, idPais) VALUES (111,'Freiburg im Breisgau',57);
INSERT INTO Cidade (idCidade, nome, idPais) VALUES (112,'Otterndorf',57);
INSERT INTO Cidade (idCidade, nome, idPais) VALUES (113,'Oberviechtach',57);
INSERT INTO Cidade (idCidade, nome, idPais) VALUES (114,'Weißenburg',57);
INSERT INTO Cidade (idCidade, nome, idPais) VALUES (115,'Frankfurt',57);
INSERT INTO Cidade (idCidade, nome, idPais) VALUES (116,'Oberhausen',57);
INSERT INTO Cidade (idCidade, nome, idPais) VALUES (117,'Herten',57);
INSERT INTO Cidade (idCidade, nome, idPais) VALUES (118,'Euskirchen',57);
INSERT INTO Cidade (idCidade, nome, idPais) VALUES (119,'Bottrop',57);
INSERT INTO Cidade (idCidade, nome, idPais) VALUES (120,'Backnang',57);
INSERT INTO Cidade (idCidade, nome, idPais) VALUES (121,'Saarbrücken',57);
INSERT INTO Cidade (idCidade, nome, idPais) VALUES (122,'Tübingen',57);
INSERT INTO Cidade (idCidade, nome, idPais) VALUES (123,'Unna',57);
INSERT INTO Cidade (idCidade, nome, idPais) VALUES (124,'Karlstadt',57);
INSERT INTO Cidade (idCidade, nome, idPais) VALUES (125,'Ehringshausen',57);
INSERT INTO Cidade (idCidade, nome, idPais) VALUES (126,'Leipzig',57);
INSERT INTO Cidade (idCidade, nome, idPais) VALUES (127,'Lübeck',57);
INSERT INTO Cidade (idCidade, nome, idPais) VALUES (128,'Chemnitz',57);
INSERT INTO Cidade (idCidade, nome, idPais) VALUES (129,'Köln',57);
INSERT INTO Cidade (idCidade, nome, idPais) VALUES (130,'Geislingen',57);
INSERT INTO Cidade (idCidade, nome, idPais) VALUES (131,'Krumbach',57);
INSERT INTO Cidade (idCidade, nome, idPais) VALUES (132,'Bad Aibling',57);
INSERT INTO Cidade (idCidade, nome, idPais) VALUES (133,'Scheßlitz',57);
INSERT INTO Cidade (idCidade, nome, idPais) VALUES (134,'Viersen',57);
INSERT INTO Cidade (idCidade, nome, idPais) VALUES (135,'Thedinghausen',57);
INSERT INTO Cidade (idCidade, nome, idPais) VALUES (136,'Straubing',57);
INSERT INTO Cidade (idCidade, nome, idPais) VALUES (137,'Königstein',57);
INSERT INTO Cidade (idCidade, nome, idPais) VALUES (138,'Riedlingen',57);
INSERT INTO Cidade (idCidade, nome, idPais) VALUES (139,'Reutlingen',57);
INSERT INTO Cidade (idCidade, nome, idPais) VALUES (140,'Dortmund',57);
INSERT INTO Cidade (idCidade, nome, idPais) VALUES (141,'Bünde',57);
INSERT INTO Cidade (idCidade, nome, idPais) VALUES (142,'Braunschweig',57);
INSERT INTO Cidade (idCidade, nome, idPais) VALUES (143,'Marktoberdorf',57);
INSERT INTO Cidade (idCidade, nome, idPais) VALUES (144,'Hannover',57);
INSERT INTO Cidade (idCidade, nome, idPais) VALUES (145,'Wertheim',57);
INSERT INTO Cidade (idCidade, nome, idPais) VALUES (146,'Ludwigshafen',57);
INSERT INTO Cidade (idCidade, nome, idPais) VALUES (147,'Herdecke',57);
INSERT INTO Cidade (idCidade, nome, idPais) VALUES (148,'Villingen',57);
INSERT INTO Cidade (idCidade, nome, idPais) VALUES (149,'Pforzheim',57);
INSERT INTO Cidade (idCidade, nome, idPais) VALUES (150,'Freiburg',57);
INSERT INTO Cidade (idCidade, nome, idPais) VALUES (151,'Mosbach',57);
INSERT INTO Cidade (idCidade, nome, idPais) VALUES (152,'Bonn',57);
INSERT INTO Cidade (idCidade, nome, idPais) VALUES (153,'Waltrop',57);
INSERT INTO Cidade (idCidade, nome, idPais) VALUES (154,'Wernigerode',57);
INSERT INTO Cidade (idCidade, nome, idPais) VALUES (155,'Witten',57);
INSERT INTO Cidade (idCidade, nome, idPais) VALUES (156,'Erding',57);
INSERT INTO Cidade (idCidade, nome, idPais) VALUES (157,'Ebersberg',57);
INSERT INTO Cidade (idCidade, nome, idPais) VALUES (158,'Ludwigsburg',57);
INSERT INTO Cidade (idCidade, nome, idPais) VALUES (159,'Gießen',57);
INSERT INTO Cidade (idCidade, nome, idPais) VALUES (160,'Bad Dürkheim',57);
INSERT INTO Cidade (idCidade, nome, idPais) VALUES (161,'Aystetten',57);
INSERT INTO Cidade (idCidade, nome, idPais) VALUES (162,'Saarlouis',57);
INSERT INTO Cidade (idCidade, nome, idPais) VALUES (163,'Schweinfurt',57);
INSERT INTO Cidade (idCidade, nome, idPais) VALUES (164,'Freital',57);
INSERT INTO Cidade (idCidade, nome, idPais) VALUES (165,'Speyer',57);
INSERT INTO Cidade (idCidade, nome, idPais) VALUES (166,'Hamburg',57);
INSERT INTO Cidade (idCidade, nome, idPais) VALUES (167,'Berlin',57);
INSERT INTO Cidade (idCidade, nome, idPais) VALUES (168,'Osnabrück',57);
INSERT INTO Cidade (idCidade, nome, idPais) VALUES (169,'Hoyerswerda',57);
INSERT INTO Cidade (idCidade, nome, idPais) VALUES (170,'Flensburg',57);
INSERT INTO Cidade (idCidade, nome, idPais) VALUES (171,'Ingolstadt',57);
INSERT INTO Cidade (idCidade, nome, idPais) VALUES (172,'Ulm',57);
INSERT INTO Cidade (idCidade, nome, idPais) VALUES (173,'Kassel',57);
INSERT INTO Cidade (idCidade, nome, idPais) VALUES (174,'Buchholz',57);
INSERT INTO Cidade (idCidade, nome, idPais) VALUES (175,'Cham',57);
INSERT INTO Cidade (idCidade, nome, idPais) VALUES (176,'Mutlangen',57);
INSERT INTO Cidade (idCidade, nome, idPais) VALUES (177,'Mainz',57);
INSERT INTO Cidade (idCidade, nome, idPais) VALUES (178,'Andernach',57);
INSERT INTO Cidade (idCidade, nome, idPais) VALUES (179,'İzmir',225);
INSERT INTO Cidade (idCidade, nome, idPais) VALUES (180,'Gunjur',85);
INSERT INTO Cidade (idCidade, nome, idPais) VALUES (181,'Ginak Kajata',85);
INSERT INTO Cidade (idCidade, nome, idPais) VALUES (182,'Dakar',205);
INSERT INTO Cidade (idCidade, nome, idPais) VALUES (183,'Chabas',10);
INSERT INTO Cidade (idCidade, nome, idPais) VALUES (184,'Mendoza',10);
INSERT INTO Cidade (idCidade, nome, idPais) VALUES (185,'Buenos Aires',10);
INSERT INTO Cidade (idCidade, nome, idPais) VALUES (186,'Rosario',10);
INSERT INTO Cidade (idCidade, nome, idPais) VALUES (187,'La Plata',10);
INSERT INTO Cidade (idCidade, nome, idPais) VALUES (188,'Kalamata',89);
INSERT INTO Cidade (idCidade, nome, idPais) VALUES (189,'Thessaloniki',89);
INSERT INTO Cidade (idCidade, nome, idPais) VALUES (190,'Katerini',89);
INSERT INTO Cidade (idCidade, nome, idPais) VALUES (191,'Guadalajara',157);
INSERT INTO Cidade (idCidade, nome, idPais) VALUES (192,'Sokolov',56);
INSERT INTO Cidade (idCidade, nome, idPais) VALUES (193,'Třebíč',56);
INSERT INTO Cidade (idCidade, nome, idPais) VALUES (194,'Počátky',56);
INSERT INTO Cidade (idCidade, nome, idPais) VALUES (195,'Praha',56);
INSERT INTO Cidade (idCidade, nome, idPais) VALUES (196,'Melton Mowbray',77);
INSERT INTO Cidade (idCidade, nome, idPais) VALUES (197,'London',77);
INSERT INTO Cidade (idCidade, nome, idPais) VALUES (198,'Jisr az-Zarqa',103);
INSERT INTO Cidade (idCidade, nome, idPais) VALUES (199,'Beer Sheva',103);
INSERT INTO Cidade (idCidade, nome, idPais) VALUES (200,'Sundsvall',197);
INSERT INTO Cidade (idCidade, nome, idPais) VALUES (201,'Stockholm',197);
INSERT INTO Cidade (idCidade, nome, idPais) VALUES (202,'Skövde',197);
INSERT INTO Cidade (idCidade, nome, idPais) VALUES (203,'Budapest',100);
INSERT INTO Cidade (idCidade, nome, idPais) VALUES (204,'Pecs',100);
INSERT INTO Cidade (idCidade, nome, idPais) VALUES (205,'Brussels',20);
INSERT INTO Cidade (idCidade, nome, idPais) VALUES (206,'Bonheiden',20);
INSERT INTO Cidade (idCidade, nome, idPais) VALUES (207,'La Louvière',20);
INSERT INTO Cidade (idCidade, nome, idPais) VALUES (208,'Drempt',166);
INSERT INTO Cidade (idCidade, nome, idPais) VALUES (209,'Amsterdam',166);
INSERT INTO Cidade (idCidade, nome, idPais) VALUES (210,'Rotterdam',166);
INSERT INTO Cidade (idCidade, nome, idPais) VALUES (211,'Utrecht',166);
INSERT INTO Cidade (idCidade, nome, idPais) VALUES (212,'Kronenberg',166);
INSERT INTO Cidade (idCidade, nome, idPais) VALUES (213,'Heemskerk',166);
INSERT INTO Cidade (idCidade, nome, idPais) VALUES (214,'Bedum',166);
INSERT INTO Cidade (idCidade, nome, idPais) VALUES (215,'Turku',70);
INSERT INTO Cidade (idCidade, nome, idPais) VALUES (216,'Helsinki',70);
INSERT INTO Cidade (idCidade, nome, idPais) VALUES (217,'Gostivar',144);
INSERT INTO Cidade (idCidade, nome, idPais) VALUES (218,'Basel',43);
INSERT INTO Cidade (idCidade, nome, idPais) VALUES (219,'St. Gallen',43);
INSERT INTO Cidade (idCidade, nome, idPais) VALUES (220,'Kriens',43);
INSERT INTO Cidade (idCidade, nome, idPais) VALUES (221,'Freienbach',43);
INSERT INTO Cidade (idCidade, nome, idPais) VALUES (222,'Morges',43);
INSERT INTO Cidade (idCidade, nome, idPais) VALUES (223,'Sion',43);
INSERT INTO Cidade (idCidade, nome, idPais) VALUES (224,'Naters',43);
INSERT INTO Cidade (idCidade, nome, idPais) VALUES (225,'Brugg',43);
INSERT INTO Cidade (idCidade, nome, idPais) VALUES (226,'Hausen am Albis',43);
INSERT INTO Cidade (idCidade, nome, idPais) VALUES (227,'Genf',43);
INSERT INTO Cidade (idCidade, nome, idPais) VALUES (228,'Bischofszell',43);
INSERT INTO Cidade (idCidade, nome, idPais) VALUES (229,'Frauenfeld',43);
INSERT INTO Cidade (idCidade, nome, idPais) VALUES (230,'Langnau',43);
INSERT INTO Cidade (idCidade, nome, idPais) VALUES (231,'Wil',43);
INSERT INTO Cidade (idCidade, nome, idPais) VALUES (232,'Münsingen',43);
INSERT INTO Cidade (idCidade, nome, idPais) VALUES (233,'Wolhusen',43);
INSERT INTO Cidade (idCidade, nome, idPais) VALUES (234,'Ettiswil',43);
INSERT INTO Cidade (idCidade, nome, idPais) VALUES (235,'Zürich',43);
INSERT INTO Cidade (idCidade, nome, idPais) VALUES (236,'Winterthur',43);
INSERT INTO Cidade (idCidade, nome, idPais) VALUES (237,'Sursee',43);
INSERT INTO Cidade (idCidade, nome, idPais) VALUES (238,'Tamale',82);
INSERT INTO Cidade (idCidade, nome, idPais) VALUES (239,'Accra',82);
INSERT INTO Cidade (idCidade, nome, idPais) VALUES (240,'Santiago de Chile',46);
INSERT INTO Cidade (idCidade, nome, idPais) VALUES (241,'Istmina',49);
INSERT INTO Cidade (idCidade, nome, idPais) VALUES (242,'Feldkirchen',12);
INSERT INTO Cidade (idCidade, nome, idPais) VALUES (243,'Wien',12);
INSERT INTO Cidade (idCidade, nome, idPais) VALUES (244,'Hohenems',12);
INSERT INTO Cidade (idCidade, nome, idPais) VALUES (245,'Villach',12);
INSERT INTO Cidade (idCidade, nome, idPais) VALUES (246,'Graz',12);
INSERT INTO Cidade (idCidade, nome, idPais) VALUES (247,'Umhausen',12);
INSERT INTO Cidade (idCidade, nome, idPais) VALUES (248,'Judenburg',12);
INSERT INTO Cidade (idCidade, nome, idPais) VALUES (249,'Neunkirchen',12);
INSERT INTO Cidade (idCidade, nome, idPais) VALUES (250,'Salzburg',12);
INSERT INTO Cidade (idCidade, nome, idPais) VALUES (251,'Unknown',12);
INSERT INTO Cidade (idCidade, nome, idPais) VALUES (252,'Kitzbühel',12);
INSERT INTO Cidade (idCidade, nome, idPais) VALUES (253,'Hallein',12);
INSERT INTO Cidade (idCidade, nome, idPais) VALUES (254,'Linz',12);
INSERT INTO Cidade (idCidade, nome, idPais) VALUES (255,'Hollabrunn',12);
INSERT INTO Cidade (idCidade, nome, idPais) VALUES (256,'Otterup',59);
INSERT INTO Cidade (idCidade, nome, idPais) VALUES (257,'Kopenhagen',59);
INSERT INTO Cidade (idCidade, nome, idPais) VALUES (258,'København',59);
INSERT INTO Cidade (idCidade, nome, idPais) VALUES (259,'Brøndby',59);
INSERT INTO Cidade (idCidade, nome, idPais) VALUES (260,'Helsingør',59);
INSERT INTO Cidade (idCidade, nome, idPais) VALUES (261,'Frederiksberg',59);
INSERT INTO Cidade (idCidade, nome, idPais) VALUES (262,'Unknown',59);
INSERT INTO Cidade (idCidade, nome, idPais) VALUES (263,'Roskilde',59);
INSERT INTO Cidade (idCidade, nome, idPais) VALUES (264,'Lillerød',59);
INSERT INTO Cidade (idCidade, nome, idPais) VALUES (265,'Kolding',59);
INSERT INTO Cidade (idCidade, nome, idPais) VALUES (266,'Copenhagen',59);
INSERT INTO Cidade (idCidade, nome, idPais) VALUES (267,'Callao',174);
INSERT INTO Cidade (idCidade, nome, idPais) VALUES (268,'Roma',110);
INSERT INTO Cidade (idCidade, nome, idPais) VALUES (269,'San Pietro Vernotico',110);
INSERT INTO Cidade (idCidade, nome, idPais) VALUES (270,'Pietrasanta',110);
INSERT INTO Cidade (idCidade, nome, idPais) VALUES (271,'Reggiolo',110);
INSERT INTO Cidade (idCidade, nome, idPais) VALUES (272,'Desio',110);
INSERT INTO Cidade (idCidade, nome, idPais) VALUES (273,'Teheran',108);
INSERT INTO Cidade (idCidade, nome, idPais) VALUES (274,'Unknown',164);
INSERT INTO Cidade (idCidade, nome, idPais) VALUES (275,'Jos',164);
INSERT INTO Cidade (idCidade, nome, idPais) VALUES (276,'Oumé',44);
INSERT INTO Cidade (idCidade, nome, idPais) VALUES (277,'San-Pédro',44);
INSERT INTO Cidade (idCidade, nome, idPais) VALUES (278,'Abidjan',44);
INSERT INTO Cidade (idCidade, nome, idPais) VALUES (279,'Unknown',167);
INSERT INTO Cidade (idCidade, nome, idPais) VALUES (280,'Porsgrunn',167);
INSERT INTO Cidade (idCidade, nome, idPais) VALUES (281,'Kristiansund',167);
INSERT INTO Cidade (idCidade, nome, idPais) VALUES (282,'Trondheim',167);
INSERT INTO Cidade (idCidade, nome, idPais) VALUES (283,'Oslo',167);
INSERT INTO Cidade (idCidade, nome, idPais) VALUES (284,'Kragujevac',190);
INSERT INTO Cidade (idCidade, nome, idPais) VALUES (285,'Beograd',190);
INSERT INTO Cidade (idCidade, nome, idPais) VALUES (286,'Novi Sad',190);
INSERT INTO Cidade (idCidade, nome, idPais) VALUES (287,'Valjevo',190);
INSERT INTO Cidade (idCidade, nome, idPais) VALUES (288,'Loznica',190);
INSERT INTO Cidade (idCidade, nome, idPais) VALUES (289,'Daugavpils',135);
INSERT INTO Cidade (idCidade, nome, idPais) VALUES (290,'Zagreb',98);
INSERT INTO Cidade (idCidade, nome, idPais) VALUES (291,'Unknown',98);
INSERT INTO Cidade (idCidade, nome, idPais) VALUES (292,'Split',98);
INSERT INTO Cidade (idCidade, nome, idPais) VALUES (293,'Slavonski Brod',98);
INSERT INTO Cidade (idCidade, nome, idPais) VALUES (294,'Melbourne',13);
INSERT INTO Cidade (idCidade, nome, idPais) VALUES (295,'Tolosa',68);
INSERT INTO Cidade (idCidade, nome, idPais) VALUES (296,'Pamplona',68);
INSERT INTO Cidade (idCidade, nome, idPais) VALUES (297,'Barcelona',68);
INSERT INTO Cidade (idCidade, nome, idPais) VALUES (298,'Paterna',68);
INSERT INTO Cidade (idCidade, nome, idPais) VALUES (299,'Sant Jaume dels Domenys',68);
INSERT INTO Cidade (idCidade, nome, idPais) VALUES (300,'Estella',68);
INSERT INTO Cidade (idCidade, nome, idPais) VALUES (301,'Madrid',68);
INSERT INTO Cidade (idCidade, nome, idPais) VALUES (302,'Parla',68);
INSERT INTO Cidade (idCidade, nome, idPais) VALUES (303,'Cabezón de la Sal',68);
INSERT INTO Cidade (idCidade, nome, idPais) VALUES (304,'Villajoyosa',68);
INSERT INTO Cidade (idCidade, nome, idPais) VALUES (305,'Santa Cruz de Tenerife',68);
INSERT INTO Cidade (idCidade, nome, idPais) VALUES (306,'Liñola',68);
INSERT INTO Cidade (idCidade, nome, idPais) VALUES (307,'Zaragoza',68);
INSERT INTO Cidade (idCidade, nome, idPais) VALUES (308,'Paris',75);
INSERT INTO Cidade (idCidade, nome, idPais) VALUES (309,'Villeneuve-sur-Lot',75);
INSERT INTO Cidade (idCidade, nome, idPais) VALUES (310,'Épinal',75);
INSERT INTO Cidade (idCidade, nome, idPais) VALUES (311,'Arles',75);
INSERT INTO Cidade (idCidade, nome, idPais) VALUES (312,'Lille',75);
INSERT INTO Cidade (idCidade, nome, idPais) VALUES (313,'Arras',75);
INSERT INTO Cidade (idCidade, nome, idPais) VALUES (314,'Meaux',75);
INSERT INTO Cidade (idCidade, nome, idPais) VALUES (315,'Cannes',75);
INSERT INTO Cidade (idCidade, nome, idPais) VALUES (316,'Saint Louis',75);
INSERT INTO Cidade (idCidade, nome, idPais) VALUES (317,'Blanc-Mesnil',75);
INSERT INTO Cidade (idCidade, nome, idPais) VALUES (318,'Toulon',75);
INSERT INTO Cidade (idCidade, nome, idPais) VALUES (319,'Evreux',75);
INSERT INTO Cidade (idCidade, nome, idPais) VALUES (320,'Boulogne-sur-Mer',75);
INSERT INTO Cidade (idCidade, nome, idPais) VALUES (321,'Laval',75);
INSERT INTO Cidade (idCidade, nome, idPais) VALUES (322,'Marseille',75);
INSERT INTO Cidade (idCidade, nome, idPais) VALUES (323,'Villepinte',75);
INSERT INTO Cidade (idCidade, nome, idPais) VALUES (324,'Beauvais',75);
INSERT INTO Cidade (idCidade, nome, idPais) VALUES (325,'Vernon',75);
INSERT INTO Cidade (idCidade, nome, idPais) VALUES (326,'Talence',75);
INSERT INTO Cidade (idCidade, nome, idPais) VALUES (327,'Strasbourg',75);
INSERT INTO Cidade (idCidade, nome, idPais) VALUES (328,'Reykjavík',109);
INSERT INTO Cidade (idCidade, nome, idPais) VALUES (329,'Yaoundé',47);
INSERT INTO Cidade (idCidade, nome, idPais) VALUES (330,'Douala',47);
INSERT INTO Cidade (idCidade, nome, idPais) VALUES (331,'Hershey',233);
INSERT INTO Cidade (idCidade, nome, idPais) VALUES (332,'New York',233);
INSERT INTO Cidade (idCidade, nome, idPais) VALUES (333,'Los Angeles',233);
INSERT INTO Cidade (idCidade, nome, idPais) VALUES (334,'Unknown',233);
INSERT INTO Cidade (idCidade, nome, idPais) VALUES (335,'Honolulu',233);
INSERT INTO Cidade (idCidade, nome, idPais) VALUES (336,'Mobile',233);
INSERT INTO Cidade (idCidade, nome, idPais) VALUES (337,'Kingston',112);
INSERT INTO Cidade (idCidade, nome, idPais) VALUES (338,'Kozhevnikovo',191);
INSERT INTO Cidade (idCidade, nome, idPais) VALUES (339,'Guimarães',184);
INSERT INTO Cidade (idCidade, nome, idPais) VALUES (340,'Lisboa',184);
INSERT INTO Cidade (idCidade, nome, idPais) VALUES (341,'Kannami',114);
INSERT INTO Cidade (idCidade, nome, idPais) VALUES (342,'Fujieda',114);
INSERT INTO Cidade (idCidade, nome, idPais) VALUES (343,'Tokyo',114);
INSERT INTO Cidade (idCidade, nome, idPais) VALUES (344,'Saitama',114);
INSERT INTO Cidade (idCidade, nome, idPais) VALUES (345,'Kaseda',114);
INSERT INTO Cidade (idCidade, nome, idPais) VALUES (346,'Hyōgo',114);
INSERT INTO Cidade (idCidade, nome, idPais) VALUES (347,'Kyōto',114);
INSERT INTO Cidade (idCidade, nome, idPais) VALUES (348,'Guayaquil',63);
INSERT INTO Cidade (idCidade, nome, idPais) VALUES (349,'Zaporizhya',230);
INSERT INTO Cidade (idCidade, nome, idPais) VALUES (350,'Kirovohrad',230);
INSERT INTO Cidade (idCidade, nome, idPais) VALUES (351,'Mykolaiv',230);
INSERT INTO Cidade (idCidade, nome, idPais) VALUES (352,'Novovolyntsk',230);
INSERT INTO Cidade (idCidade, nome, idPais) VALUES (353,'Sokołów Podlaski',179);
INSERT INTO Cidade (idCidade, nome, idPais) VALUES (354,'Warszawa',179);
INSERT INTO Cidade (idCidade, nome, idPais) VALUES (355,'Sosnowiec',179);
INSERT INTO Cidade (idCidade, nome, idPais) VALUES (356,'Ozimek',179);
INSERT INTO Cidade (idCidade, nome, idPais) VALUES (357,'Truskolasy',179);
INSERT INTO Cidade (idCidade, nome, idPais) VALUES (358,'Czechowice-Dziedzice',179);
INSERT INTO Cidade (idCidade, nome, idPais) VALUES (359,'Olsztyn',179);
INSERT INTO Cidade (idCidade, nome, idPais) VALUES (360,'Montevideo',234);
INSERT INTO Cidade (idCidade, nome, idPais) VALUES (361,'Zvornik',17);
INSERT INTO Cidade (idCidade, nome, idPais) VALUES (362,'Banja Luka',17);
INSERT INTO Cidade (idCidade, nome, idPais) VALUES (363,'Vlasenica',17);
INSERT INTO Cidade (idCidade, nome, idPais) VALUES (364,'Jajce',17);
INSERT INTO Cidade (idCidade, nome, idPais) VALUES (365,'Belo Horizonte',31);
INSERT INTO Cidade (idCidade, nome, idPais) VALUES (366,'São Gonçalo',31);
INSERT INTO Cidade (idCidade, nome, idPais) VALUES (367,'Ibiúna',31);
INSERT INTO Cidade (idCidade, nome, idPais) VALUES (368,'Fortaleza',31);
INSERT INTO Cidade (idCidade, nome, idPais) VALUES (369,'Londrina',31);
INSERT INTO Cidade (idCidade, nome, idPais) VALUES (370,'João Pessoa',31);
INSERT INTO Cidade (idCidade, nome, idPais) VALUES (371,'Rio Claro',31);
INSERT INTO Cidade (idCidade, nome, idPais) VALUES (372,'São Paulo',31);
INSERT INTO Cidade (idCidade, nome, idPais) VALUES (373,'Salvador',31);
INSERT INTO Cidade (idCidade, nome, idPais) VALUES (374,'Araçatuba',31);
INSERT INTO Cidade (idCidade, nome, idPais) VALUES (375,'Sapucaia do Sul',31);
INSERT INTO Cidade (idCidade, nome, idPais) VALUES (376,'Pindamonhangaba',31);
INSERT INTO Cidade (idCidade, nome, idPais) VALUES (377,'Amouda',212);

--Pessoa
INSERT INTO Pessoa (idPessoa, nome, dataNascimento, altura, peso, idCidadeNasc) VALUES (1,'Manuel Neuer','1986-03-27',193,92,87);
INSERT INTO Pessoa (idPessoa, nome, dataNascimento, altura, peso, idCidadeNasc) VALUES (2,'Tom Starke','1981-03-18',194,98,164);
INSERT INTO Pessoa (idPessoa, nome, dataNascimento, altura, peso, idCidadeNasc) VALUES (3,'Sven Ulreich','1988-08-3',192,84,100);
INSERT INTO Pessoa (idPessoa, nome, dataNascimento, altura, peso, idCidadeNasc) VALUES (4,'Leo Weinkauf','1996-07-7',180,75,8);
INSERT INTO Pessoa (idPessoa, nome, dataNascimento, altura, peso, idCidadeNasc) VALUES (5,'Mats Hummels','1988-12-16',191,92,110);
INSERT INTO Pessoa (idPessoa, nome, dataNascimento, altura, peso, idCidadeNasc) VALUES (6,'Márcio Rafael Ferreira de Souza','1985-09-7',172,68,369);
INSERT INTO Pessoa (idPessoa, nome, dataNascimento, altura, peso, idCidadeNasc) VALUES (7,'Jérôme Boateng','1988-09-3',192,90,167);
INSERT INTO Pessoa (idPessoa, nome, dataNascimento, altura, peso, idCidadeNasc) VALUES (8,'Philipp Lahm','1983-11-11',170,66,76);
INSERT INTO Pessoa (idPessoa, nome, dataNascimento, altura, peso, idCidadeNasc) VALUES (9,'David Olatukunbo Alaba','1992-06-24',180,75,243);
INSERT INTO Pessoa (idPessoa, nome, dataNascimento, altura, peso, idCidadeNasc) VALUES (10,'Thiago Alcântara do Nascimento','1991-04-11',172,71,269);
INSERT INTO Pessoa (idPessoa, nome, dataNascimento, altura, peso, idCidadeNasc) VALUES (11,'Franck Bilal Ribéry','1983-04-7',170,72,320);
INSERT INTO Pessoa (idPessoa, nome, dataNascimento, altura, peso, idCidadeNasc) VALUES (12,'Javier Martínez Aginaga','1988-09-2',190,81,300);
INSERT INTO Pessoa (idPessoa, nome, dataNascimento, altura, peso, idCidadeNasc) VALUES (13,'Arjen Robben','1984-01-23',180,80,214);
INSERT INTO Pessoa (idPessoa, nome, dataNascimento, altura, peso, idCidadeNasc) VALUES (14,'Douglas Costa de Souza','1990-09-14',172,65,375);
INSERT INTO Pessoa (idPessoa, nome, dataNascimento, altura, peso, idCidadeNasc) VALUES (15,'Xabier Alonso Olano','1981-11-25',183,80,295);
INSERT INTO Pessoa (idPessoa, nome, dataNascimento, altura, peso, idCidadeNasc) VALUES (16,'Raphael Obermair','1996-04-1',180,75,8);
INSERT INTO Pessoa (idPessoa, nome, dataNascimento, altura, peso, idCidadeNasc) VALUES (17,'Juan Bernat Velasco','1993-03-1',170,67,298);
INSERT INTO Pessoa (idPessoa, nome, dataNascimento, altura, peso, idCidadeNasc) VALUES (18,'Arturo Erasmo Vidal Pardo','1987-05-22',180,75,240);
INSERT INTO Pessoa (idPessoa, nome, dataNascimento, altura, peso, idCidadeNasc) VALUES (19,'Niklas Dorsch','1998-01-15',180,75,105);
INSERT INTO Pessoa (idPessoa, nome, dataNascimento, altura, peso, idCidadeNasc) VALUES (20,'Joshua Kimmich','1995-02-8',176,70,44);
INSERT INTO Pessoa (idPessoa, nome, dataNascimento, altura, peso, idCidadeNasc) VALUES (21,'Renato Júnior Luz Sanches','1997-08-18',176,70,340);
INSERT INTO Pessoa (idPessoa, nome, dataNascimento, altura, peso, idCidadeNasc) VALUES (22,'Erdal Öztürk','1996-02-7',172,62,167);
INSERT INTO Pessoa (idPessoa, nome, dataNascimento, altura, peso, idCidadeNasc) VALUES (23,'Nicolas Feldhahn','1986-08-14',189,91,76);
INSERT INTO Pessoa (idPessoa, nome, dataNascimento, altura, peso, idCidadeNasc) VALUES (24,'Fabian Benko','1998-06-5',180,80,76);
INSERT INTO Pessoa (idPessoa, nome, dataNascimento, altura, peso, idCidadeNasc) VALUES (25,'Robert Lewandowski','1988-08-21',185,79,354);
INSERT INTO Pessoa (idPessoa, nome, dataNascimento, altura, peso, idCidadeNasc) VALUES (26,'Felix Götze','1998-12-11',180,75,8);
INSERT INTO Pessoa (idPessoa, nome, dataNascimento, altura, peso, idCidadeNasc) VALUES (27,'Thomas Müller','1989-09-13',186,74,34);
INSERT INTO Pessoa (idPessoa, nome, dataNascimento, altura, peso, idCidadeNasc) VALUES (28,'Kingsley Coman','1996-06-13',178,71,308);
INSERT INTO Pessoa (idPessoa, nome, dataNascimento, altura, peso, idCidadeNasc) VALUES (29,'Marco Friedl','1998-03-16',180,75,8);
INSERT INTO Pessoa (idPessoa, nome, dataNascimento, altura, peso, idCidadeNasc) VALUES (30,'Carlo Ancelotti','1959-06-10',179,74,271);
INSERT INTO Pessoa (idPessoa, nome, dataNascimento, altura, peso, idCidadeNasc) VALUES (31,'Fabio Coltorti','1980-12-3',197,95,220);
INSERT INTO Pessoa (idPessoa, nome, dataNascimento, altura, peso, idCidadeNasc) VALUES (32,'Marius Müller','1993-07-12',192,84,49);
INSERT INTO Pessoa (idPessoa, nome, dataNascimento, altura, peso, idCidadeNasc) VALUES (33,'Benjamin Bellot','1990-07-30',186,81,126);
INSERT INTO Pessoa (idPessoa, nome, dataNascimento, altura, peso, idCidadeNasc) VALUES (34,'Péter Gulácsi','1990-05-6',190,83,203);
INSERT INTO Pessoa (idPessoa, nome, dataNascimento, altura, peso, idCidadeNasc) VALUES (35,'Willi Orban','1992-11-3',186,83,102);
INSERT INTO Pessoa (idPessoa, nome, dataNascimento, altura, peso, idCidadeNasc) VALUES (36,'Dominik Franke','1998-10-5',180,75,8);
INSERT INTO Pessoa (idPessoa, nome, dataNascimento, altura, peso, idCidadeNasc) VALUES (37,'Lukas Klostermann','1996-06-3',189,83,147);
INSERT INTO Pessoa (idPessoa, nome, dataNascimento, altura, peso, idCidadeNasc) VALUES (38,'Dayotchanculle Upamecano','1998-10-27',188,79,319);
INSERT INTO Pessoa (idPessoa, nome, dataNascimento, altura, peso, idCidadeNasc) VALUES (39,'Benno Schmitz','1994-11-17',183,75,76);
INSERT INTO Pessoa (idPessoa, nome, dataNascimento, altura, peso, idCidadeNasc) VALUES (40,'Marcel Halstenberg','1991-09-27',186,77,19);
INSERT INTO Pessoa (idPessoa, nome, dataNascimento, altura, peso, idCidadeNasc) VALUES (41,'Marvin Compper','1985-06-14',185,80,122);
INSERT INTO Pessoa (idPessoa, nome, dataNascimento, altura, peso, idCidadeNasc) VALUES (42,'Ken Gipson','1996-02-24',178,69,158);
INSERT INTO Pessoa (idPessoa, nome, dataNascimento, altura, peso, idCidadeNasc) VALUES (43,'John-Patrick Strauß','1996-01-28',175,67,8);
INSERT INTO Pessoa (idPessoa, nome, dataNascimento, altura, peso, idCidadeNasc) VALUES (44,'Bernardo Fernandes da Silva Junior','1995-05-14',186,76,372);
INSERT INTO Pessoa (idPessoa, nome, dataNascimento, altura, peso, idCidadeNasc) VALUES (45,'Rani Khedira','1994-01-27',188,84,33);
INSERT INTO Pessoa (idPessoa, nome, dataNascimento, altura, peso, idCidadeNasc) VALUES (46,'Marcel Sabitzer','1994-03-17',177,74,246);
INSERT INTO Pessoa (idPessoa, nome, dataNascimento, altura, peso, idCidadeNasc) VALUES (47,'Naby Deco Keïta','1995-02-10',172,68,10);
INSERT INTO Pessoa (idPessoa, nome, dataNascimento, altura, peso, idCidadeNasc) VALUES (48,'Stefan Ilsanker','1989-05-18',189,86,253);
INSERT INTO Pessoa (idPessoa, nome, dataNascimento, altura, peso, idCidadeNasc) VALUES (49,'Oliver Burke','1997-04-7',188,74,196);
INSERT INTO Pessoa (idPessoa, nome, dataNascimento, altura, peso, idCidadeNasc) VALUES (50,'Dominik Kaiser','1988-09-16',170,67,176);
INSERT INTO Pessoa (idPessoa, nome, dataNascimento, altura, peso, idCidadeNasc) VALUES (51,'Kamil Wojtkowski','1998-02-26',173,66,353);
INSERT INTO Pessoa (idPessoa, nome, dataNascimento, altura, peso, idCidadeNasc) VALUES (52,'Diego Demme','1991-11-21',170,68,61);
INSERT INTO Pessoa (idPessoa, nome, dataNascimento, altura, peso, idCidadeNasc) VALUES (53,'Yussuf Yurary Poulsen','1994-06-15',192,78,257);
INSERT INTO Pessoa (idPessoa, nome, dataNascimento, altura, peso, idCidadeNasc) VALUES (54,'Emil Forsberg','1991-10-23',179,78,200);
INSERT INTO Pessoa (idPessoa, nome, dataNascimento, altura, peso, idCidadeNasc) VALUES (55,'Timo Werner','1996-03-6',180,75,33);
INSERT INTO Pessoa (idPessoa, nome, dataNascimento, altura, peso, idCidadeNasc) VALUES (56,'Davie Selke','1995-01-20',192,82,100);
INSERT INTO Pessoa (idPessoa, nome, dataNascimento, altura, peso, idCidadeNasc) VALUES (57,'Federico Palacios Martinez','1995-04-9',170,75,8);
INSERT INTO Pessoa (idPessoa, nome, dataNascimento, altura, peso, idCidadeNasc) VALUES (58,'Ralph Hasenhüttl','1967-08-9',191,89,246);
INSERT INTO Pessoa (idPessoa, nome, dataNascimento, altura, peso, idCidadeNasc) VALUES (59,'Roman Weidenfeller','1980-08-6',190,90,11);
INSERT INTO Pessoa (idPessoa, nome, dataNascimento, altura, peso, idCidadeNasc) VALUES (60,'Roman Bürki','1990-11-14',187,85,232);
INSERT INTO Pessoa (idPessoa, nome, dataNascimento, altura, peso, idCidadeNasc) VALUES (61,'Hendrik Bonmann','1994-01-22',194,82,89);
INSERT INTO Pessoa (idPessoa, nome, dataNascimento, altura, peso, idCidadeNasc) VALUES (62,'Joo-Ho Park','1987-01-16',176,69,6);
INSERT INTO Pessoa (idPessoa, nome, dataNascimento, altura, peso, idCidadeNasc) VALUES (63,'Marc Bartra Aregall','1991-01-15',183,74,299);
INSERT INTO Pessoa (idPessoa, nome, dataNascimento, altura, peso, idCidadeNasc) VALUES (64,'Raphaël Adelino José Guerreiro','1993-12-22',170,67,317);
INSERT INTO Pessoa (idPessoa, nome, dataNascimento, altura, peso, idCidadeNasc) VALUES (65,'Sokratis Papastathopoulos','1988-06-9',186,85,188);
INSERT INTO Pessoa (idPessoa, nome, dataNascimento, altura, peso, idCidadeNasc) VALUES (66,'Łukasz Piszczek','1985-06-3',184,79,358);
INSERT INTO Pessoa (idPessoa, nome, dataNascimento, altura, peso, idCidadeNasc) VALUES (67,'Matthias Ginter','1994-01-19',189,87,150);
INSERT INTO Pessoa (idPessoa, nome, dataNascimento, altura, peso, idCidadeNasc) VALUES (68,'Marcel Schmelzer','1988-01-22',180,74,95);
INSERT INTO Pessoa (idPessoa, nome, dataNascimento, altura, peso, idCidadeNasc) VALUES (69,'Dzenis Burnic','1998-05-22',185,75,45);
INSERT INTO Pessoa (idPessoa, nome, dataNascimento, altura, peso, idCidadeNasc) VALUES (70,'Erik Durm','1992-05-12',183,72,64);
INSERT INTO Pessoa (idPessoa, nome, dataNascimento, altura, peso, idCidadeNasc) VALUES (71,'Sven Bender','1989-04-27',186,80,23);
INSERT INTO Pessoa (idPessoa, nome, dataNascimento, altura, peso, idCidadeNasc) VALUES (72,'Ousmane Dembélé','1997-05-15',177,61,325);
INSERT INTO Pessoa (idPessoa, nome, dataNascimento, altura, peso, idCidadeNasc) VALUES (73,'Nuri Şahin','1988-09-5',180,74,99);
INSERT INTO Pessoa (idPessoa, nome, dataNascimento, altura, peso, idCidadeNasc) VALUES (74,'Emre Mor','1997-07-24',168,63,266);
INSERT INTO Pessoa (idPessoa, nome, dataNascimento, altura, peso, idCidadeNasc) VALUES (75,'Mario Götze','1992-06-3',176,64,109);
INSERT INTO Pessoa (idPessoa, nome, dataNascimento, altura, peso, idCidadeNasc) VALUES (76,'Sebastian Rode','1990-10-11',179,73,97);
INSERT INTO Pessoa (idPessoa, nome, dataNascimento, altura, peso, idCidadeNasc) VALUES (77,'André Schürrle','1990-11-6',184,74,146);
INSERT INTO Pessoa (idPessoa, nome, dataNascimento, altura, peso, idCidadeNasc) VALUES (78,'Christian Pulisic','1998-09-18',179,70,331);
INSERT INTO Pessoa (idPessoa, nome, dataNascimento, altura, peso, idCidadeNasc) VALUES (79,'Shinji Kagawa','1989-03-17',175,68,346);
INSERT INTO Pessoa (idPessoa, nome, dataNascimento, altura, peso, idCidadeNasc) VALUES (80,'Mikel Merino Zazón','1996-06-22',188,78,296);
INSERT INTO Pessoa (idPessoa, nome, dataNascimento, altura, peso, idCidadeNasc) VALUES (81,'Gonzalo Castro Randon','1987-06-11',171,74,73);
INSERT INTO Pessoa (idPessoa, nome, dataNascimento, altura, peso, idCidadeNasc) VALUES (82,'Felix Passlack','1998-05-29',170,74,119);
INSERT INTO Pessoa (idPessoa, nome, dataNascimento, altura, peso, idCidadeNasc) VALUES (83,'Julian Weigl','1995-09-8',186,71,132);
INSERT INTO Pessoa (idPessoa, nome, dataNascimento, altura, peso, idCidadeNasc) VALUES (84,'Jacob Bruun Larsen','1998-09-19',177,72,8);
INSERT INTO Pessoa (idPessoa, nome, dataNascimento, altura, peso, idCidadeNasc) VALUES (85,'Marco Reus','1989-05-31',180,71,140);
INSERT INTO Pessoa (idPessoa, nome, dataNascimento, altura, peso, idCidadeNasc) VALUES (86,'Alexander Isak','1999-09-21',190,70,201);
INSERT INTO Pessoa (idPessoa, nome, dataNascimento, altura, peso, idCidadeNasc) VALUES (87,'Pierre-Emerick Aubameyang','1989-06-18',187,80,321);
INSERT INTO Pessoa (idPessoa, nome, dataNascimento, altura, peso, idCidadeNasc) VALUES (88,'Thomas Tuchel','1973-08-29',192,85,131);
INSERT INTO Pessoa (idPessoa, nome, dataNascimento, altura, peso, idCidadeNasc) VALUES (89,'Oliver Baumann','1990-06-2',187,80,16);
INSERT INTO Pessoa (idPessoa, nome, dataNascimento, altura, peso, idCidadeNasc) VALUES (90,'Alexander Stolz','1983-10-13',189,86,149);
INSERT INTO Pessoa (idPessoa, nome, dataNascimento, altura, peso, idCidadeNasc) VALUES (91,'Gregor Kobel','1997-12-6',193,90,235);
INSERT INTO Pessoa (idPessoa, nome, dataNascimento, altura, peso, idCidadeNasc) VALUES (92,'Pavel Kadeřábek','1992-04-25',182,81,195);
INSERT INTO Pessoa (idPessoa, nome, dataNascimento, altura, peso, idCidadeNasc) VALUES (93,'Ermin Bičakčić','1990-01-24',185,83,361);
INSERT INTO Pessoa (idPessoa, nome, dataNascimento, altura, peso, idCidadeNasc) VALUES (94,'Fabian Lukas Schär','1991-12-20',186,84,231);
INSERT INTO Pessoa (idPessoa, nome, dataNascimento, altura, peso, idCidadeNasc) VALUES (95,'Danilo Teodoro Soares','1991-10-29',170,72,365);
INSERT INTO Pessoa (idPessoa, nome, dataNascimento, altura, peso, idCidadeNasc) VALUES (96,'Jeremy Toljan','1994-08-8',183,76,33);
INSERT INTO Pessoa (idPessoa, nome, dataNascimento, altura, peso, idCidadeNasc) VALUES (97,'Benjamin Hübner','1989-07-4',193,78,90);
INSERT INTO Pessoa (idPessoa, nome, dataNascimento, altura, peso, idCidadeNasc) VALUES (98,'Niklas Süle','1995-09-3',195,93,58);
INSERT INTO Pessoa (idPessoa, nome, dataNascimento, altura, peso, idCidadeNasc) VALUES (99,'Stefan Posch','1997-05-14',188,76,248);
INSERT INTO Pessoa (idPessoa, nome, dataNascimento, altura, peso, idCidadeNasc) VALUES (100,'Sebastian Rudy','1990-02-28',179,73,30);
INSERT INTO Pessoa (idPessoa, nome, dataNascimento, altura, peso, idCidadeNasc) VALUES (101,'Lukas Rupp','1991-01-8',178,73,77);
INSERT INTO Pessoa (idPessoa, nome, dataNascimento, altura, peso, idCidadeNasc) VALUES (102,'Eugen Polanski','1986-03-17',183,78,355);
INSERT INTO Pessoa (idPessoa, nome, dataNascimento, altura, peso, idCidadeNasc) VALUES (103,'Kerem Demirbay','1993-07-3',185,80,117);
INSERT INTO Pessoa (idPessoa, nome, dataNascimento, altura, peso, idCidadeNasc) VALUES (104,'Pirmin Schwegler','1987-03-9',177,72,234);
INSERT INTO Pessoa (idPessoa, nome, dataNascimento, altura, peso, idCidadeNasc) VALUES (105,'Steven Zuber','1991-08-17',181,76,236);
INSERT INTO Pessoa (idPessoa, nome, dataNascimento, altura, peso, idCidadeNasc) VALUES (106,'Nadiem Amiri','1996-10-27',180,72,12);
INSERT INTO Pessoa (idPessoa, nome, dataNascimento, altura, peso, idCidadeNasc) VALUES (107,'Kevin Vogt','1991-09-23',194,85,155);
INSERT INTO Pessoa (idPessoa, nome, dataNascimento, altura, peso, idCidadeNasc) VALUES (108,'Philipp Ochs','1997-04-17',175,73,145);
INSERT INTO Pessoa (idPessoa, nome, dataNascimento, altura, peso, idCidadeNasc) VALUES (109,'Dennis Geiger','1998-06-10',171,62,151);
INSERT INTO Pessoa (idPessoa, nome, dataNascimento, altura, peso, idCidadeNasc) VALUES (110,'Sandro Wagner','1987-11-29',194,90,76);
INSERT INTO Pessoa (idPessoa, nome, dataNascimento, altura, peso, idCidadeNasc) VALUES (111,'Mark Uth','1991-08-24',185,68,129);
INSERT INTO Pessoa (idPessoa, nome, dataNascimento, altura, peso, idCidadeNasc) VALUES (112,'Marco Terrazzino','1991-04-15',176,74,86);
INSERT INTO Pessoa (idPessoa, nome, dataNascimento, altura, peso, idCidadeNasc) VALUES (113,'Andrej Kramarić','1991-06-19',177,70,290);
INSERT INTO Pessoa (idPessoa, nome, dataNascimento, altura, peso, idCidadeNasc) VALUES (114,'Ádám Szalai','1987-12-9',193,91,203);
INSERT INTO Pessoa (idPessoa, nome, dataNascimento, altura, peso, idCidadeNasc) VALUES (115,'Julian Nagelsmann','1987-07-23',189,84,67);
INSERT INTO Pessoa (idPessoa, nome, dataNascimento, altura, peso, idCidadeNasc) VALUES (116,'Timo Horn','1993-05-12',192,90,129);
INSERT INTO Pessoa (idPessoa, nome, dataNascimento, altura, peso, idCidadeNasc) VALUES (117,'Thomas Kessler','1986-01-20',197,92,129);
INSERT INTO Pessoa (idPessoa, nome, dataNascimento, altura, peso, idCidadeNasc) VALUES (118,'Sven Müller','1996-02-16',190,75,129);
INSERT INTO Pessoa (idPessoa, nome, dataNascimento, altura, peso, idCidadeNasc) VALUES (119,'Matthias Hamrol','1993-12-31',195,75,25);
INSERT INTO Pessoa (idPessoa, nome, dataNascimento, altura, peso, idCidadeNasc) VALUES (120,'Neven Subotić','1988-12-10',191,83,362);
INSERT INTO Pessoa (idPessoa, nome, dataNascimento, altura, peso, idCidadeNasc) VALUES (121,'Dominique Heintz','1993-08-15',189,87,88);
INSERT INTO Pessoa (idPessoa, nome, dataNascimento, altura, peso, idCidadeNasc) VALUES (122,'Frederik Hillesborg Sørensen','1992-04-14',194,88,263);
INSERT INTO Pessoa (idPessoa, nome, dataNascimento, altura, peso, idCidadeNasc) VALUES (123,'Dominik Maroh','1987-03-4',186,85,74);
INSERT INTO Pessoa (idPessoa, nome, dataNascimento, altura, peso, idCidadeNasc) VALUES (124,'Jonas Hector','1990-05-27',185,75,121);
INSERT INTO Pessoa (idPessoa, nome, dataNascimento, altura, peso, idCidadeNasc) VALUES (125,'Paweł Olkowski','1990-02-13',184,76,356);
INSERT INTO Pessoa (idPessoa, nome, dataNascimento, altura, peso, idCidadeNasc) VALUES (126,'Lukas Klünter','1996-05-26',184,73,118);
INSERT INTO Pessoa (idPessoa, nome, dataNascimento, altura, peso, idCidadeNasc) VALUES (127,'Konstantin Rausch','1990-03-15',182,80,338);
INSERT INTO Pessoa (idPessoa, nome, dataNascimento, altura, peso, idCidadeNasc) VALUES (128,'Marco Höger','1989-09-16',182,83,129);
INSERT INTO Pessoa (idPessoa, nome, dataNascimento, altura, peso, idCidadeNasc) VALUES (129,'Marcel Risse','1989-12-17',183,75,129);
INSERT INTO Pessoa (idPessoa, nome, dataNascimento, altura, peso, idCidadeNasc) VALUES (130,'Miloš Jojić','1992-03-19',177,79,285);
INSERT INTO Pessoa (idPessoa, nome, dataNascimento, altura, peso, idCidadeNasc) VALUES (131,'Christian Clemens','1991-08-4',181,78,129);
INSERT INTO Pessoa (idPessoa, nome, dataNascimento, altura, peso, idCidadeNasc) VALUES (132,'Salih Özcan','1998-01-11',180,74,129);
INSERT INTO Pessoa (idPessoa, nome, dataNascimento, altura, peso, idCidadeNasc) VALUES (133,'Leonardo Bittencourt','1993-12-19',171,63,126);
INSERT INTO Pessoa (idPessoa, nome, dataNascimento, altura, peso, idCidadeNasc) VALUES (134,'Marcel Hartel','1996-01-19',175,69,129);
INSERT INTO Pessoa (idPessoa, nome, dataNascimento, altura, peso, idCidadeNasc) VALUES (135,'Hikmet Ciftci','1998-03-10',180,75,8);
INSERT INTO Pessoa (idPessoa, nome, dataNascimento, altura, peso, idCidadeNasc) VALUES (136,'Matthias Lehmann','1983-05-28',179,75,172);
INSERT INTO Pessoa (idPessoa, nome, dataNascimento, altura, peso, idCidadeNasc) VALUES (137,'Artoms Rudņevs','1988-01-13',183,81,289);
INSERT INTO Pessoa (idPessoa, nome, dataNascimento, altura, peso, idCidadeNasc) VALUES (138,'Simon Zoller','1991-06-26',179,70,54);
INSERT INTO Pessoa (idPessoa, nome, dataNascimento, altura, peso, idCidadeNasc) VALUES (139,'Yūya Ōsako','1990-05-18',182,71,345);
INSERT INTO Pessoa (idPessoa, nome, dataNascimento, altura, peso, idCidadeNasc) VALUES (140,'Sehrou Guirassy','1996-03-12',187,82,311);
INSERT INTO Pessoa (idPessoa, nome, dataNascimento, altura, peso, idCidadeNasc) VALUES (141,'Anthony Modeste','1988-04-14',187,84,315);
INSERT INTO Pessoa (idPessoa, nome, dataNascimento, altura, peso, idCidadeNasc) VALUES (142,'Birk Risa','1998-02-13',180,75,8);
INSERT INTO Pessoa (idPessoa, nome, dataNascimento, altura, peso, idCidadeNasc) VALUES (143,'Peter Stöger','1966-04-11',180,74,243);
INSERT INTO Pessoa (idPessoa, nome, dataNascimento, altura, peso, idCidadeNasc) VALUES (144,'Thomas Kraft','1988-07-22',187,78,68);
INSERT INTO Pessoa (idPessoa, nome, dataNascimento, altura, peso, idCidadeNasc) VALUES (145,'Rune Almenning Jarstein','1984-09-29',190,82,280);
INSERT INTO Pessoa (idPessoa, nome, dataNascimento, altura, peso, idCidadeNasc) VALUES (146,'Nils-Jonathan Körber','1996-11-13',186,84,167);
INSERT INTO Pessoa (idPessoa, nome, dataNascimento, altura, peso, idCidadeNasc) VALUES (147,'Peter Pekarík','1986-10-30',176,70,3);
INSERT INTO Pessoa (idPessoa, nome, dataNascimento, altura, peso, idCidadeNasc) VALUES (148,'Niklas Stark','1995-04-14',190,77,18);
INSERT INTO Pessoa (idPessoa, nome, dataNascimento, altura, peso, idCidadeNasc) VALUES (149,'Sebastian Langkamp','1988-01-15',190,85,165);
INSERT INTO Pessoa (idPessoa, nome, dataNascimento, altura, peso, idCidadeNasc) VALUES (150,'Marvin Plattenhardt','1992-01-26',181,76,32);
INSERT INTO Pessoa (idPessoa, nome, dataNascimento, altura, peso, idCidadeNasc) VALUES (151,'Mitchell Weiser','1994-04-21',176,67,25);
INSERT INTO Pessoa (idPessoa, nome, dataNascimento, altura, peso, idCidadeNasc) VALUES (152,'John Brooks','1993-01-28',193,78,167);
INSERT INTO Pessoa (idPessoa, nome, dataNascimento, altura, peso, idCidadeNasc) VALUES (153,'Fabian Lustenberger','1988-05-2',180,70,233);
INSERT INTO Pessoa (idPessoa, nome, dataNascimento, altura, peso, idCidadeNasc) VALUES (154,'Maximilian Mittelstädt','1997-03-18',179,69,167);
INSERT INTO Pessoa (idPessoa, nome, dataNascimento, altura, peso, idCidadeNasc) VALUES (155,'Marcus Mlynikowski','1992-07-6',182,72,79);
INSERT INTO Pessoa (idPessoa, nome, dataNascimento, altura, peso, idCidadeNasc) VALUES (156,'Florian Baak','1999-03-18',185,75,167);
INSERT INTO Pessoa (idPessoa, nome, dataNascimento, altura, peso, idCidadeNasc) VALUES (157,'Jordan Torunarigha','1997-08-7',189,77,128);
INSERT INTO Pessoa (idPessoa, nome, dataNascimento, altura, peso, idCidadeNasc) VALUES (158,'Per Ciljan Skjelbred','1987-06-16',175,62,282);
INSERT INTO Pessoa (idPessoa, nome, dataNascimento, altura, peso, idCidadeNasc) VALUES (159,'Vladimír Darida','1990-08-8',171,74,192);
INSERT INTO Pessoa (idPessoa, nome, dataNascimento, altura, peso, idCidadeNasc) VALUES (160,'Alexander Esswein','1990-03-25',183,85,85);
INSERT INTO Pessoa (idPessoa, nome, dataNascimento, altura, peso, idCidadeNasc) VALUES (161,'Alexander Baumjohann','1987-01-23',178,75,153);
INSERT INTO Pessoa (idPessoa, nome, dataNascimento, altura, peso, idCidadeNasc) VALUES (162,'Ondrej Duda','1994-12-5',181,74,5);
INSERT INTO Pessoa (idPessoa, nome, dataNascimento, altura, peso, idCidadeNasc) VALUES (163,'Valentin Stocker','1989-04-12',179,73,220);
INSERT INTO Pessoa (idPessoa, nome, dataNascimento, altura, peso, idCidadeNasc) VALUES (164,'Sinan Kurt','1996-07-23',173,71,51);
INSERT INTO Pessoa (idPessoa, nome, dataNascimento, altura, peso, idCidadeNasc) VALUES (165,'Allan Rodrigues de Souza','1997-03-3',180,70,374);
INSERT INTO Pessoa (idPessoa, nome, dataNascimento, altura, peso, idCidadeNasc) VALUES (166,'Genki Haraguchi','1991-05-9',177,63,344);
INSERT INTO Pessoa (idPessoa, nome, dataNascimento, altura, peso, idCidadeNasc) VALUES (167,'Florian Kohls','1995-04-3',173,69,167);
INSERT INTO Pessoa (idPessoa, nome, dataNascimento, altura, peso, idCidadeNasc) VALUES (168,'Arne Maier','1999-01-8',180,75,8);
INSERT INTO Pessoa (idPessoa, nome, dataNascimento, altura, peso, idCidadeNasc) VALUES (169,'Julius Kade','1999-05-20',167,75,167);
INSERT INTO Pessoa (idPessoa, nome, dataNascimento, altura, peso, idCidadeNasc) VALUES (170,'Salomon Armand Magloire Kalou','1985-08-5',184,77,276);
INSERT INTO Pessoa (idPessoa, nome, dataNascimento, altura, peso, idCidadeNasc) VALUES (171,'Sami Allagui','1986-05-28',184,77,62);
INSERT INTO Pessoa (idPessoa, nome, dataNascimento, altura, peso, idCidadeNasc) VALUES (172,'Julian Schieber','1989-02-13',187,85,120);
INSERT INTO Pessoa (idPessoa, nome, dataNascimento, altura, peso, idCidadeNasc) VALUES (173,'Vedad Ibišević','1984-08-6',188,82,363);
INSERT INTO Pessoa (idPessoa, nome, dataNascimento, altura, peso, idCidadeNasc) VALUES (174,'Pal Dardai','1999-04-24',165,75,167);
INSERT INTO Pessoa (idPessoa, nome, dataNascimento, altura, peso, idCidadeNasc) VALUES (175,'Pál Dárdai','1976-03-16',180,77,204);
INSERT INTO Pessoa (idPessoa, nome, dataNascimento, altura, peso, idCidadeNasc) VALUES (176,'Alexander Schwolow','1992-06-2',189,83,90);
INSERT INTO Pessoa (idPessoa, nome, dataNascimento, altura, peso, idCidadeNasc) VALUES (177,'Patric Klandt','1983-09-29',184,80,58);
INSERT INTO Pessoa (idPessoa, nome, dataNascimento, altura, peso, idCidadeNasc) VALUES (178,'Rafał Gikiewicz','1987-10-26',189,82,359);
INSERT INTO Pessoa (idPessoa, nome, dataNascimento, altura, peso, idCidadeNasc) VALUES (179,'Aleksandar Ignjovski','1991-01-27',175,71,285);
INSERT INTO Pessoa (idPessoa, nome, dataNascimento, altura, peso, idCidadeNasc) VALUES (180,'Marc Torrejón Moya','1986-02-18',187,85,297);
INSERT INTO Pessoa (idPessoa, nome, dataNascimento, altura, peso, idCidadeNasc) VALUES (181,'Caglar Söyüncü','1996-05-23',187,80,179);
INSERT INTO Pessoa (idPessoa, nome, dataNascimento, altura, peso, idCidadeNasc) VALUES (182,'Manuel Gulde','1991-02-12',183,73,86);
INSERT INTO Pessoa (idPessoa, nome, dataNascimento, altura, peso, idCidadeNasc) VALUES (183,'Pascal Stenzel','1996-03-20',184,74,141);
INSERT INTO Pessoa (idPessoa, nome, dataNascimento, altura, peso, idCidadeNasc) VALUES (184,'Lukas Kübler','1992-08-30',183,73,152);
INSERT INTO Pessoa (idPessoa, nome, dataNascimento, altura, peso, idCidadeNasc) VALUES (185,'Marc-Oliver Kempf','1995-01-28',186,84,29);
INSERT INTO Pessoa (idPessoa, nome, dataNascimento, altura, peso, idCidadeNasc) VALUES (186,'Georg Niedermeier','1986-02-26',190,80,76);
INSERT INTO Pessoa (idPessoa, nome, dataNascimento, altura, peso, idCidadeNasc) VALUES (187,'Jonas Föhrenbach','1996-01-26',185,74,150);
INSERT INTO Pessoa (idPessoa, nome, dataNascimento, altura, peso, idCidadeNasc) VALUES (188,'Christian Günter','1993-02-28',184,81,148);
INSERT INTO Pessoa (idPessoa, nome, dataNascimento, altura, peso, idCidadeNasc) VALUES (189,'Amir Abrashi','1990-03-27',172,71,228);
INSERT INTO Pessoa (idPessoa, nome, dataNascimento, altura, peso, idCidadeNasc) VALUES (190,'Mike Frantz','1986-10-14',180,79,121);
INSERT INTO Pessoa (idPessoa, nome, dataNascimento, altura, peso, idCidadeNasc) VALUES (191,'Onur Bulut','1994-04-16',182,72,81);
INSERT INTO Pessoa (idPessoa, nome, dataNascimento, altura, peso, idCidadeNasc) VALUES (192,'Janik Haberer','1994-04-2',186,78,108);
INSERT INTO Pessoa (idPessoa, nome, dataNascimento, altura, peso, idCidadeNasc) VALUES (193,'Vincent Sierro','1995-10-8',184,74,223);
INSERT INTO Pessoa (idPessoa, nome, dataNascimento, altura, peso, idCidadeNasc) VALUES (194,'Julian Schuster','1985-04-15',190,78,41);
INSERT INTO Pessoa (idPessoa, nome, dataNascimento, altura, peso, idCidadeNasc) VALUES (195,'Maximilian Philipp','1994-03-1',184,77,167);
INSERT INTO Pessoa (idPessoa, nome, dataNascimento, altura, peso, idCidadeNasc) VALUES (196,'Nicolas Höfler','1990-03-9',181,78,103);
INSERT INTO Pessoa (idPessoa, nome, dataNascimento, altura, peso, idCidadeNasc) VALUES (197,'Vincenzo Grifo','1993-04-7',180,75,149);
INSERT INTO Pessoa (idPessoa, nome, dataNascimento, altura, peso, idCidadeNasc) VALUES (198,'Florian Niederlechner','1990-10-24',186,86,157);
INSERT INTO Pessoa (idPessoa, nome, dataNascimento, altura, peso, idCidadeNasc) VALUES (199,'Håvard Kallevik Nielsen','1993-07-15',187,80,283);
INSERT INTO Pessoa (idPessoa, nome, dataNascimento, altura, peso, idCidadeNasc) VALUES (200,'Nils Petersen','1988-12-6',188,80,154);
INSERT INTO Pessoa (idPessoa, nome, dataNascimento, altura, peso, idCidadeNasc) VALUES (201,'Karim Guédé','1985-01-7',184,87,166);
INSERT INTO Pessoa (idPessoa, nome, dataNascimento, altura, peso, idCidadeNasc) VALUES (202,'Amir Falahen','1993-03-15',190,81,150);
INSERT INTO Pessoa (idPessoa, nome, dataNascimento, altura, peso, idCidadeNasc) VALUES (203,'Christian Streich','1965-06-11',181,75,83);
INSERT INTO Pessoa (idPessoa, nome, dataNascimento, altura, peso, idCidadeNasc) VALUES (204,'Raphael Wolf','1988-06-6',190,86,76);
INSERT INTO Pessoa (idPessoa, nome, dataNascimento, altura, peso, idCidadeNasc) VALUES (205,'Michael Zetterer','1995-07-12',187,79,76);
INSERT INTO Pessoa (idPessoa, nome, dataNascimento, altura, peso, idCidadeNasc) VALUES (206,'Jaroslav Drobný','1979-10-18',192,90,194);
INSERT INTO Pessoa (idPessoa, nome, dataNascimento, altura, peso, idCidadeNasc) VALUES (207,'Felix Wiedwald','1990-03-15',192,82,135);
INSERT INTO Pessoa (idPessoa, nome, dataNascimento, altura, peso, idCidadeNasc) VALUES (208,'Eric Oelschlägel','1995-09-20',193,87,169);
INSERT INTO Pessoa (idPessoa, nome, dataNascimento, altura, peso, idCidadeNasc) VALUES (209,'Santiago García','1988-07-8',191,80,186);
INSERT INTO Pessoa (idPessoa, nome, dataNascimento, altura, peso, idCidadeNasc) VALUES (210,'Luca Caldirola','1991-02-1',189,79,272);
INSERT INTO Pessoa (idPessoa, nome, dataNascimento, altura, peso, idCidadeNasc) VALUES (211,'Robert Bauer','1995-04-9',183,76,149);
INSERT INTO Pessoa (idPessoa, nome, dataNascimento, altura, peso, idCidadeNasc) VALUES (212,'Niklas Moisander','1985-09-29',182,70,215);
INSERT INTO Pessoa (idPessoa, nome, dataNascimento, altura, peso, idCidadeNasc) VALUES (213,'Luca-Milan Zander','1995-08-9',183,73,42);
INSERT INTO Pessoa (idPessoa, nome, dataNascimento, altura, peso, idCidadeNasc) VALUES (214,'Ulisses Alexandre Garcia Lopes','1996-01-11',182,75,227);
INSERT INTO Pessoa (idPessoa, nome, dataNascimento, altura, peso, idCidadeNasc) VALUES (215,'Theodor Gebre Selassie','1986-12-24',181,71,193);
INSERT INTO Pessoa (idPessoa, nome, dataNascimento, altura, peso, idCidadeNasc) VALUES (216,'Ludovic Lamine Sané','1987-03-22',192,77,309);
INSERT INTO Pessoa (idPessoa, nome, dataNascimento, altura, peso, idCidadeNasc) VALUES (217,'Sambou Yatabaré','1989-03-2',190,82,324);
INSERT INTO Pessoa (idPessoa, nome, dataNascimento, altura, peso, idCidadeNasc) VALUES (218,'Thomas Delaney','1991-09-3',182,71,261);
INSERT INTO Pessoa (idPessoa, nome, dataNascimento, altura, peso, idCidadeNasc) VALUES (219,'Florian Kainz','1992-10-24',176,71,246);
INSERT INTO Pessoa (idPessoa, nome, dataNascimento, altura, peso, idCidadeNasc) VALUES (220,'Clemens Fritz','1980-12-7',183,81,48);
INSERT INTO Pessoa (idPessoa, nome, dataNascimento, altura, peso, idCidadeNasc) VALUES (221,'Milos Veljkovic','1995-09-26',193,77,218);
INSERT INTO Pessoa (idPessoa, nome, dataNascimento, altura, peso, idCidadeNasc) VALUES (222,'Izet Hajrović','1991-08-4',177,71,225);
INSERT INTO Pessoa (idPessoa, nome, dataNascimento, altura, peso, idCidadeNasc) VALUES (223,'Zlatko Junuzović','1987-09-26',172,69,288);
INSERT INTO Pessoa (idPessoa, nome, dataNascimento, altura, peso, idCidadeNasc) VALUES (224,'Justin Eilers','1988-06-13',187,77,142);
INSERT INTO Pessoa (idPessoa, nome, dataNascimento, altura, peso, idCidadeNasc) VALUES (225,'Fin Bartels','1987-02-7',176,69,13);
INSERT INTO Pessoa (idPessoa, nome, dataNascimento, altura, peso, idCidadeNasc) VALUES (226,'Florian Grillitsch','1995-08-7',186,73,249);
INSERT INTO Pessoa (idPessoa, nome, dataNascimento, altura, peso, idCidadeNasc) VALUES (227,'Serge Gnabry','1995-07-14',173,75,33);
INSERT INTO Pessoa (idPessoa, nome, dataNascimento, altura, peso, idCidadeNasc) VALUES (228,'Maximilian Eggestein','1996-12-8',181,75,144);
INSERT INTO Pessoa (idPessoa, nome, dataNascimento, altura, peso, idCidadeNasc) VALUES (229,'Niklas Schmidt','1998-03-1',180,75,8);
INSERT INTO Pessoa (idPessoa, nome, dataNascimento, altura, peso, idCidadeNasc) VALUES (230,'Philipp Bargfrede','1989-03-3',174,71,94);
INSERT INTO Pessoa (idPessoa, nome, dataNascimento, altura, peso, idCidadeNasc) VALUES (231,'Aron Jóhannsson','1990-11-10',184,70,336);
INSERT INTO Pessoa (idPessoa, nome, dataNascimento, altura, peso, idCidadeNasc) VALUES (232,'Max Kruse','1988-03-19',180,76,37);
INSERT INTO Pessoa (idPessoa, nome, dataNascimento, altura, peso, idCidadeNasc) VALUES (233,'Claudio Miguel Pizarro Bossio','1978-10-3',184,84,267);
INSERT INTO Pessoa (idPessoa, nome, dataNascimento, altura, peso, idCidadeNasc) VALUES (234,'Johannes Eggestein','1998-05-8',180,75,8);
INSERT INTO Pessoa (idPessoa, nome, dataNascimento, altura, peso, idCidadeNasc) VALUES (235,'Melvyn Lorenzen','1994-11-26',188,86,197);
INSERT INTO Pessoa (idPessoa, nome, dataNascimento, altura, peso, idCidadeNasc) VALUES (236,'Ousman Manneh','1997-03-10',189,79,181);
INSERT INTO Pessoa (idPessoa, nome, dataNascimento, altura, peso, idCidadeNasc) VALUES (237,'Alexander Nouri','1979-08-20',180,75,8);
INSERT INTO Pessoa (idPessoa, nome, dataNascimento, altura, peso, idCidadeNasc) VALUES (238,'Yann Sommer','1988-12-17',183,79,222);
INSERT INTO Pessoa (idPessoa, nome, dataNascimento, altura, peso, idCidadeNasc) VALUES (239,'Tobias Sippel','1988-03-22',180,80,160);
INSERT INTO Pessoa (idPessoa, nome, dataNascimento, altura, peso, idCidadeNasc) VALUES (240,'Moritz Nicolas','1997-10-21',193,75,8);
INSERT INTO Pessoa (idPessoa, nome, dataNascimento, altura, peso, idCidadeNasc) VALUES (241,'Christofer Heimeroth','1981-08-1',194,91,123);
INSERT INTO Pessoa (idPessoa, nome, dataNascimento, altura, peso, idCidadeNasc) VALUES (242,'Andreas Christensen','1996-04-10',188,74,264);
INSERT INTO Pessoa (idPessoa, nome, dataNascimento, altura, peso, idCidadeNasc) VALUES (243,'Jannik Vestergaard','1992-08-3',199,98,258);
INSERT INTO Pessoa (idPessoa, nome, dataNascimento, altura, peso, idCidadeNasc) VALUES (244,'Oscar Wendt','1985-10-24',181,82,202);
INSERT INTO Pessoa (idPessoa, nome, dataNascimento, altura, peso, idCidadeNasc) VALUES (245,'Tony Jantschke','1990-04-7',177,74,169);
INSERT INTO Pessoa (idPessoa, nome, dataNascimento, altura, peso, idCidadeNasc) VALUES (246,'Timothée Kolodziejczak','1991-10-1',185,72,313);
INSERT INTO Pessoa (idPessoa, nome, dataNascimento, altura, peso, idCidadeNasc) VALUES (247,'Mamadou Doucouré','1998-05-21',190,75,182);
INSERT INTO Pessoa (idPessoa, nome, dataNascimento, altura, peso, idCidadeNasc) VALUES (248,'Nico Elvedi','1996-09-30',188,74,235);
INSERT INTO Pessoa (idPessoa, nome, dataNascimento, altura, peso, idCidadeNasc) VALUES (249,'Nils Rütten','1995-07-20',180,75,8);
INSERT INTO Pessoa (idPessoa, nome, dataNascimento, altura, peso, idCidadeNasc) VALUES (250,'Tobias Strobl','1990-05-12',186,77,76);
INSERT INTO Pessoa (idPessoa, nome, dataNascimento, altura, peso, idCidadeNasc) VALUES (251,'Christoph Kramer','1991-02-19',189,82,26);
INSERT INTO Pessoa (idPessoa, nome, dataNascimento, altura, peso, idCidadeNasc) VALUES (252,'Patrick Herrmann','1991-02-12',179,69,121);
INSERT INTO Pessoa (idPessoa, nome, dataNascimento, altura, peso, idCidadeNasc) VALUES (253,'Mahmoud Dahoud','1996-01-1',178,67,377);
INSERT INTO Pessoa (idPessoa, nome, dataNascimento, altura, peso, idCidadeNasc) VALUES (254,'Nico Schulz','1993-04-1',180,78,167);
INSERT INTO Pessoa (idPessoa, nome, dataNascimento, altura, peso, idCidadeNasc) VALUES (255,'Marvin Schulz','1995-01-15',186,77,78);
INSERT INTO Pessoa (idPessoa, nome, dataNascimento, altura, peso, idCidadeNasc) VALUES (256,'Ibrahima Traoré','1988-04-21',171,61,323);
INSERT INTO Pessoa (idPessoa, nome, dataNascimento, altura, peso, idCidadeNasc) VALUES (257,'Fabian Johnson','1987-12-11',183,74,76);
INSERT INTO Pessoa (idPessoa, nome, dataNascimento, altura, peso, idCidadeNasc) VALUES (258,'Djibril Sow','1997-02-6',184,77,235);
INSERT INTO Pessoa (idPessoa, nome, dataNascimento, altura, peso, idCidadeNasc) VALUES (259,'László Bénes','1997-09-9',173,75,2);
INSERT INTO Pessoa (idPessoa, nome, dataNascimento, altura, peso, idCidadeNasc) VALUES (260,'Jonas Hofmann','1992-07-14',176,70,77);
INSERT INTO Pessoa (idPessoa, nome, dataNascimento, altura, peso, idCidadeNasc) VALUES (261,'Tsiy William Ndenge','1997-06-13',180,75,8);
INSERT INTO Pessoa (idPessoa, nome, dataNascimento, altura, peso, idCidadeNasc) VALUES (262,'Julian Korb','1992-03-21',177,69,89);
INSERT INTO Pessoa (idPessoa, nome, dataNascimento, altura, peso, idCidadeNasc) VALUES (263,'Josip Drmic','1992-08-8',182,70,221);
INSERT INTO Pessoa (idPessoa, nome, dataNascimento, altura, peso, idCidadeNasc) VALUES (264,'Thorgan Hazard','1993-03-29',174,69,207);
INSERT INTO Pessoa (idPessoa, nome, dataNascimento, altura, peso, idCidadeNasc) VALUES (265,'Raffael Caetano de Araújo','1985-03-28',174,69,368);
INSERT INTO Pessoa (idPessoa, nome, dataNascimento, altura, peso, idCidadeNasc) VALUES (266,'Lars Stindl','1988-08-26',180,78,165);
INSERT INTO Pessoa (idPessoa, nome, dataNascimento, altura, peso, idCidadeNasc) VALUES (267,'André Hahn','1990-08-13',185,79,112);
INSERT INTO Pessoa (idPessoa, nome, dataNascimento, altura, peso, idCidadeNasc) VALUES (268,'Ba-Muaka Simakala','1997-01-28',180,75,8);
INSERT INTO Pessoa (idPessoa, nome, dataNascimento, altura, peso, idCidadeNasc) VALUES (269,'Mike Feigenspan','1995-08-5',180,72,173);
INSERT INTO Pessoa (idPessoa, nome, dataNascimento, altura, peso, idCidadeNasc) VALUES (270,'Dieter Hecking','1964-09-12',180,75,92);
INSERT INTO Pessoa (idPessoa, nome, dataNascimento, altura, peso, idCidadeNasc) VALUES (271,'Ralf Fährmann','1988-09-27',196,93,128);
INSERT INTO Pessoa (idPessoa, nome, dataNascimento, altura, peso, idCidadeNasc) VALUES (272,'Timon Wellenreuther','1995-12-3',186,80,50);
INSERT INTO Pessoa (idPessoa, nome, dataNascimento, altura, peso, idCidadeNasc) VALUES (273,'Alexander Nübel','1996-09-30',193,85,39);
INSERT INTO Pessoa (idPessoa, nome, dataNascimento, altura, peso, idCidadeNasc) VALUES (274,'Benedikt Höwedes','1988-02-29',187,82,91);
INSERT INTO Pessoa (idPessoa, nome, dataNascimento, altura, peso, idCidadeNasc) VALUES (275,'Sead Kolašinac','1993-06-20',183,82,50);
INSERT INTO Pessoa (idPessoa, nome, dataNascimento, altura, peso, idCidadeNasc) VALUES (276,'Abdul Rahman Baba','1994-07-2',179,70,238);
INSERT INTO Pessoa (idPessoa, nome, dataNascimento, altura, peso, idCidadeNasc) VALUES (277,'Dennis Aogo','1987-01-14',184,85,50);
INSERT INTO Pessoa (idPessoa, nome, dataNascimento, altura, peso, idCidadeNasc) VALUES (278,'Thilo Kehrer','1996-09-21',185,73,122);
INSERT INTO Pessoa (idPessoa, nome, dataNascimento, altura, peso, idCidadeNasc) VALUES (279,'Atsuto Uchida','1988-03-27',176,62,341);
INSERT INTO Pessoa (idPessoa, nome, dataNascimento, altura, peso, idCidadeNasc) VALUES (280,'Jorge Andújar Moreno','1987-04-26',182,78,301);
INSERT INTO Pessoa (idPessoa, nome, dataNascimento, altura, peso, idCidadeNasc) VALUES (281,'Holger Badstuber','1989-03-13',190,84,109);
INSERT INTO Pessoa (idPessoa, nome, dataNascimento, altura, peso, idCidadeNasc) VALUES (282,'Sascha Riether','1983-03-23',174,70,60);
INSERT INTO Pessoa (idPessoa, nome, dataNascimento, altura, peso, idCidadeNasc) VALUES (283,'Joshua Bitter','1997-01-1',184,80,38);
INSERT INTO Pessoa (idPessoa, nome, dataNascimento, altura, peso, idCidadeNasc) VALUES (284,'Ronaldo Aparecido Rodrigues','1982-09-10',198,82,369);
INSERT INTO Pessoa (idPessoa, nome, dataNascimento, altura, peso, idCidadeNasc) VALUES (285,'Matija Nastasić','1993-03-28',187,75,287);
INSERT INTO Pessoa (idPessoa, nome, dataNascimento, altura, peso, idCidadeNasc) VALUES (286,'Phil Neumann','1997-07-8',191,76,47);
INSERT INTO Pessoa (idPessoa, nome, dataNascimento, altura, peso, idCidadeNasc) VALUES (287,'Weston McKennie','1998-08-28',180,75,8);
INSERT INTO Pessoa (idPessoa, nome, dataNascimento, altura, peso, idCidadeNasc) VALUES (288,'Johannes Geis','1993-08-17',181,81,163);
INSERT INTO Pessoa (idPessoa, nome, dataNascimento, altura, peso, idCidadeNasc) VALUES (289,'Max Meyer','1995-09-18',169,65,116);
INSERT INTO Pessoa (idPessoa, nome, dataNascimento, altura, peso, idCidadeNasc) VALUES (290,'Leon Goretzka','1995-02-6',189,76,43);
INSERT INTO Pessoa (idPessoa, nome, dataNascimento, altura, peso, idCidadeNasc) VALUES (291,'Nabil Bentaleb','1994-11-24',177,78,312);
INSERT INTO Pessoa (idPessoa, nome, dataNascimento, altura, peso, idCidadeNasc) VALUES (292,'Yevhen Konoplyanka','1989-09-29',176,69,350);
INSERT INTO Pessoa (idPessoa, nome, dataNascimento, altura, peso, idCidadeNasc) VALUES (293,'Benjamin Stambouli','1990-08-13',180,82,322);
INSERT INTO Pessoa (idPessoa, nome, dataNascimento, altura, peso, idCidadeNasc) VALUES (294,'Daniel Caligiuri','1988-01-15',182,79,30);
INSERT INTO Pessoa (idPessoa, nome, dataNascimento, altura, peso, idCidadeNasc) VALUES (295,'Alessandro Schöpf','1994-02-7',178,75,247);
INSERT INTO Pessoa (idPessoa, nome, dataNascimento, altura, peso, idCidadeNasc) VALUES (296,'Franco Matías Di Santo','1989-04-7',193,83,184);
INSERT INTO Pessoa (idPessoa, nome, dataNascimento, altura, peso, idCidadeNasc) VALUES (297,'Jean-Eric Maxim Choupo-Moting','1989-03-23',190,84,166);
INSERT INTO Pessoa (idPessoa, nome, dataNascimento, altura, peso, idCidadeNasc) VALUES (298,'Guido Burgstaller','1989-04-29',187,80,245);
INSERT INTO Pessoa (idPessoa, nome, dataNascimento, altura, peso, idCidadeNasc) VALUES (299,'Klaas-Jan Huntelaar','1983-08-12',186,78,208);
INSERT INTO Pessoa (idPessoa, nome, dataNascimento, altura, peso, idCidadeNasc) VALUES (300,'Bernard Tekpetey','1997-09-3',172,69,239);
INSERT INTO Pessoa (idPessoa, nome, dataNascimento, altura, peso, idCidadeNasc) VALUES (301,'Donis Avdijaj','1996-08-25',172,75,168);
INSERT INTO Pessoa (idPessoa, nome, dataNascimento, altura, peso, idCidadeNasc) VALUES (302,'Breel-Donald Embolo','1997-02-14',185,84,329);
INSERT INTO Pessoa (idPessoa, nome, dataNascimento, altura, peso, idCidadeNasc) VALUES (303,'Haji Wright','1998-03-27',188,80,333);
INSERT INTO Pessoa (idPessoa, nome, dataNascimento, altura, peso, idCidadeNasc) VALUES (304,'Markus Weinzierl','1974-12-28',180,75,136);
INSERT INTO Pessoa (idPessoa, nome, dataNascimento, altura, peso, idCidadeNasc) VALUES (305,'Lukáš Hrádecký','1989-11-24',190,80,4);
INSERT INTO Pessoa (idPessoa, nome, dataNascimento, altura, peso, idCidadeNasc) VALUES (306,'Heinz Lindner','1990-07-17',187,80,254);
INSERT INTO Pessoa (idPessoa, nome, dataNascimento, altura, peso, idCidadeNasc) VALUES (307,'Leon Bätge','1997-07-9',188,75,8);
INSERT INTO Pessoa (idPessoa, nome, dataNascimento, altura, peso, idCidadeNasc) VALUES (308,'Yanni Regäsel','1996-01-13',180,72,167);
INSERT INTO Pessoa (idPessoa, nome, dataNascimento, altura, peso, idCidadeNasc) VALUES (309,'Guillermo Varela Olivera','1993-03-24',171,69,360);
INSERT INTO Pessoa (idPessoa, nome, dataNascimento, altura, peso, idCidadeNasc) VALUES (310,'Marco Russ','1985-08-4',190,75,55);
INSERT INTO Pessoa (idPessoa, nome, dataNascimento, altura, peso, idCidadeNasc) VALUES (311,'Jesús Vallejo Lázaro','1997-01-5',183,74,307);
INSERT INTO Pessoa (idPessoa, nome, dataNascimento, altura, peso, idCidadeNasc) VALUES (312,'Bastian Oczipka','1989-01-12',184,83,110);
INSERT INTO Pessoa (idPessoa, nome, dataNascimento, altura, peso, idCidadeNasc) VALUES (313,'Michael Hector','1992-07-19',193,82,197);
INSERT INTO Pessoa (idPessoa, nome, dataNascimento, altura, peso, idCidadeNasc) VALUES (314,'David Ángel Abraham','1986-07-15',188,85,183);
INSERT INTO Pessoa (idPessoa, nome, dataNascimento, altura, peso, idCidadeNasc) VALUES (315,'Timothy Chandler','1990-03-29',186,81,58);
INSERT INTO Pessoa (idPessoa, nome, dataNascimento, altura, peso, idCidadeNasc) VALUES (316,'Anderson Soares de Oliveira','1988-01-10',188,80,366);
INSERT INTO Pessoa (idPessoa, nome, dataNascimento, altura, peso, idCidadeNasc) VALUES (317,'Deji Ousman Beyreuther','1999-09-6',180,75,21);
INSERT INTO Pessoa (idPessoa, nome, dataNascimento, altura, peso, idCidadeNasc) VALUES (318,'Anderson Rafael Ordóñez Valdéz','1994-01-29',172,70,348);
INSERT INTO Pessoa (idPessoa, nome, dataNascimento, altura, peso, idCidadeNasc) VALUES (319,'Taleb Tawatha','1992-06-21',176,81,198);
INSERT INTO Pessoa (idPessoa, nome, dataNascimento, altura, peso, idCidadeNasc) VALUES (320,'Noel Knothe','1999-05-5',180,75,8);
INSERT INTO Pessoa (idPessoa, nome, dataNascimento, altura, peso, idCidadeNasc) VALUES (321,'Furkan Zorba','1998-02-25',184,76,8);
INSERT INTO Pessoa (idPessoa, nome, dataNascimento, altura, peso, idCidadeNasc) VALUES (322,'Marco Jhonfai Fabián De La Mora','1989-07-21',171,70,191);
INSERT INTO Pessoa (idPessoa, nome, dataNascimento, altura, peso, idCidadeNasc) VALUES (323,'Mijat Gaćinović','1995-02-8',175,66,286);
INSERT INTO Pessoa (idPessoa, nome, dataNascimento, altura, peso, idCidadeNasc) VALUES (324,'Max Besuschkow','1997-05-31',187,78,122);
INSERT INTO Pessoa (idPessoa, nome, dataNascimento, altura, peso, idCidadeNasc) VALUES (325,'Makoto Hasebe','1984-01-18',177,66,342);
INSERT INTO Pessoa (idPessoa, nome, dataNascimento, altura, peso, idCidadeNasc) VALUES (326,'Marc Stendera','1995-12-10',174,64,173);
INSERT INTO Pessoa (idPessoa, nome, dataNascimento, altura, peso, idCidadeNasc) VALUES (327,'Slobodan Medojević','1990-10-20',182,77,286);
INSERT INTO Pessoa (idPessoa, nome, dataNascimento, altura, peso, idCidadeNasc) VALUES (328,'Aymen Barkok','1998-05-21',180,75,8);
INSERT INTO Pessoa (idPessoa, nome, dataNascimento, altura, peso, idCidadeNasc) VALUES (329,'Miguel Blanco','1999-04-26',180,75,8);
INSERT INTO Pessoa (idPessoa, nome, dataNascimento, altura, peso, idCidadeNasc) VALUES (330,'Omar Mascarell González','1993-02-2',180,70,305);
INSERT INTO Pessoa (idPessoa, nome, dataNascimento, altura, peso, idCidadeNasc) VALUES (331,'Danny Blum','1991-01-7',184,81,69);
INSERT INTO Pessoa (idPessoa, nome, dataNascimento, altura, peso, idCidadeNasc) VALUES (332,'Haris Seferović','1992-02-22',185,85,237);
INSERT INTO Pessoa (idPessoa, nome, dataNascimento, altura, peso, idCidadeNasc) VALUES (333,'Alexander Meier','1983-01-17',196,96,174);
INSERT INTO Pessoa (idPessoa, nome, dataNascimento, altura, peso, idCidadeNasc) VALUES (334,'Ante Rebić','1993-09-21',182,80,292);
INSERT INTO Pessoa (idPessoa, nome, dataNascimento, altura, peso, idCidadeNasc) VALUES (335,'Marius Wolf','1995-05-27',187,73,14);
INSERT INTO Pessoa (idPessoa, nome, dataNascimento, altura, peso, idCidadeNasc) VALUES (336,'Shani Tarashaj','1995-02-7',176,77,226);
INSERT INTO Pessoa (idPessoa, nome, dataNascimento, altura, peso, idCidadeNasc) VALUES (337,'Branimir Hrgota','1993-01-12',185,74,364);
INSERT INTO Pessoa (idPessoa, nome, dataNascimento, altura, peso, idCidadeNasc) VALUES (338,'Niko Kovač','1971-10-15',176,75,167);
INSERT INTO Pessoa (idPessoa, nome, dataNascimento, altura, peso, idCidadeNasc) VALUES (339,'Bernd Leno','1992-03-4',190,83,41);
INSERT INTO Pessoa (idPessoa, nome, dataNascimento, altura, peso, idCidadeNasc) VALUES (340,'Ramazan Özcan','1984-06-28',187,84,244);
INSERT INTO Pessoa (idPessoa, nome, dataNascimento, altura, peso, idCidadeNasc) VALUES (341,'Niklas Lomb','1993-07-28',188,84,129);
INSERT INTO Pessoa (idPessoa, nome, dataNascimento, altura, peso, idCidadeNasc) VALUES (342,'Jonathan Tah','1996-02-11',192,90,166);
INSERT INTO Pessoa (idPessoa, nome, dataNascimento, altura, peso, idCidadeNasc) VALUES (343,'Aleksandar Dragović','1991-03-6',184,76,243);
INSERT INTO Pessoa (idPessoa, nome, dataNascimento, altura, peso, idCidadeNasc) VALUES (344,'Roberto Hilbert','1984-10-16',182,74,93);
INSERT INTO Pessoa (idPessoa, nome, dataNascimento, altura, peso, idCidadeNasc) VALUES (345,'Tin Jedvaj','1995-11-28',184,80,290);
INSERT INTO Pessoa (idPessoa, nome, dataNascimento, altura, peso, idCidadeNasc) VALUES (346,'Wendell Nascimento Borges','1993-07-20',176,64,368);
INSERT INTO Pessoa (idPessoa, nome, dataNascimento, altura, peso, idCidadeNasc) VALUES (347,'Ömer Toprak','1989-07-21',186,83,24);
INSERT INTO Pessoa (idPessoa, nome, dataNascimento, altura, peso, idCidadeNasc) VALUES (348,'Danny Vieira da Costa','1993-07-13',185,84,66);
INSERT INTO Pessoa (idPessoa, nome, dataNascimento, altura, peso, idCidadeNasc) VALUES (349,'Lars Bender','1989-04-27',184,77,23);
INSERT INTO Pessoa (idPessoa, nome, dataNascimento, altura, peso, idCidadeNasc) VALUES (350,'Julian Baumgartlinger','1988-01-2',183,82,250);
INSERT INTO Pessoa (idPessoa, nome, dataNascimento, altura, peso, idCidadeNasc) VALUES (351,'Charles Mariano Aránguiz Sandoval','1989-04-17',172,70,240);
INSERT INTO Pessoa (idPessoa, nome, dataNascimento, altura, peso, idCidadeNasc) VALUES (352,'Kai Havertz','1999-06-11',180,75,8);
INSERT INTO Pessoa (idPessoa, nome, dataNascimento, altura, peso, idCidadeNasc) VALUES (353,'Vladlen Yurchenko','1994-01-22',181,74,351);
INSERT INTO Pessoa (idPessoa, nome, dataNascimento, altura, peso, idCidadeNasc) VALUES (354,'Atakan Akkaynak','1999-01-5',180,75,8);
INSERT INTO Pessoa (idPessoa, nome, dataNascimento, altura, peso, idCidadeNasc) VALUES (355,'Karim Bellarabi','1990-04-8',183,76,167);
INSERT INTO Pessoa (idPessoa, nome, dataNascimento, altura, peso, idCidadeNasc) VALUES (356,'Benjamin Henrichs','1997-02-23',182,78,129);
INSERT INTO Pessoa (idPessoa, nome, dataNascimento, altura, peso, idCidadeNasc) VALUES (357,'Kevin Kampl','1990-10-9',178,65,26);
INSERT INTO Pessoa (idPessoa, nome, dataNascimento, altura, peso, idCidadeNasc) VALUES (358,'Javier Hernández Balcázar','1988-06-1',175,62,191);
INSERT INTO Pessoa (idPessoa, nome, dataNascimento, altura, peso, idCidadeNasc) VALUES (359,'Leon Bailey Butler','1997-08-9',181,70,337);
INSERT INTO Pessoa (idPessoa, nome, dataNascimento, altura, peso, idCidadeNasc) VALUES (360,'Hakan Çalhanoğlu','1994-02-8',178,76,86);
INSERT INTO Pessoa (idPessoa, nome, dataNascimento, altura, peso, idCidadeNasc) VALUES (361,'Stefan Kießling','1984-01-25',191,80,105);
INSERT INTO Pessoa (idPessoa, nome, dataNascimento, altura, peso, idCidadeNasc) VALUES (362,'Admir Mehmedi','1991-03-16',183,81,217);
INSERT INTO Pessoa (idPessoa, nome, dataNascimento, altura, peso, idCidadeNasc) VALUES (363,'Joel Pohjanpalo','1994-09-13',176,60,216);
INSERT INTO Pessoa (idPessoa, nome, dataNascimento, altura, peso, idCidadeNasc) VALUES (364,'Julian Brandt','1996-05-2',183,82,57);
INSERT INTO Pessoa (idPessoa, nome, dataNascimento, altura, peso, idCidadeNasc) VALUES (365,'Kevin Volland','1992-07-30',179,82,143);
INSERT INTO Pessoa (idPessoa, nome, dataNascimento, altura, peso, idCidadeNasc) VALUES (366,'Tayfun Korkut','1974-04-2',180,75,33);
INSERT INTO Pessoa (idPessoa, nome, dataNascimento, altura, peso, idCidadeNasc) VALUES (367,'Andreas Luthe','1987-03-10',195,85,20);
INSERT INTO Pessoa (idPessoa, nome, dataNascimento, altura, peso, idCidadeNasc) VALUES (368,'Ioannis Gelios','1992-04-24',190,80,98);
INSERT INTO Pessoa (idPessoa, nome, dataNascimento, altura, peso, idCidadeNasc) VALUES (369,'Marwin Hitz','1987-09-18',193,86,219);
INSERT INTO Pessoa (idPessoa, nome, dataNascimento, altura, peso, idCidadeNasc) VALUES (370,'Paul Verhaegh','1983-09-1',178,74,212);
INSERT INTO Pessoa (idPessoa, nome, dataNascimento, altura, peso, idCidadeNasc) VALUES (371,'Konstantinos Stafylidis','1993-12-2',178,77,189);
INSERT INTO Pessoa (idPessoa, nome, dataNascimento, altura, peso, idCidadeNasc) VALUES (372,'Jeffrey Gouweleeuw','1991-07-10',187,78,213);
INSERT INTO Pessoa (idPessoa, nome, dataNascimento, altura, peso, idCidadeNasc) VALUES (373,'Marvin Friedrich','1995-12-13',193,80,173);
INSERT INTO Pessoa (idPessoa, nome, dataNascimento, altura, peso, idCidadeNasc) VALUES (374,'Christoph Janker','1985-02-14',185,78,175);
INSERT INTO Pessoa (idPessoa, nome, dataNascimento, altura, peso, idCidadeNasc) VALUES (375,'Jan-Ingwer Callsen-Bracker','1984-09-23',188,88,59);
INSERT INTO Pessoa (idPessoa, nome, dataNascimento, altura, peso, idCidadeNasc) VALUES (376,'Philipp Max','1993-09-30',177,77,134);
INSERT INTO Pessoa (idPessoa, nome, dataNascimento, altura, peso, idCidadeNasc) VALUES (377,'Raphael Framberger','1995-09-6',179,73,161);
INSERT INTO Pessoa (idPessoa, nome, dataNascimento, altura, peso, idCidadeNasc) VALUES (378,'Martin Hinteregger','1992-09-7',184,78,242);
INSERT INTO Pessoa (idPessoa, nome, dataNascimento, altura, peso, idCidadeNasc) VALUES (379,'Tim Rieder','1993-09-3',186,77,40);
INSERT INTO Pessoa (idPessoa, nome, dataNascimento, altura, peso, idCidadeNasc) VALUES (380,'Moritz Leitner','1992-12-8',176,70,76);
INSERT INTO Pessoa (idPessoa, nome, dataNascimento, altura, peso, idCidadeNasc) VALUES (381,'Halil Altıntop','1982-12-8',185,75,87);
INSERT INTO Pessoa (idPessoa, nome, dataNascimento, altura, peso, idCidadeNasc) VALUES (382,'Markus Feulner','1982-02-12',183,82,133);
INSERT INTO Pessoa (idPessoa, nome, dataNascimento, altura, peso, idCidadeNasc) VALUES (383,'Daniel Baier','1984-05-18',176,77,129);
INSERT INTO Pessoa (idPessoa, nome, dataNascimento, altura, peso, idCidadeNasc) VALUES (384,'Jonathan Schmid','1990-06-26',179,77,327);
INSERT INTO Pessoa (idPessoa, nome, dataNascimento, altura, peso, idCidadeNasc) VALUES (385,'Jan Morávek','1989-11-1',180,75,195);
INSERT INTO Pessoa (idPessoa, nome, dataNascimento, altura, peso, idCidadeNasc) VALUES (386,'Ja-Cheol Koo','1989-02-27',183,78,7);
INSERT INTO Pessoa (idPessoa, nome, dataNascimento, altura, peso, idCidadeNasc) VALUES (387,'Gojko Kačar','1987-01-26',183,77,286);
INSERT INTO Pessoa (idPessoa, nome, dataNascimento, altura, peso, idCidadeNasc) VALUES (388,'Dominik Kohr','1994-01-31',183,79,53);
INSERT INTO Pessoa (idPessoa, nome, dataNascimento, altura, peso, idCidadeNasc) VALUES (389,'Georg Teigl','1991-02-9',183,77,243);
INSERT INTO Pessoa (idPessoa, nome, dataNascimento, altura, peso, idCidadeNasc) VALUES (390,'Marco Schuster','1995-10-10',179,76,75);
INSERT INTO Pessoa (idPessoa, nome, dataNascimento, altura, peso, idCidadeNasc) VALUES (391,'Caiuby Francisco da Silva','1988-07-14',184,85,372);
INSERT INTO Pessoa (idPessoa, nome, dataNascimento, altura, peso, idCidadeNasc) VALUES (392,'Kevin Danso','1998-09-19',180,75,8);
INSERT INTO Pessoa (idPessoa, nome, dataNascimento, altura, peso, idCidadeNasc) VALUES (393,'Takashi Usami','1992-05-6',180,72,347);
INSERT INTO Pessoa (idPessoa, nome, dataNascimento, altura, peso, idCidadeNasc) VALUES (394,'Dong-Won Ji','1991-05-28',188,81,9);
INSERT INTO Pessoa (idPessoa, nome, dataNascimento, altura, peso, idCidadeNasc) VALUES (395,'Raúl Marcelo Bobadilla','1987-06-18',181,88,185);
INSERT INTO Pessoa (idPessoa, nome, dataNascimento, altura, peso, idCidadeNasc) VALUES (396,'Alfreð Finnbogason','1989-02-1',184,80,328);
INSERT INTO Pessoa (idPessoa, nome, dataNascimento, altura, peso, idCidadeNasc) VALUES (397,'Julian Günther Schmidt','1994-09-13',183,80,149);
INSERT INTO Pessoa (idPessoa, nome, dataNascimento, altura, peso, idCidadeNasc) VALUES (398,'Manuel Baum','1979-08-30',180,75,28);
INSERT INTO Pessoa (idPessoa, nome, dataNascimento, altura, peso, idCidadeNasc) VALUES (399,'René Adler','1985-01-15',191,87,126);
INSERT INTO Pessoa (idPessoa, nome, dataNascimento, altura, peso, idCidadeNasc) VALUES (400,'Andreas Hirzel','1993-03-25',190,89,235);
INSERT INTO Pessoa (idPessoa, nome, dataNascimento, altura, peso, idCidadeNasc) VALUES (401,'Christian Mathenia','1992-03-31',189,90,177);
INSERT INTO Pessoa (idPessoa, nome, dataNascimento, altura, peso, idCidadeNasc) VALUES (402,'Tom Mickel','1989-04-19',185,84,169);
INSERT INTO Pessoa (idPessoa, nome, dataNascimento, altura, peso, idCidadeNasc) VALUES (403,'Dennis Diekmeier','1989-10-20',188,79,135);
INSERT INTO Pessoa (idPessoa, nome, dataNascimento, altura, peso, idCidadeNasc) VALUES (404,'Johan Danon Djourou-Gbadjere','1987-01-18',191,87,278);
INSERT INTO Pessoa (idPessoa, nome, dataNascimento, altura, peso, idCidadeNasc) VALUES (405,'Douglas dos Santos Justino de Melo','1994-03-22',175,70,370);
INSERT INTO Pessoa (idPessoa, nome, dataNascimento, altura, peso, idCidadeNasc) VALUES (406,'Kyriakos Papadopoulos','1992-02-23',185,87,190);
INSERT INTO Pessoa (idPessoa, nome, dataNascimento, altura, peso, idCidadeNasc) VALUES (407,'Mërgim Mavraj','1986-06-9',189,84,55);
INSERT INTO Pessoa (idPessoa, nome, dataNascimento, altura, peso, idCidadeNasc) VALUES (408,'Matthias Ostrzolek','1990-06-5',178,72,43);
INSERT INTO Pessoa (idPessoa, nome, dataNascimento, altura, peso, idCidadeNasc) VALUES (409,'Gotoku Sakai','1991-03-14',176,74,332);
INSERT INTO Pessoa (idPessoa, nome, dataNascimento, altura, peso, idCidadeNasc) VALUES (410,'Gideon Jung','1994-09-12',189,76,62);
INSERT INTO Pessoa (idPessoa, nome, dataNascimento, altura, peso, idCidadeNasc) VALUES (411,'Young-Jae Seo','1995-05-23',182,75,8);
INSERT INTO Pessoa (idPessoa, nome, dataNascimento, altura, peso, idCidadeNasc) VALUES (412,'Ashton Philip Shawn Götz','1993-07-16',177,74,64);
INSERT INTO Pessoa (idPessoa, nome, dataNascimento, altura, peso, idCidadeNasc) VALUES (413,'Lewis Harry Holtby','1990-09-18',176,72,31);
INSERT INTO Pessoa (idPessoa, nome, dataNascimento, altura, peso, idCidadeNasc) VALUES (414,'Michael Gregoritsch','1994-04-18',193,87,246);
INSERT INTO Pessoa (idPessoa, nome, dataNascimento, altura, peso, idCidadeNasc) VALUES (415,'Walace Souza Silva','1995-04-4',188,75,373);
INSERT INTO Pessoa (idPessoa, nome, dataNascimento, altura, peso, idCidadeNasc) VALUES (416,'Aaron Hunt','1986-09-4',183,73,72);
INSERT INTO Pessoa (idPessoa, nome, dataNascimento, altura, peso, idCidadeNasc) VALUES (417,'Vasilije Janjičić','1998-11-2',180,82,235);
INSERT INTO Pessoa (idPessoa, nome, dataNascimento, altura, peso, idCidadeNasc) VALUES (418,'Filip Kostić','1992-11-1',184,82,284);
INSERT INTO Pessoa (idPessoa, nome, dataNascimento, altura, peso, idCidadeNasc) VALUES (419,'Dren Feka','1997-06-9',182,71,106);
INSERT INTO Pessoa (idPessoa, nome, dataNascimento, altura, peso, idCidadeNasc) VALUES (420,'Albin Ekdal','1989-07-28',186,75,201);
INSERT INTO Pessoa (idPessoa, nome, dataNascimento, altura, peso, idCidadeNasc) VALUES (421,'Nabil Bahoui','1991-02-5',188,84,201);
INSERT INTO Pessoa (idPessoa, nome, dataNascimento, altura, peso, idCidadeNasc) VALUES (422,'Nicolai Müller','1987-09-25',173,66,71);
INSERT INTO Pessoa (idPessoa, nome, dataNascimento, altura, peso, idCidadeNasc) VALUES (423,'Frank Ronstadt','1997-07-21',179,76,166);
INSERT INTO Pessoa (idPessoa, nome, dataNascimento, altura, peso, idCidadeNasc) VALUES (424,'Finn-Dominik Porath','1997-02-23',179,68,127);
INSERT INTO Pessoa (idPessoa, nome, dataNascimento, altura, peso, idCidadeNasc) VALUES (425,'Bobby Shou Wood','1992-11-15',180,79,335);
INSERT INTO Pessoa (idPessoa, nome, dataNascimento, altura, peso, idCidadeNasc) VALUES (426,'Pierre-Michel Lasogga','1991-12-15',189,88,80);
INSERT INTO Pessoa (idPessoa, nome, dataNascimento, altura, peso, idCidadeNasc) VALUES (427,'Gian-Luca Waldschmidt','1996-05-19',181,75,96);
INSERT INTO Pessoa (idPessoa, nome, dataNascimento, altura, peso, idCidadeNasc) VALUES (428,'Bakery Jatta','1998-06-6',184,79,180);
INSERT INTO Pessoa (idPessoa, nome, dataNascimento, altura, peso, idCidadeNasc) VALUES (429,'Mats Köhlert','1998-05-2',168,62,166);
INSERT INTO Pessoa (idPessoa, nome, dataNascimento, altura, peso, idCidadeNasc) VALUES (430,'Markus Gisdol','1969-08-17',184,78,130);
INSERT INTO Pessoa (idPessoa, nome, dataNascimento, altura, peso, idCidadeNasc) VALUES (431,'Jonas Lössl','1989-02-1',195,89,265);
INSERT INTO Pessoa (idPessoa, nome, dataNascimento, altura, peso, idCidadeNasc) VALUES (432,'Gianluca Curci','1985-07-12',191,90,268);
INSERT INTO Pessoa (idPessoa, nome, dataNascimento, altura, peso, idCidadeNasc) VALUES (433,'Jannik Huth','1994-04-15',185,80,27);
INSERT INTO Pessoa (idPessoa, nome, dataNascimento, altura, peso, idCidadeNasc) VALUES (434,'Lukas Watkowiak','1996-03-6',191,75,8);
INSERT INTO Pessoa (idPessoa, nome, dataNascimento, altura, peso, idCidadeNasc) VALUES (435,'Florian Müller','1997-11-13',190,75,162);
INSERT INTO Pessoa (idPessoa, nome, dataNascimento, altura, peso, idCidadeNasc) VALUES (436,'Giulio Donati','1990-02-5',179,76,270);
INSERT INTO Pessoa (idPessoa, nome, dataNascimento, altura, peso, idCidadeNasc) VALUES (437,'Leon-Aderemi Balogun','1988-06-28',190,81,167);
INSERT INTO Pessoa (idPessoa, nome, dataNascimento, altura, peso, idCidadeNasc) VALUES (438,'Stefan Bell','1991-08-24',192,86,178);
INSERT INTO Pessoa (idPessoa, nome, dataNascimento, altura, peso, idCidadeNasc) VALUES (439,'Daniel Brosinski','1988-07-17',178,70,50);
INSERT INTO Pessoa (idPessoa, nome, dataNascimento, altura, peso, idCidadeNasc) VALUES (440,'Gaetan Bussmann','1991-02-2',184,75,310);
INSERT INTO Pessoa (idPessoa, nome, dataNascimento, altura, peso, idCidadeNasc) VALUES (441,'Niko Bungert','1986-10-24',188,75,43);
INSERT INTO Pessoa (idPessoa, nome, dataNascimento, altura, peso, idCidadeNasc) VALUES (442,'Alexander Hack','1993-09-8',193,75,109);
INSERT INTO Pessoa (idPessoa, nome, dataNascimento, altura, peso, idCidadeNasc) VALUES (443,'Marin Sverko','1998-02-4',180,75,8);
INSERT INTO Pessoa (idPessoa, nome, dataNascimento, altura, peso, idCidadeNasc) VALUES (444,'Danny Latza','1989-12-7',179,75,87);
INSERT INTO Pessoa (idPessoa, nome, dataNascimento, altura, peso, idCidadeNasc) VALUES (445,'Robin Quaison','1993-10-9',183,76,201);
INSERT INTO Pessoa (idPessoa, nome, dataNascimento, altura, peso, idCidadeNasc) VALUES (446,'Levin Mete Öztunali','1996-03-15',184,78,166);
INSERT INTO Pessoa (idPessoa, nome, dataNascimento, altura, peso, idCidadeNasc) VALUES (447,'Jairo Samperio Bustara','1993-07-11',170,65,303);
INSERT INTO Pessoa (idPessoa, nome, dataNascimento, altura, peso, idCidadeNasc) VALUES (448,'Fabian Frei','1989-01-8',183,80,229);
INSERT INTO Pessoa (idPessoa, nome, dataNascimento, altura, peso, idCidadeNasc) VALUES (449,'André Ramalho Silva','1992-02-16',182,81,367);
INSERT INTO Pessoa (idPessoa, nome, dataNascimento, altura, peso, idCidadeNasc) VALUES (450,'Jean-Philippe Gbamin','1995-09-25',186,75,277);
INSERT INTO Pessoa (idPessoa, nome, dataNascimento, altura, peso, idCidadeNasc) VALUES (451,'Besar Halimi','1994-12-12',169,75,115);
INSERT INTO Pessoa (idPessoa, nome, dataNascimento, altura, peso, idCidadeNasc) VALUES (452,'Gerrit Holtmann','1995-03-25',183,73,57);
INSERT INTO Pessoa (idPessoa, nome, dataNascimento, altura, peso, idCidadeNasc) VALUES (453,'Suat Serdar','1997-04-11',183,75,27);
INSERT INTO Pessoa (idPessoa, nome, dataNascimento, altura, peso, idCidadeNasc) VALUES (454,'Phillipp Klement','1992-09-9',176,70,12);
INSERT INTO Pessoa (idPessoa, nome, dataNascimento, altura, peso, idCidadeNasc) VALUES (455,'Yoshinori Muto','1992-07-15',178,67,343);
INSERT INTO Pessoa (idPessoa, nome, dataNascimento, altura, peso, idCidadeNasc) VALUES (456,'Bojan Krkíc Pérez','1990-08-28',170,65,306);
INSERT INTO Pessoa (idPessoa, nome, dataNascimento, altura, peso, idCidadeNasc) VALUES (457,'Emil Berggreen','1993-05-10',194,88,260);
INSERT INTO Pessoa (idPessoa, nome, dataNascimento, altura, peso, idCidadeNasc) VALUES (458,'Jhon Andrés Córdoba Copete','1993-05-10',188,84,241);
INSERT INTO Pessoa (idPessoa, nome, dataNascimento, altura, peso, idCidadeNasc) VALUES (459,'Karim Onisiwo','1992-03-17',188,75,243);
INSERT INTO Pessoa (idPessoa, nome, dataNascimento, altura, peso, idCidadeNasc) VALUES (460,'Pablo Ezequiel De Blasis','1988-02-4',166,60,187);
INSERT INTO Pessoa (idPessoa, nome, dataNascimento, altura, peso, idCidadeNasc) VALUES (461,'Aaron Seydel','1996-02-7',199,75,8);
INSERT INTO Pessoa (idPessoa, nome, dataNascimento, altura, peso, idCidadeNasc) VALUES (462,'Mounir Bouziane','1991-02-5',181,84,316);
INSERT INTO Pessoa (idPessoa, nome, dataNascimento, altura, peso, idCidadeNasc) VALUES (463,'Martin Schmidt','1967-04-12',181,74,224);
INSERT INTO Pessoa (idPessoa, nome, dataNascimento, altura, peso, idCidadeNasc) VALUES (464,'Diego Benaglio','1983-09-8',194,89,235);
INSERT INTO Pessoa (idPessoa, nome, dataNascimento, altura, peso, idCidadeNasc) VALUES (465,'Max Grün','1987-04-5',190,86,124);
INSERT INTO Pessoa (idPessoa, nome, dataNascimento, altura, peso, idCidadeNasc) VALUES (466,'Koen Casteels','1992-06-25',197,86,206);
INSERT INTO Pessoa (idPessoa, nome, dataNascimento, altura, peso, idCidadeNasc) VALUES (467,'Phillip Menzel','1998-08-18',180,75,13);
INSERT INTO Pessoa (idPessoa, nome, dataNascimento, altura, peso, idCidadeNasc) VALUES (468,'Philipp Wollscheid','1989-03-6',194,88,104);
INSERT INTO Pessoa (idPessoa, nome, dataNascimento, altura, peso, idCidadeNasc) VALUES (469,'Jeffrey Bruma','1991-11-13',186,87,210);
INSERT INTO Pessoa (idPessoa, nome, dataNascimento, altura, peso, idCidadeNasc) VALUES (470,'Christian Träsch','1987-09-1',180,74,171);
INSERT INTO Pessoa (idPessoa, nome, dataNascimento, altura, peso, idCidadeNasc) VALUES (471,'Jannes-Kilian Horn','1997-02-6',186,75,142);
INSERT INTO Pessoa (idPessoa, nome, dataNascimento, altura, peso, idCidadeNasc) VALUES (472,'Sebastian Jung','1990-06-22',179,68,137);
INSERT INTO Pessoa (idPessoa, nome, dataNascimento, altura, peso, idCidadeNasc) VALUES (473,'Robin Knoche','1992-05-22',190,75,142);
INSERT INTO Pessoa (idPessoa, nome, dataNascimento, altura, peso, idCidadeNasc) VALUES (474,'Ricardo Iván Rodríguez Araya','1992-08-25',181,78,235);
INSERT INTO Pessoa (idPessoa, nome, dataNascimento, altura, peso, idCidadeNasc) VALUES (475,'Gian-Luca Itter','1999-01-5',180,75,8);
INSERT INTO Pessoa (idPessoa, nome, dataNascimento, altura, peso, idCidadeNasc) VALUES (476,'Robin Ziegele','1997-03-13',180,75,46);
INSERT INTO Pessoa (idPessoa, nome, dataNascimento, altura, peso, idCidadeNasc) VALUES (477,'Hendrik Hansen','1994-11-4',192,75,46);
INSERT INTO Pessoa (idPessoa, nome, dataNascimento, altura, peso, idCidadeNasc) VALUES (478,'Riechedly Bazoer','1996-10-12',184,74,211);
INSERT INTO Pessoa (idPessoa, nome, dataNascimento, altura, peso, idCidadeNasc) VALUES (479,'Adelino André Vieira Freitas','1986-01-24',172,73,339);
INSERT INTO Pessoa (idPessoa, nome, dataNascimento, altura, peso, idCidadeNasc) VALUES (480,'Yunus Mallı','1992-02-24',179,70,173);
INSERT INTO Pessoa (idPessoa, nome, dataNascimento, altura, peso, idCidadeNasc) VALUES (481,'Daniel Didavi','1990-02-21',179,74,74);
INSERT INTO Pessoa (idPessoa, nome, dataNascimento, altura, peso, idCidadeNasc) VALUES (482,'Yannick Gerhardt','1994-03-13',184,81,22);
INSERT INTO Pessoa (idPessoa, nome, dataNascimento, altura, peso, idCidadeNasc) VALUES (483,'Jakub Błaszczykowski','1985-12-14',176,77,357);
INSERT INTO Pessoa (idPessoa, nome, dataNascimento, altura, peso, idCidadeNasc) VALUES (484,'Luiz Gustavo Dias','1987-07-23',187,80,376);
INSERT INTO Pessoa (idPessoa, nome, dataNascimento, altura, peso, idCidadeNasc) VALUES (485,'Josuha Guilavogui','1990-09-19',188,78,318);
INSERT INTO Pessoa (idPessoa, nome, dataNascimento, altura, peso, idCidadeNasc) VALUES (486,'Justin Möbius','1997-04-21',180,75,8);
INSERT INTO Pessoa (idPessoa, nome, dataNascimento, altura, peso, idCidadeNasc) VALUES (487,'Maximilian Arnold','1994-05-27',184,75,36);
INSERT INTO Pessoa (idPessoa, nome, dataNascimento, altura, peso, idCidadeNasc) VALUES (488,'Amara Conde','1997-01-6',173,75,15);
INSERT INTO Pessoa (idPessoa, nome, dataNascimento, altura, peso, idCidadeNasc) VALUES (489,'Paul Seguin','1995-03-29',186,75,95);
INSERT INTO Pessoa (idPessoa, nome, dataNascimento, altura, peso, idCidadeNasc) VALUES (490,'Ismail Azzaoui','1998-01-6',177,72,205);
INSERT INTO Pessoa (idPessoa, nome, dataNascimento, altura, peso, idCidadeNasc) VALUES (491,'Ashkan Dejagah','1986-07-5',181,74,273);
INSERT INTO Pessoa (idPessoa, nome, dataNascimento, altura, peso, idCidadeNasc) VALUES (492,'Paul-Georges Ntep de Madiba','1992-07-29',180,82,330);
INSERT INTO Pessoa (idPessoa, nome, dataNascimento, altura, peso, idCidadeNasc) VALUES (493,'Borja Mayoral Moya','1997-04-5',181,68,302);
INSERT INTO Pessoa (idPessoa, nome, dataNascimento, altura, peso, idCidadeNasc) VALUES (494,'Victor James Osimhen','1998-12-29',185,75,8);
INSERT INTO Pessoa (idPessoa, nome, dataNascimento, altura, peso, idCidadeNasc) VALUES (495,'Mario Gómez García','1985-07-10',189,93,138);
INSERT INTO Pessoa (idPessoa, nome, dataNascimento, altura, peso, idCidadeNasc) VALUES (496,'Andries Jonker','1962-09-22',178,70,209);
INSERT INTO Pessoa (idPessoa, nome, dataNascimento, altura, peso, idCidadeNasc) VALUES (497,'Ørjan Håskjold Nyland','1990-09-10',192,90,281);
INSERT INTO Pessoa (idPessoa, nome, dataNascimento, altura, peso, idCidadeNasc) VALUES (498,'Fabijan Buntic','1997-02-24',194,86,33);
INSERT INTO Pessoa (idPessoa, nome, dataNascimento, altura, peso, idCidadeNasc) VALUES (499,'Martin Hansen','1990-06-15',188,79,259);
INSERT INTO Pessoa (idPessoa, nome, dataNascimento, altura, peso, idCidadeNasc) VALUES (500,'Christian Ortag','1995-01-14',191,82,50);
INSERT INTO Pessoa (idPessoa, nome, dataNascimento, altura, peso, idCidadeNasc) VALUES (501,'Anthony Jung','1991-11-3',186,83,304);
INSERT INTO Pessoa (idPessoa, nome, dataNascimento, altura, peso, idCidadeNasc) VALUES (502,'Giuseppe Leo','1995-01-30',193,75,76);
INSERT INTO Pessoa (idPessoa, nome, dataNascimento, altura, peso, idCidadeNasc) VALUES (503,'Romain Brégerie','1986-08-9',190,90,326);
INSERT INTO Pessoa (idPessoa, nome, dataNascimento, altura, peso, idCidadeNasc) VALUES (504,'Tobias Levels','1986-11-22',186,81,84);
INSERT INTO Pessoa (idPessoa, nome, dataNascimento, altura, peso, idCidadeNasc) VALUES (505,'Markus Suttner','1987-04-16',179,72,255);
INSERT INTO Pessoa (idPessoa, nome, dataNascimento, altura, peso, idCidadeNasc) VALUES (506,'Marcel Tisserand','1993-01-10',175,70,314);
INSERT INTO Pessoa (idPessoa, nome, dataNascimento, altura, peso, idCidadeNasc) VALUES (507,'Florent Hadergjonaj','1994-07-31',182,72,230);
INSERT INTO Pessoa (idPessoa, nome, dataNascimento, altura, peso, idCidadeNasc) VALUES (508,'Marvin Matip','1985-09-25',184,83,43);
INSERT INTO Pessoa (idPessoa, nome, dataNascimento, altura, peso, idCidadeNasc) VALUES (509,'Alfredo Morales','1990-05-12',183,74,167);
INSERT INTO Pessoa (idPessoa, nome, dataNascimento, altura, peso, idCidadeNasc) VALUES (510,'Roger De Oliveira Bernardes','1985-08-10',184,80,371);
INSERT INTO Pessoa (idPessoa, nome, dataNascimento, altura, peso, idCidadeNasc) VALUES (511,'Pascal Groß','1991-06-15',181,76,86);
INSERT INTO Pessoa (idPessoa, nome, dataNascimento, altura, peso, idCidadeNasc) VALUES (512,'Max Christiansen','1996-09-25',188,84,170);
INSERT INTO Pessoa (idPessoa, nome, dataNascimento, altura, peso, idCidadeNasc) VALUES (513,'Patrick Sussek','2000-02-8',180,75,8);
INSERT INTO Pessoa (idPessoa, nome, dataNascimento, altura, peso, idCidadeNasc) VALUES (514,'Sonny Kittel','1993-01-6',178,65,159);
INSERT INTO Pessoa (idPessoa, nome, dataNascimento, altura, peso, idCidadeNasc) VALUES (515,'Nico Rinderknecht','1997-10-11',182,70,159);
INSERT INTO Pessoa (idPessoa, nome, dataNascimento, altura, peso, idCidadeNasc) VALUES (516,'Maurice Multhaup','1996-12-15',173,74,119);
INSERT INTO Pessoa (idPessoa, nome, dataNascimento, altura, peso, idCidadeNasc) VALUES (517,'Almog Cohen','1988-09-1',169,71,199);
INSERT INTO Pessoa (idPessoa, nome, dataNascimento, altura, peso, idCidadeNasc) VALUES (518,'Mathew Leckie','1991-02-4',181,84,294);
INSERT INTO Pessoa (idPessoa, nome, dataNascimento, altura, peso, idCidadeNasc) VALUES (519,'Moritz Hartmann','1986-06-20',183,77,113);
INSERT INTO Pessoa (idPessoa, nome, dataNascimento, altura, peso, idCidadeNasc) VALUES (520,'Dario Lezcano','1990-06-30',178,72,1);
INSERT INTO Pessoa (idPessoa, nome, dataNascimento, altura, peso, idCidadeNasc) VALUES (521,'Robert Leipertz','1993-02-1',182,76,56);
INSERT INTO Pessoa (idPessoa, nome, dataNascimento, altura, peso, idCidadeNasc) VALUES (522,'Stefan Lex','1989-11-27',178,74,156);
INSERT INTO Pessoa (idPessoa, nome, dataNascimento, altura, peso, idCidadeNasc) VALUES (523,'Lukas Hinterseer','1991-03-28',192,84,252);
INSERT INTO Pessoa (idPessoa, nome, dataNascimento, altura, peso, idCidadeNasc) VALUES (524,'Maik Walpurgis','1973-10-9',188,90,61);
INSERT INTO Pessoa (idPessoa, nome, dataNascimento, altura, peso, idCidadeNasc) VALUES (525,'Daniel Heuer Fernandes','1992-11-13',188,81,8);
INSERT INTO Pessoa (idPessoa, nome, dataNascimento, altura, peso, idCidadeNasc) VALUES (526,'Igor Berezovskiy','1990-08-24',194,83,350);
INSERT INTO Pessoa (idPessoa, nome, dataNascimento, altura, peso, idCidadeNasc) VALUES (527,'Michael Esser','1987-11-22',198,97,92);
INSERT INTO Pessoa (idPessoa, nome, dataNascimento, altura, peso, idCidadeNasc) VALUES (528,'Leon Guwara','1996-06-28',185,83,129);
INSERT INTO Pessoa (idPessoa, nome, dataNascimento, altura, peso, idCidadeNasc) VALUES (529,'Alexander Milosevic','1992-01-30',191,82,201);
INSERT INTO Pessoa (idPessoa, nome, dataNascimento, altura, peso, idCidadeNasc) VALUES (530,'Aytac Sulu','1985-12-11',183,80,77);
INSERT INTO Pessoa (idPessoa, nome, dataNascimento, altura, peso, idCidadeNasc) VALUES (531,'Benjamin Gorka','1984-04-15',196,95,86);
INSERT INTO Pessoa (idPessoa, nome, dataNascimento, altura, peso, idCidadeNasc) VALUES (532,'Artem Fedetskiy','1985-04-26',184,82,352);
INSERT INTO Pessoa (idPessoa, nome, dataNascimento, altura, peso, idCidadeNasc) VALUES (533,'Markus Steinhöfer','1986-03-7',176,72,114);
INSERT INTO Pessoa (idPessoa, nome, dataNascimento, altura, peso, idCidadeNasc) VALUES (534,'Sandro Sirigu','1988-10-7',184,79,172);
INSERT INTO Pessoa (idPessoa, nome, dataNascimento, altura, peso, idCidadeNasc) VALUES (535,'Immanuel Höhn','1991-12-23',183,72,177);
INSERT INTO Pessoa (idPessoa, nome, dataNascimento, altura, peso, idCidadeNasc) VALUES (536,'Patrick Banggaard','1994-04-4',194,84,256);
INSERT INTO Pessoa (idPessoa, nome, dataNascimento, altura, peso, idCidadeNasc) VALUES (537,'Fabian Holland','1990-07-11',172,75,167);
INSERT INTO Pessoa (idPessoa, nome, dataNascimento, altura, peso, idCidadeNasc) VALUES (538,'Johannes Wolff','1998-07-10',175,61,8);
INSERT INTO Pessoa (idPessoa, nome, dataNascimento, altura, peso, idCidadeNasc) VALUES (539,'Can Luka Aydogan','1998-12-31',178,64,8);
INSERT INTO Pessoa (idPessoa, nome, dataNascimento, altura, peso, idCidadeNasc) VALUES (540,'Daniel Thur','1998-04-28',180,64,8);
INSERT INTO Pessoa (idPessoa, nome, dataNascimento, altura, peso, idCidadeNasc) VALUES (541,'Kevin Großkreutz','1988-07-19',186,77,140);
INSERT INTO Pessoa (idPessoa, nome, dataNascimento, altura, peso, idCidadeNasc) VALUES (542,'Wilson Kamavuaka','1990-03-29',188,81,101);
INSERT INTO Pessoa (idPessoa, nome, dataNascimento, altura, peso, idCidadeNasc) VALUES (543,'Mario Vrančić','1989-05-23',187,77,293);
INSERT INTO Pessoa (idPessoa, nome, dataNascimento, altura, peso, idCidadeNasc) VALUES (544,'Jérôme Gondorf','1988-06-26',175,76,50);
INSERT INTO Pessoa (idPessoa, nome, dataNascimento, altura, peso, idCidadeNasc) VALUES (545,'Jan Rosenthal','1986-04-7',186,76,65);
INSERT INTO Pessoa (idPessoa, nome, dataNascimento, altura, peso, idCidadeNasc) VALUES (546,'Peter Niemeyer','1983-11-22',191,83,70);
INSERT INTO Pessoa (idPessoa, nome, dataNascimento, altura, peso, idCidadeNasc) VALUES (547,'Marcel Heller','1986-02-12',176,70,63);
INSERT INTO Pessoa (idPessoa, nome, dataNascimento, altura, peso, idCidadeNasc) VALUES (548,'Sidney Sam','1988-01-31',174,71,13);
INSERT INTO Pessoa (idPessoa, nome, dataNascimento, altura, peso, idCidadeNasc) VALUES (549,'Hamit Altıntop','1982-12-8',183,82,87);
INSERT INTO Pessoa (idPessoa, nome, dataNascimento, altura, peso, idCidadeNasc) VALUES (550,'Liam Fisch','1998-11-23',177,64,8);
INSERT INTO Pessoa (idPessoa, nome, dataNascimento, altura, peso, idCidadeNasc) VALUES (551,'Dominik Stroh-Engel','1985-11-27',197,87,125);
INSERT INTO Pessoa (idPessoa, nome, dataNascimento, altura, peso, idCidadeNasc) VALUES (552,'Victor Obinna Nsofor','1987-03-25',182,80,275);
INSERT INTO Pessoa (idPessoa, nome, dataNascimento, altura, peso, idCidadeNasc) VALUES (553,'Terrence Boyd','1991-02-16',188,89,57);
INSERT INTO Pessoa (idPessoa, nome, dataNascimento, altura, peso, idCidadeNasc) VALUES (554,'Antonio-Mirko Colak','1993-09-17',188,73,158);
INSERT INTO Pessoa (idPessoa, nome, dataNascimento, altura, peso, idCidadeNasc) VALUES (555,'Felix Platte','1996-02-11',191,88,17);
INSERT INTO Pessoa (idPessoa, nome, dataNascimento, altura, peso, idCidadeNasc) VALUES (556,'Denys Oliynyk','1987-06-16',178,66,349);
INSERT INTO Pessoa (idPessoa, nome, dataNascimento, altura, peso, idCidadeNasc) VALUES (557,'Sven Schipplock','1988-11-8',186,84,139);
INSERT INTO Pessoa (idPessoa, nome, dataNascimento, altura, peso, idCidadeNasc) VALUES (558,'Silas Zehnder','1999-06-30',180,75,8);
INSERT INTO Pessoa (idPessoa, nome, dataNascimento, altura, peso, idCidadeNasc) VALUES (559,'Torsten Frings','1976-11-22',182,80,22);
INSERT INTO Pessoa (idPessoa, nome, dataNascimento, altura, peso, idCidadeNasc) VALUES (560,'Felix Byrch','1975-08-03',185,80,176);
INSERT INTO Pessoa (idPessoa, nome, dataNascimento, altura, peso, idCidadeNasc) VALUES (561,'Manuel Grafe','1973-09-21',189,81,198);
INSERT INTO Pessoa (idPessoa, nome, dataNascimento, altura, peso, idCidadeNasc) VALUES (562,'Wolfgang Stark','1969-11-20',178,72,176);
INSERT INTO Pessoa (idPessoa, nome, dataNascimento, altura, peso, idCidadeNasc) VALUES (563,'Tobias Stieler','1981-07-02',181,83,85);
INSERT INTO Pessoa (idPessoa, nome, dataNascimento, altura, peso, idCidadeNasc) VALUES (564,'Marco Fritz','1977-10-03',180,89,120);
INSERT INTO Pessoa (idPessoa, nome, dataNascimento, altura, peso, idCidadeNasc) VALUES (565,'Felix Zwayer','1981-05-19',177,80,198);
INSERT INTO Pessoa (idPessoa, nome, dataNascimento, altura, peso, idCidadeNasc) VALUES (566,'Daniel Silbert','1984-05-04',172,70,198);
INSERT INTO Pessoa (idPessoa, nome, dataNascimento, altura, peso, idCidadeNasc) VALUES (567,'Sacha Stegemann','1984-12-06',189,89,84);
INSERT INTO Pessoa (idPessoa, nome, dataNascimento, altura, peso, idCidadeNasc) VALUES (568,'Deniz Aytekin','1978-07-21',182,81,198);
INSERT INTO Pessoa (idPessoa, nome, dataNascimento, altura, peso, idCidadeNasc) VALUES (569,'Bastian Dankert','1980-06-09',191,90,193);

--Estadio
INSERT INTO Estadio (idEstadio, nome, dataAbertura, morada, lotacao,idCidade) VALUES (1,'Allianz Arena','2005','Werner-Heisenberg-Allee 25',75000,76);
INSERT INTO Estadio (idEstadio, nome, dataAbertura, morada, lotacao,idCidade) VALUES (2,'Red Bull Arena','2004','Am Sportforum 3',44345,126);
INSERT INTO Estadio (idEstadio, nome, dataAbertura, morada, lotacao,idCidade) VALUES (3,'Signal-Iduna-Park','1974','Strobelalle 50',81360,140);
INSERT INTO Estadio (idEstadio, nome, dataAbertura, morada, lotacao,idCidade) VALUES (4,'WIRSOL Rhein-Neckar-Arena','2009','Dietmar-Hopp-Straße 1',30164,35);
INSERT INTO Estadio (idEstadio, nome, dataAbertura, morada, lotacao,idCidade) VALUES (5,'RheinEnergieStadion','2004','Aachener Str. 999',50076,129);
INSERT INTO Estadio (idEstadio, nome, dataAbertura, morada, lotacao,idCidade) VALUES (6,'Olympiastadion Berlin','1936','Olympischer Platz 3',77116,167);
INSERT INTO Estadio (idEstadio, nome, dataAbertura, morada, lotacao,idCidade) VALUES (7,'Schwarzwald-Stadion','1954','Schwarzwaldstraße 193',25000,111);
INSERT INTO Estadio (idEstadio, nome, dataAbertura, morada, lotacao,idCidade) VALUES (8,'Weserstadion','1924','Franz-Böhmert-Straße 1c',42358,57);
INSERT INTO Estadio (idEstadio, nome, dataAbertura, morada, lotacao,idCidade) VALUES (9,'Stadion im BORUSSIA-PARK','2004','Hennes-Weisweiler-Allee 1',54057,51);
INSERT INTO Estadio (idEstadio, nome, dataAbertura, morada, lotacao,idCidade) VALUES (10,'VELTINS-Arena','2001','Arenaring 1',62271,87);
INSERT INTO Estadio (idEstadio, nome, dataAbertura, morada, lotacao,idCidade) VALUES (11,'Commerzbank-Arena','2005','Mörfelder Landstr. 362',52300,58);
INSERT INTO Estadio (idEstadio, nome, dataAbertura, morada, lotacao,idCidade) VALUES (12,'BayArena','1958','Bismarckstr. 122-124',30210,82);
INSERT INTO Estadio (idEstadio, nome, dataAbertura, morada, lotacao,idCidade) VALUES (13,'WWK Arena','2009','Bürgermeister Ulrich-Straße 90',30662,98);
INSERT INTO Estadio (idEstadio, nome, dataAbertura, morada, lotacao,idCidade) VALUES (14,'Volksparkstadion','1998','Sylvester Allee 7',57030,166);
INSERT INTO Estadio (idEstadio, nome, dataAbertura, morada, lotacao,idCidade) VALUES (15,'OPEL ARENA','2011','Eugen-Salomon-Straße 1',34034,177);
INSERT INTO Estadio (idEstadio, nome, dataAbertura, morada, lotacao,idCidade) VALUES (16,'VOLKSWAGEN ARENA','2002','In den Allerwiesen 1',30000,46);
INSERT INTO Estadio (idEstadio, nome, dataAbertura, morada, lotacao,idCidade) VALUES (17,'Audi-Sportpark','2010','Am Sportpark 1',15729,171);
INSERT INTO Estadio (idEstadio, nome, dataAbertura, morada, lotacao,idCidade) VALUES (18,'Jonathan-Heimes-Stadion am Böllenfalltor','1921','Nieder-Ramstädter Straße 170',17468,52);

--Equipa
INSERT INTO Equipa (idEquipa, nome, dataFundacao, idEstadio) VALUES (1,'Bayern München','1900',1);
INSERT INTO Equipa (idEquipa, nome, dataFundacao, idEstadio) VALUES (2,'RB Leipzig','2009',2);
INSERT INTO Equipa (idEquipa, nome, dataFundacao, idEstadio) VALUES (3,'Borussia Dortmund','1909',3);
INSERT INTO Equipa (idEquipa, nome, dataFundacao, idEstadio) VALUES (4,'Hoffenheim','1899',4);
INSERT INTO Equipa (idEquipa, nome, dataFundacao, idEstadio) VALUES (5,'Köln','1948',5);
INSERT INTO Equipa (idEquipa, nome, dataFundacao, idEstadio) VALUES (6,'Hertha BSC','1892',6);
INSERT INTO Equipa (idEquipa, nome, dataFundacao, idEstadio) VALUES (7,'Freiburg','1904',7);
INSERT INTO Equipa (idEquipa, nome, dataFundacao, idEstadio) VALUES (8,'Werder Bremen','1899',8);
INSERT INTO Equipa (idEquipa, nome, dataFundacao, idEstadio) VALUES (9,'Borussia Monchengladbach','1900',9);
INSERT INTO Equipa (idEquipa, nome, dataFundacao, idEstadio) VALUES (10,'Schalke 04','1904',10);
INSERT INTO Equipa (idEquipa, nome, dataFundacao, idEstadio) VALUES (11,'Eintracht Frankfurt','1899',11);
INSERT INTO Equipa (idEquipa, nome, dataFundacao, idEstadio) VALUES (12,'Bayer Leverkusen','1904',12);
INSERT INTO Equipa (idEquipa, nome, dataFundacao, idEstadio) VALUES (13,'Augsburg','1907',13);
INSERT INTO Equipa (idEquipa, nome, dataFundacao, idEstadio) VALUES (14,'Hamburger SV','1887',14);
INSERT INTO Equipa (idEquipa, nome, dataFundacao, idEstadio) VALUES (15,'Mainz 05','1905',15);
INSERT INTO Equipa (idEquipa, nome, dataFundacao, idEstadio) VALUES (16,'Wolfsburg','1945',16);
INSERT INTO Equipa (idEquipa, nome, dataFundacao, idEstadio) VALUES (17,'Ingolstadt','2004',17);
INSERT INTO Equipa (idEquipa, nome, dataFundacao, idEstadio) VALUES (18,'Darmstadt 98','1898',18);

--Participou
insert into Participou (idEquipa, idEpoca, classificacao) values (1, 1, 1);
insert into Participou (idEquipa, idEpoca, classificacao) values (2, 1, 2);
insert into Participou (idEquipa, idEpoca, classificacao) values (3, 1, 3);
insert into Participou (idEquipa, idEpoca, classificacao) values (4, 1, 4);
insert into Participou (idEquipa, idEpoca, classificacao) values (5, 1, 5);
insert into Participou (idEquipa, idEpoca, classificacao) values (6, 1, 6);
insert into Participou (idEquipa, idEpoca, classificacao) values (7, 1, 7);
insert into Participou (idEquipa, idEpoca, classificacao) values (8, 1, 8);
insert into Participou (idEquipa, idEpoca, classificacao) values (9, 1, 9);
insert into Participou (idEquipa, idEpoca, classificacao) values (10, 1, 10);
insert into Participou (idEquipa, idEpoca, classificacao) values (11, 1, 11);
insert into Participou (idEquipa, idEpoca, classificacao) values (12, 1, 12);
insert into Participou (idEquipa, idEpoca, classificacao) values (13, 1, 13);
insert into Participou (idEquipa, idEpoca, classificacao) values (14, 1, 14);
insert into Participou (idEquipa, idEpoca, classificacao) values (15, 1, 15);
insert into Participou (idEquipa, idEpoca, classificacao) values (16, 1, 16);
insert into Participou (idEquipa, idEpoca, classificacao) values (17, 1, 17);
insert into Participou (idEquipa, idEpoca, classificacao) values (18, 1, 18);

--Equipamento
insert into Equipamento (idEquipamento, corCamisola, corCalcoes, idEquipa, idEpoca) values (1, 'Vermelho', 'Branco', 1, 1);
insert into Equipamento (idEquipamento, corCamisola, corCalcoes, idEquipa, idEpoca) values (2, 'Branco', 'Vermelho', 2, 1);
insert into Equipamento (idEquipamento, corCamisola, corCalcoes, idEquipa, idEpoca) values (3, 'Amarelo', 'Preto', 3, 1);
insert into Equipamento (idEquipamento, corCamisola, corCalcoes, idEquipa, idEpoca) values (4, 'Azul', 'Branco', 4, 1);
insert into Equipamento (idEquipamento, corCamisola, corCalcoes, idEquipa, idEpoca) values (5, 'Branco', 'Branco', 5, 1);
insert into Equipamento (idEquipamento, corCamisola, corCalcoes, idEquipa, idEpoca) values (6, 'Azul', 'Branco', 6, 1);
insert into Equipamento (idEquipamento, corCamisola, corCalcoes, idEquipa, idEpoca) values (7, 'Vermelho', 'Preto', 7, 1);
insert into Equipamento (idEquipamento, corCamisola, corCalcoes, idEquipa, idEpoca) values (8, 'Verde', 'Branco', 8, 1);
insert into Equipamento (idEquipamento, corCamisola, corCalcoes, idEquipa, idEpoca) values (9, 'Branco', 'Branco', 9, 1);
insert into Equipamento (idEquipamento, corCamisola, corCalcoes, idEquipa, idEpoca) values (10, 'Azul', 'Branco', 10, 1);
insert into Equipamento (idEquipamento, corCamisola, corCalcoes, idEquipa, idEpoca) values (11, 'Branco', 'Branco', 11, 1);
insert into Equipamento (idEquipamento, corCamisola, corCalcoes, idEquipa, idEpoca) values (12, 'Vermelho', 'Preto', 12, 1);
insert into Equipamento (idEquipamento, corCamisola, corCalcoes, idEquipa, idEpoca) values (13, 'Branco', 'Branco', 13, 1);
insert into Equipamento (idEquipamento, corCamisola, corCalcoes, idEquipa, idEpoca) values (14, 'Azul', 'Preto', 14, 1);
insert into Equipamento (idEquipamento, corCamisola, corCalcoes, idEquipa, idEpoca) values (15, 'Vermelho', 'Branco', 15, 1);
insert into Equipamento (idEquipamento, corCamisola, corCalcoes, idEquipa, idEpoca) values (16, 'Verde', 'Branco', 16, 1);
insert into Equipamento (idEquipamento, corCamisola, corCalcoes, idEquipa, idEpoca) values (17, 'Vermelho', 'Vermelho', 17, 1);
insert into Equipamento (idEquipamento, corCamisola, corCalcoes, idEquipa, idEpoca) values (18, 'Azul', 'Branco', 18, 1);


--Arbitro
INSERT INTO Arbitro (idPessoa) VALUES (560);
INSERT INTO Arbitro (idPessoa) VALUES (561);
INSERT INTO Arbitro (idPessoa) VALUES (562);
INSERT INTO Arbitro (idPessoa) VALUES (563);
INSERT INTO Arbitro (idPessoa) VALUES (564);
INSERT INTO Arbitro (idPessoa) VALUES (565);
INSERT INTO Arbitro (idPessoa) VALUES (566);
INSERT INTO Arbitro (idPessoa) VALUES (567);
INSERT INTO Arbitro (idPessoa) VALUES (568);
INSERT INTO Arbitro (idPessoa) VALUES (569);

--Contrato
insert into Contrato (idContrato, dataInicio, dataFim) values (1, '2016-07-01', '2017-06-31');
insert into Contrato (idContrato, dataInicio, dataFim) values (2, '2016-07-01', '2018-06-31');
insert into Contrato (idContrato, dataInicio, dataFim) values (3, '2016-07-01', '2019-06-31');
insert into Contrato (idContrato, dataInicio, dataFim) values (4, '2016-07-01', '2020-06-31');
insert into Contrato (idContrato, dataInicio, dataFim) values (5, '2016-07-01', '2021-06-31');

--Jogador
INSERT INTO Jogador (idPessoa, posicaoPref, pePref) VALUES (1,'Guarda-Redes','Direito');
INSERT INTO Jogador (idPessoa, posicaoPref, pePref) VALUES (2,'Guarda-Redes','Direito');
INSERT INTO Jogador (idPessoa, posicaoPref, pePref) VALUES (3,'Guarda-Redes','Direito');
INSERT INTO Jogador (idPessoa, posicaoPref, pePref) VALUES (4,'Guarda-Redes','Direito');
INSERT INTO Jogador (idPessoa, posicaoPref, pePref) VALUES (5,'Defesa','Direito');
INSERT INTO Jogador (idPessoa, posicaoPref, pePref) VALUES (6,'Defesa','Direito');
INSERT INTO Jogador (idPessoa, posicaoPref, pePref) VALUES (7,'Defesa','Direito');
INSERT INTO Jogador (idPessoa, posicaoPref, pePref) VALUES (8,'Defesa','Direito');
INSERT INTO Jogador (idPessoa, posicaoPref, pePref) VALUES (9,'Defesa','Esquerdo');
INSERT INTO Jogador (idPessoa, posicaoPref, pePref) VALUES (10,'Medio','Direito');
INSERT INTO Jogador (idPessoa, posicaoPref, pePref) VALUES (11,'Medio','Direito');
INSERT INTO Jogador (idPessoa, posicaoPref, pePref) VALUES (12,'Medio','Direito');
INSERT INTO Jogador (idPessoa, posicaoPref, pePref) VALUES (13,'Medio','Esquerdo');
INSERT INTO Jogador (idPessoa, posicaoPref, pePref) VALUES (14,'Medio','Esquerdo');
INSERT INTO Jogador (idPessoa, posicaoPref, pePref) VALUES (15,'Medio','Direito');
INSERT INTO Jogador (idPessoa, posicaoPref, pePref) VALUES (16,'Medio','Direito');
INSERT INTO Jogador (idPessoa, posicaoPref, pePref) VALUES (17,'Medio','Esquerdo');
INSERT INTO Jogador (idPessoa, posicaoPref, pePref) VALUES (18,'Medio','Direito');
INSERT INTO Jogador (idPessoa, posicaoPref, pePref) VALUES (19,'Medio','Direito');
INSERT INTO Jogador (idPessoa, posicaoPref, pePref) VALUES (20,'Medio','Direito');
INSERT INTO Jogador (idPessoa, posicaoPref, pePref) VALUES (21,'Medio','Direito');
INSERT INTO Jogador (idPessoa, posicaoPref, pePref) VALUES (22,'Medio','Direito');
INSERT INTO Jogador (idPessoa, posicaoPref, pePref) VALUES (23,'Medio','Direito');
INSERT INTO Jogador (idPessoa, posicaoPref, pePref) VALUES (24,'Medio','Esquerdo');
INSERT INTO Jogador (idPessoa, posicaoPref, pePref) VALUES (25,'Avancado','Direito');
INSERT INTO Jogador (idPessoa, posicaoPref, pePref) VALUES (26,'Avancado','Direito');
INSERT INTO Jogador (idPessoa, posicaoPref, pePref) VALUES (27,'Avancado','Direito');
INSERT INTO Jogador (idPessoa, posicaoPref, pePref) VALUES (28,'Avancado','Direito');
INSERT INTO Jogador (idPessoa, posicaoPref, pePref) VALUES (29,'Avancado','Direito');
INSERT INTO Jogador (idPessoa, posicaoPref, pePref) VALUES (31,'Guarda-Redes','Direito');
INSERT INTO Jogador (idPessoa, posicaoPref, pePref) VALUES (32,'Guarda-Redes','Direito');
INSERT INTO Jogador (idPessoa, posicaoPref, pePref) VALUES (33,'Guarda-Redes','Direito');
INSERT INTO Jogador (idPessoa, posicaoPref, pePref) VALUES (34,'Guarda-Redes','Direito');
INSERT INTO Jogador (idPessoa, posicaoPref, pePref) VALUES (35,'Defesa','Direito');
INSERT INTO Jogador (idPessoa, posicaoPref, pePref) VALUES (36,'Defesa','Direito');
INSERT INTO Jogador (idPessoa, posicaoPref, pePref) VALUES (37,'Defesa','Direito');
INSERT INTO Jogador (idPessoa, posicaoPref, pePref) VALUES (38,'Defesa','Direito');
INSERT INTO Jogador (idPessoa, posicaoPref, pePref) VALUES (39,'Defesa','Direito');
INSERT INTO Jogador (idPessoa, posicaoPref, pePref) VALUES (40,'Defesa','Esquerdo');
INSERT INTO Jogador (idPessoa, posicaoPref, pePref) VALUES (41,'Defesa','Esquerdo');
INSERT INTO Jogador (idPessoa, posicaoPref, pePref) VALUES (42,'Defesa','Direito');
INSERT INTO Jogador (idPessoa, posicaoPref, pePref) VALUES (43,'Medio','Direito');
INSERT INTO Jogador (idPessoa, posicaoPref, pePref) VALUES (44,'Medio','Direito');
INSERT INTO Jogador (idPessoa, posicaoPref, pePref) VALUES (45,'Medio','Direito');
INSERT INTO Jogador (idPessoa, posicaoPref, pePref) VALUES (46,'Medio','Direito');
INSERT INTO Jogador (idPessoa, posicaoPref, pePref) VALUES (47,'Medio','Direito');
INSERT INTO Jogador (idPessoa, posicaoPref, pePref) VALUES (48,'Medio','Direito');
INSERT INTO Jogador (idPessoa, posicaoPref, pePref) VALUES (49,'Medio','Direito');
INSERT INTO Jogador (idPessoa, posicaoPref, pePref) VALUES (50,'Medio','Direito');
INSERT INTO Jogador (idPessoa, posicaoPref, pePref) VALUES (51,'Medio','Esquerdo');
INSERT INTO Jogador (idPessoa, posicaoPref, pePref) VALUES (52,'Medio','Direito');
INSERT INTO Jogador (idPessoa, posicaoPref, pePref) VALUES (53,'Avancado','Direito');
INSERT INTO Jogador (idPessoa, posicaoPref, pePref) VALUES (54,'Avancado','Direito');
INSERT INTO Jogador (idPessoa, posicaoPref, pePref) VALUES (55,'Avancado','Direito');
INSERT INTO Jogador (idPessoa, posicaoPref, pePref) VALUES (56,'Avancado','Direito');
INSERT INTO Jogador (idPessoa, posicaoPref, pePref) VALUES (57,'Avancado','Direito');
INSERT INTO Jogador (idPessoa, posicaoPref, pePref) VALUES (59,'Guarda-Redes','Esquerdo');
INSERT INTO Jogador (idPessoa, posicaoPref, pePref) VALUES (60,'Guarda-Redes','Direito');
INSERT INTO Jogador (idPessoa, posicaoPref, pePref) VALUES (61,'Guarda-Redes','Direito');
INSERT INTO Jogador (idPessoa, posicaoPref, pePref) VALUES (62,'Defesa','Esquerdo');
INSERT INTO Jogador (idPessoa, posicaoPref, pePref) VALUES (63,'Defesa','Direito');
INSERT INTO Jogador (idPessoa, posicaoPref, pePref) VALUES (64,'Defesa','Esquerdo');
INSERT INTO Jogador (idPessoa, posicaoPref, pePref) VALUES (65,'Defesa','Direito');
INSERT INTO Jogador (idPessoa, posicaoPref, pePref) VALUES (66,'Defesa','Direito');
INSERT INTO Jogador (idPessoa, posicaoPref, pePref) VALUES (67,'Defesa','Direito');
INSERT INTO Jogador (idPessoa, posicaoPref, pePref) VALUES (68,'Defesa','Esquerdo');
INSERT INTO Jogador (idPessoa, posicaoPref, pePref) VALUES (69,'Defesa','Direito');
INSERT INTO Jogador (idPessoa, posicaoPref, pePref) VALUES (70,'Defesa','Direito');
INSERT INTO Jogador (idPessoa, posicaoPref, pePref) VALUES (71,'Medio','Direito');
INSERT INTO Jogador (idPessoa, posicaoPref, pePref) VALUES (72,'Medio','Direito');
INSERT INTO Jogador (idPessoa, posicaoPref, pePref) VALUES (73,'Medio','Esquerdo');
INSERT INTO Jogador (idPessoa, posicaoPref, pePref) VALUES (74,'Medio','Esquerdo');
INSERT INTO Jogador (idPessoa, posicaoPref, pePref) VALUES (75,'Medio','Direito');
INSERT INTO Jogador (idPessoa, posicaoPref, pePref) VALUES (76,'Medio','Direito');
INSERT INTO Jogador (idPessoa, posicaoPref, pePref) VALUES (77,'Medio','Direito');
INSERT INTO Jogador (idPessoa, posicaoPref, pePref) VALUES (78,'Medio','Direito');
INSERT INTO Jogador (idPessoa, posicaoPref, pePref) VALUES (79,'Medio','Direito');
INSERT INTO Jogador (idPessoa, posicaoPref, pePref) VALUES (80,'Medio','Esquerdo');
INSERT INTO Jogador (idPessoa, posicaoPref, pePref) VALUES (81,'Medio','Direito');
INSERT INTO Jogador (idPessoa, posicaoPref, pePref) VALUES (82,'Medio','Direito');
INSERT INTO Jogador (idPessoa, posicaoPref, pePref) VALUES (83,'Medio','Direito');
INSERT INTO Jogador (idPessoa, posicaoPref, pePref) VALUES (84,'Medio','Direito');
INSERT INTO Jogador (idPessoa, posicaoPref, pePref) VALUES (85,'Avancado','Direito');
INSERT INTO Jogador (idPessoa, posicaoPref, pePref) VALUES (86,'Avancado','Direito');
INSERT INTO Jogador (idPessoa, posicaoPref, pePref) VALUES (87,'Avancado','Direito');
INSERT INTO Jogador (idPessoa, posicaoPref, pePref) VALUES (89,'Guarda-Redes','Direito');
INSERT INTO Jogador (idPessoa, posicaoPref, pePref) VALUES (90,'Guarda-Redes','Direito');
INSERT INTO Jogador (idPessoa, posicaoPref, pePref) VALUES (91,'Guarda-Redes','Direito');
INSERT INTO Jogador (idPessoa, posicaoPref, pePref) VALUES (92,'Defesa','Direito');
INSERT INTO Jogador (idPessoa, posicaoPref, pePref) VALUES (93,'Defesa','Direito');
INSERT INTO Jogador (idPessoa, posicaoPref, pePref) VALUES (94,'Defesa','Direito');
INSERT INTO Jogador (idPessoa, posicaoPref, pePref) VALUES (95,'Defesa','Esquerdo');
INSERT INTO Jogador (idPessoa, posicaoPref, pePref) VALUES (96,'Defesa','Direito');
INSERT INTO Jogador (idPessoa, posicaoPref, pePref) VALUES (97,'Defesa','Esquerdo');
INSERT INTO Jogador (idPessoa, posicaoPref, pePref) VALUES (98,'Defesa','Direito');
INSERT INTO Jogador (idPessoa, posicaoPref, pePref) VALUES (99,'Defesa','Direito');
INSERT INTO Jogador (idPessoa, posicaoPref, pePref) VALUES (100,'Medio','Direito');
INSERT INTO Jogador (idPessoa, posicaoPref, pePref) VALUES (101,'Medio','Direito');
INSERT INTO Jogador (idPessoa, posicaoPref, pePref) VALUES (102,'Medio','Direito');
INSERT INTO Jogador (idPessoa, posicaoPref, pePref) VALUES (103,'Medio','Esquerdo');
INSERT INTO Jogador (idPessoa, posicaoPref, pePref) VALUES (104,'Medio','Direito');
INSERT INTO Jogador (idPessoa, posicaoPref, pePref) VALUES (105,'Medio','Direito');
INSERT INTO Jogador (idPessoa, posicaoPref, pePref) VALUES (106,'Medio','Direito');
INSERT INTO Jogador (idPessoa, posicaoPref, pePref) VALUES (107,'Medio','Direito');
INSERT INTO Jogador (idPessoa, posicaoPref, pePref) VALUES (108,'Medio','Esquerdo');
INSERT INTO Jogador (idPessoa, posicaoPref, pePref) VALUES (109,'Medio','Direito');
INSERT INTO Jogador (idPessoa, posicaoPref, pePref) VALUES (110,'Avancado','Direito');
INSERT INTO Jogador (idPessoa, posicaoPref, pePref) VALUES (111,'Avancado','Esquerdo');
INSERT INTO Jogador (idPessoa, posicaoPref, pePref) VALUES (112,'Avancado','Direito');
INSERT INTO Jogador (idPessoa, posicaoPref, pePref) VALUES (113,'Avancado','Direito');
INSERT INTO Jogador (idPessoa, posicaoPref, pePref) VALUES (114,'Avancado','Direito');
INSERT INTO Jogador (idPessoa, posicaoPref, pePref) VALUES (116,'Guarda-Redes','Direito');
INSERT INTO Jogador (idPessoa, posicaoPref, pePref) VALUES (117,'Guarda-Redes','Direito');
INSERT INTO Jogador (idPessoa, posicaoPref, pePref) VALUES (118,'Guarda-Redes','Direito');
INSERT INTO Jogador (idPessoa, posicaoPref, pePref) VALUES (119,'Guarda-Redes','Direito');
INSERT INTO Jogador (idPessoa, posicaoPref, pePref) VALUES (120,'Defesa','Direito');
INSERT INTO Jogador (idPessoa, posicaoPref, pePref) VALUES (121,'Defesa','Esquerdo');
INSERT INTO Jogador (idPessoa, posicaoPref, pePref) VALUES (122,'Defesa','Direito');
INSERT INTO Jogador (idPessoa, posicaoPref, pePref) VALUES (123,'Defesa','Direito');
INSERT INTO Jogador (idPessoa, posicaoPref, pePref) VALUES (124,'Defesa','Esquerdo');
INSERT INTO Jogador (idPessoa, posicaoPref, pePref) VALUES (125,'Defesa','Direito');
INSERT INTO Jogador (idPessoa, posicaoPref, pePref) VALUES (126,'Defesa','Direito');
INSERT INTO Jogador (idPessoa, posicaoPref, pePref) VALUES (127,'Defesa','Esquerdo');
INSERT INTO Jogador (idPessoa, posicaoPref, pePref) VALUES (128,'Medio','Direito');
INSERT INTO Jogador (idPessoa, posicaoPref, pePref) VALUES (129,'Medio','Direito');
INSERT INTO Jogador (idPessoa, posicaoPref, pePref) VALUES (130,'Medio','Direito');
INSERT INTO Jogador (idPessoa, posicaoPref, pePref) VALUES (131,'Medio','Direito');
INSERT INTO Jogador (idPessoa, posicaoPref, pePref) VALUES (132,'Medio','Esquerdo');
INSERT INTO Jogador (idPessoa, posicaoPref, pePref) VALUES (133,'Medio','Direito');
INSERT INTO Jogador (idPessoa, posicaoPref, pePref) VALUES (134,'Medio','Direito');
INSERT INTO Jogador (idPessoa, posicaoPref, pePref) VALUES (135,'Medio','Direito');
INSERT INTO Jogador (idPessoa, posicaoPref, pePref) VALUES (136,'Medio','Direito');
INSERT INTO Jogador (idPessoa, posicaoPref, pePref) VALUES (137,'Avancado','Direito');
INSERT INTO Jogador (idPessoa, posicaoPref, pePref) VALUES (138,'Avancado','Direito');
INSERT INTO Jogador (idPessoa, posicaoPref, pePref) VALUES (139,'Avancado','Direito');
INSERT INTO Jogador (idPessoa, posicaoPref, pePref) VALUES (140,'Avancado','Direito');
INSERT INTO Jogador (idPessoa, posicaoPref, pePref) VALUES (141,'Avancado','Direito');
INSERT INTO Jogador (idPessoa, posicaoPref, pePref) VALUES (142,'Avancado','Direito');
INSERT INTO Jogador (idPessoa, posicaoPref, pePref) VALUES (144,'Guarda-Redes','Direito');
INSERT INTO Jogador (idPessoa, posicaoPref, pePref) VALUES (145,'Guarda-Redes','Direito');
INSERT INTO Jogador (idPessoa, posicaoPref, pePref) VALUES (146,'Guarda-Redes','Direito');
INSERT INTO Jogador (idPessoa, posicaoPref, pePref) VALUES (147,'Defesa','Direito');
INSERT INTO Jogador (idPessoa, posicaoPref, pePref) VALUES (148,'Defesa','Direito');
INSERT INTO Jogador (idPessoa, posicaoPref, pePref) VALUES (149,'Defesa','Direito');
INSERT INTO Jogador (idPessoa, posicaoPref, pePref) VALUES (150,'Defesa','Esquerdo');
INSERT INTO Jogador (idPessoa, posicaoPref, pePref) VALUES (151,'Defesa','Direito');
INSERT INTO Jogador (idPessoa, posicaoPref, pePref) VALUES (152,'Defesa','Esquerdo');
INSERT INTO Jogador (idPessoa, posicaoPref, pePref) VALUES (153,'Defesa','Direito');
INSERT INTO Jogador (idPessoa, posicaoPref, pePref) VALUES (154,'Defesa','Esquerdo');
INSERT INTO Jogador (idPessoa, posicaoPref, pePref) VALUES (155,'Defesa','Direito');
INSERT INTO Jogador (idPessoa, posicaoPref, pePref) VALUES (156,'Defesa','Direito');
INSERT INTO Jogador (idPessoa, posicaoPref, pePref) VALUES (157,'Defesa','Direito');
INSERT INTO Jogador (idPessoa, posicaoPref, pePref) VALUES (158,'Medio','Direito');
INSERT INTO Jogador (idPessoa, posicaoPref, pePref) VALUES (159,'Medio','Direito');
INSERT INTO Jogador (idPessoa, posicaoPref, pePref) VALUES (160,'Medio','Direito');
INSERT INTO Jogador (idPessoa, posicaoPref, pePref) VALUES (161,'Medio','Direito');
INSERT INTO Jogador (idPessoa, posicaoPref, pePref) VALUES (162,'Medio','Direito');
INSERT INTO Jogador (idPessoa, posicaoPref, pePref) VALUES (163,'Medio','Esquerdo');
INSERT INTO Jogador (idPessoa, posicaoPref, pePref) VALUES (164,'Medio','Esquerdo');
INSERT INTO Jogador (idPessoa, posicaoPref, pePref) VALUES (165,'Medio','Esquerdo');
INSERT INTO Jogador (idPessoa, posicaoPref, pePref) VALUES (166,'Medio','Direito');
INSERT INTO Jogador (idPessoa, posicaoPref, pePref) VALUES (167,'Medio','Direito');
INSERT INTO Jogador (idPessoa, posicaoPref, pePref) VALUES (168,'Medio','Direito');
INSERT INTO Jogador (idPessoa, posicaoPref, pePref) VALUES (169,'Medio','Direito');
INSERT INTO Jogador (idPessoa, posicaoPref, pePref) VALUES (170,'Avancado','Direito');
INSERT INTO Jogador (idPessoa, posicaoPref, pePref) VALUES (171,'Avancado','Direito');
INSERT INTO Jogador (idPessoa, posicaoPref, pePref) VALUES (172,'Avancado','Esquerdo');
INSERT INTO Jogador (idPessoa, posicaoPref, pePref) VALUES (173,'Avancado','Direito');
INSERT INTO Jogador (idPessoa, posicaoPref, pePref) VALUES (174,'Avancado','Direito');
INSERT INTO Jogador (idPessoa, posicaoPref, pePref) VALUES (176,'Guarda-Redes','Direito');
INSERT INTO Jogador (idPessoa, posicaoPref, pePref) VALUES (177,'Guarda-Redes','Direito');
INSERT INTO Jogador (idPessoa, posicaoPref, pePref) VALUES (178,'Guarda-Redes','Direito');
INSERT INTO Jogador (idPessoa, posicaoPref, pePref) VALUES (179,'Defesa','Direito');
INSERT INTO Jogador (idPessoa, posicaoPref, pePref) VALUES (180,'Defesa','Direito');
INSERT INTO Jogador (idPessoa, posicaoPref, pePref) VALUES (181,'Defesa','Direito');
INSERT INTO Jogador (idPessoa, posicaoPref, pePref) VALUES (182,'Defesa','Direito');
INSERT INTO Jogador (idPessoa, posicaoPref, pePref) VALUES (183,'Defesa','Direito');
INSERT INTO Jogador (idPessoa, posicaoPref, pePref) VALUES (184,'Defesa','Direito');
INSERT INTO Jogador (idPessoa, posicaoPref, pePref) VALUES (185,'Defesa','Esquerdo');
INSERT INTO Jogador (idPessoa, posicaoPref, pePref) VALUES (186,'Defesa','Direito');
INSERT INTO Jogador (idPessoa, posicaoPref, pePref) VALUES (187,'Defesa','Direito');
INSERT INTO Jogador (idPessoa, posicaoPref, pePref) VALUES (188,'Defesa','Esquerdo');
INSERT INTO Jogador (idPessoa, posicaoPref, pePref) VALUES (189,'Medio','Direito');
INSERT INTO Jogador (idPessoa, posicaoPref, pePref) VALUES (190,'Medio','Direito');
INSERT INTO Jogador (idPessoa, posicaoPref, pePref) VALUES (191,'Medio','Direito');
INSERT INTO Jogador (idPessoa, posicaoPref, pePref) VALUES (192,'Medio','Direito');
INSERT INTO Jogador (idPessoa, posicaoPref, pePref) VALUES (193,'Medio','Direito');
INSERT INTO Jogador (idPessoa, posicaoPref, pePref) VALUES (194,'Medio','Direito');
INSERT INTO Jogador (idPessoa, posicaoPref, pePref) VALUES (195,'Medio','Direito');
INSERT INTO Jogador (idPessoa, posicaoPref, pePref) VALUES (196,'Medio','Direito');
INSERT INTO Jogador (idPessoa, posicaoPref, pePref) VALUES (197,'Medio','Direito');
INSERT INTO Jogador (idPessoa, posicaoPref, pePref) VALUES (198,'Avancado','Direito');
INSERT INTO Jogador (idPessoa, posicaoPref, pePref) VALUES (199,'Avancado','Direito');
INSERT INTO Jogador (idPessoa, posicaoPref, pePref) VALUES (200,'Avancado','Direito');
INSERT INTO Jogador (idPessoa, posicaoPref, pePref) VALUES (201,'Avancado','Direito');
INSERT INTO Jogador (idPessoa, posicaoPref, pePref) VALUES (202,'Avancado','Direito');
INSERT INTO Jogador (idPessoa, posicaoPref, pePref) VALUES (204,'Guarda-Redes','Direito');
INSERT INTO Jogador (idPessoa, posicaoPref, pePref) VALUES (205,'Guarda-Redes','Direito');
INSERT INTO Jogador (idPessoa, posicaoPref, pePref) VALUES (206,'Guarda-Redes','Direito');
INSERT INTO Jogador (idPessoa, posicaoPref, pePref) VALUES (207,'Guarda-Redes','Direito');
INSERT INTO Jogador (idPessoa, posicaoPref, pePref) VALUES (208,'Guarda-Redes','Direito');
INSERT INTO Jogador (idPessoa, posicaoPref, pePref) VALUES (209,'Defesa','Esquerdo');
INSERT INTO Jogador (idPessoa, posicaoPref, pePref) VALUES (210,'Defesa','Esquerdo');
INSERT INTO Jogador (idPessoa, posicaoPref, pePref) VALUES (211,'Defesa','Direito');
INSERT INTO Jogador (idPessoa, posicaoPref, pePref) VALUES (212,'Defesa','Direito');
INSERT INTO Jogador (idPessoa, posicaoPref, pePref) VALUES (213,'Defesa','Direito');
INSERT INTO Jogador (idPessoa, posicaoPref, pePref) VALUES (214,'Defesa','Esquerdo');
INSERT INTO Jogador (idPessoa, posicaoPref, pePref) VALUES (215,'Defesa','Direito');
INSERT INTO Jogador (idPessoa, posicaoPref, pePref) VALUES (216,'Defesa','Direito');
INSERT INTO Jogador (idPessoa, posicaoPref, pePref) VALUES (217,'Medio','Direito');
INSERT INTO Jogador (idPessoa, posicaoPref, pePref) VALUES (218,'Medio','Direito');
INSERT INTO Jogador (idPessoa, posicaoPref, pePref) VALUES (219,'Medio','Direito');
INSERT INTO Jogador (idPessoa, posicaoPref, pePref) VALUES (220,'Medio','Direito');
INSERT INTO Jogador (idPessoa, posicaoPref, pePref) VALUES (221,'Medio','Direito');
INSERT INTO Jogador (idPessoa, posicaoPref, pePref) VALUES (222,'Medio','Esquerdo');
INSERT INTO Jogador (idPessoa, posicaoPref, pePref) VALUES (223,'Medio','Direito');
INSERT INTO Jogador (idPessoa, posicaoPref, pePref) VALUES (224,'Medio','Direito');
INSERT INTO Jogador (idPessoa, posicaoPref, pePref) VALUES (225,'Medio','Direito');
INSERT INTO Jogador (idPessoa, posicaoPref, pePref) VALUES (226,'Medio','Direito');
INSERT INTO Jogador (idPessoa, posicaoPref, pePref) VALUES (227,'Medio','Direito');
INSERT INTO Jogador (idPessoa, posicaoPref, pePref) VALUES (228,'Medio','Direito');
INSERT INTO Jogador (idPessoa, posicaoPref, pePref) VALUES (229,'Medio','Direito');
INSERT INTO Jogador (idPessoa, posicaoPref, pePref) VALUES (230,'Medio','Direito');
INSERT INTO Jogador (idPessoa, posicaoPref, pePref) VALUES (231,'Avancado','Direito');
INSERT INTO Jogador (idPessoa, posicaoPref, pePref) VALUES (232,'Avancado','Esquerdo');
INSERT INTO Jogador (idPessoa, posicaoPref, pePref) VALUES (233,'Avancado','Direito');
INSERT INTO Jogador (idPessoa, posicaoPref, pePref) VALUES (234,'Avancado','Direito');
INSERT INTO Jogador (idPessoa, posicaoPref, pePref) VALUES (235,'Avancado','Direito');
INSERT INTO Jogador (idPessoa, posicaoPref, pePref) VALUES (236,'Avancado','Direito');
INSERT INTO Jogador (idPessoa, posicaoPref, pePref) VALUES (238,'Guarda-Redes','Direito');
INSERT INTO Jogador (idPessoa, posicaoPref, pePref) VALUES (239,'Guarda-Redes','Direito');
INSERT INTO Jogador (idPessoa, posicaoPref, pePref) VALUES (240,'Guarda-Redes','Direito');
INSERT INTO Jogador (idPessoa, posicaoPref, pePref) VALUES (241,'Guarda-Redes','Direito');
INSERT INTO Jogador (idPessoa, posicaoPref, pePref) VALUES (242,'Defesa','Direito');
INSERT INTO Jogador (idPessoa, posicaoPref, pePref) VALUES (243,'Defesa','Esquerdo');
INSERT INTO Jogador (idPessoa, posicaoPref, pePref) VALUES (244,'Defesa','Esquerdo');
INSERT INTO Jogador (idPessoa, posicaoPref, pePref) VALUES (245,'Defesa','Direito');
INSERT INTO Jogador (idPessoa, posicaoPref, pePref) VALUES (246,'Defesa','Esquerdo');
INSERT INTO Jogador (idPessoa, posicaoPref, pePref) VALUES (247,'Defesa','Esquerdo');
INSERT INTO Jogador (idPessoa, posicaoPref, pePref) VALUES (248,'Defesa','Direito');
INSERT INTO Jogador (idPessoa, posicaoPref, pePref) VALUES (249,'Defesa','Direito');
INSERT INTO Jogador (idPessoa, posicaoPref, pePref) VALUES (250,'Medio','Direito');
INSERT INTO Jogador (idPessoa, posicaoPref, pePref) VALUES (251,'Medio','Direito');
INSERT INTO Jogador (idPessoa, posicaoPref, pePref) VALUES (252,'Medio','Direito');
INSERT INTO Jogador (idPessoa, posicaoPref, pePref) VALUES (253,'Medio','Direito');
INSERT INTO Jogador (idPessoa, posicaoPref, pePref) VALUES (254,'Medio','Esquerdo');
INSERT INTO Jogador (idPessoa, posicaoPref, pePref) VALUES (255,'Medio','Direito');
INSERT INTO Jogador (idPessoa, posicaoPref, pePref) VALUES (256,'Medio','Esquerdo');
INSERT INTO Jogador (idPessoa, posicaoPref, pePref) VALUES (257,'Medio','Direito');
INSERT INTO Jogador (idPessoa, posicaoPref, pePref) VALUES (258,'Medio','Direito');
INSERT INTO Jogador (idPessoa, posicaoPref, pePref) VALUES (259,'Medio','Direito');
INSERT INTO Jogador (idPessoa, posicaoPref, pePref) VALUES (260,'Medio','Direito');
INSERT INTO Jogador (idPessoa, posicaoPref, pePref) VALUES (261,'Medio','Direito');
INSERT INTO Jogador (idPessoa, posicaoPref, pePref) VALUES (262,'Medio','Direito');
INSERT INTO Jogador (idPessoa, posicaoPref, pePref) VALUES (263,'Avancado','Direito');
INSERT INTO Jogador (idPessoa, posicaoPref, pePref) VALUES (264,'Avancado','Direito');
INSERT INTO Jogador (idPessoa, posicaoPref, pePref) VALUES (265,'Avancado','Direito');
INSERT INTO Jogador (idPessoa, posicaoPref, pePref) VALUES (266,'Avancado','Direito');
INSERT INTO Jogador (idPessoa, posicaoPref, pePref) VALUES (267,'Avancado','Direito');
INSERT INTO Jogador (idPessoa, posicaoPref, pePref) VALUES (268,'Avancado','Direito');
INSERT INTO Jogador (idPessoa, posicaoPref, pePref) VALUES (269,'Avancado','Direito');
INSERT INTO Jogador (idPessoa, posicaoPref, pePref) VALUES (271,'Guarda-Redes','Direito');
INSERT INTO Jogador (idPessoa, posicaoPref, pePref) VALUES (272,'Guarda-Redes','Direito');
INSERT INTO Jogador (idPessoa, posicaoPref, pePref) VALUES (273,'Guarda-Redes','Direito');
INSERT INTO Jogador (idPessoa, posicaoPref, pePref) VALUES (274,'Defesa','Direito');
INSERT INTO Jogador (idPessoa, posicaoPref, pePref) VALUES (275,'Defesa','Esquerdo');
INSERT INTO Jogador (idPessoa, posicaoPref, pePref) VALUES (276,'Defesa','Esquerdo');
INSERT INTO Jogador (idPessoa, posicaoPref, pePref) VALUES (277,'Defesa','Esquerdo');
INSERT INTO Jogador (idPessoa, posicaoPref, pePref) VALUES (278,'Defesa','Direito');
INSERT INTO Jogador (idPessoa, posicaoPref, pePref) VALUES (279,'Defesa','Direito');
INSERT INTO Jogador (idPessoa, posicaoPref, pePref) VALUES (280,'Defesa','Direito');
INSERT INTO Jogador (idPessoa, posicaoPref, pePref) VALUES (281,'Defesa','Esquerdo');
INSERT INTO Jogador (idPessoa, posicaoPref, pePref) VALUES (282,'Defesa','Direito');
INSERT INTO Jogador (idPessoa, posicaoPref, pePref) VALUES (283,'Defesa','Direito');
INSERT INTO Jogador (idPessoa, posicaoPref, pePref) VALUES (284,'Defesa','Direito');
INSERT INTO Jogador (idPessoa, posicaoPref, pePref) VALUES (285,'Defesa','Esquerdo');
INSERT INTO Jogador (idPessoa, posicaoPref, pePref) VALUES (286,'Defesa','Direito');
INSERT INTO Jogador (idPessoa, posicaoPref, pePref) VALUES (287,'Medio','Direito');
INSERT INTO Jogador (idPessoa, posicaoPref, pePref) VALUES (288,'Medio','Direito');
INSERT INTO Jogador (idPessoa, posicaoPref, pePref) VALUES (289,'Medio','Direito');
INSERT INTO Jogador (idPessoa, posicaoPref, pePref) VALUES (290,'Medio','Direito');
INSERT INTO Jogador (idPessoa, posicaoPref, pePref) VALUES (291,'Medio','Esquerdo');
INSERT INTO Jogador (idPessoa, posicaoPref, pePref) VALUES (292,'Medio','Direito');
INSERT INTO Jogador (idPessoa, posicaoPref, pePref) VALUES (293,'Medio','Direito');
INSERT INTO Jogador (idPessoa, posicaoPref, pePref) VALUES (294,'Medio','Direito');
INSERT INTO Jogador (idPessoa, posicaoPref, pePref) VALUES (295,'Medio','Direito');
INSERT INTO Jogador (idPessoa, posicaoPref, pePref) VALUES (296,'Avancado','Direito');
INSERT INTO Jogador (idPessoa, posicaoPref, pePref) VALUES (297,'Avancado','Direito');
INSERT INTO Jogador (idPessoa, posicaoPref, pePref) VALUES (298,'Avancado','Direito');
INSERT INTO Jogador (idPessoa, posicaoPref, pePref) VALUES (299,'Avancado','Direito');
INSERT INTO Jogador (idPessoa, posicaoPref, pePref) VALUES (300,'Avancado','Direito');
INSERT INTO Jogador (idPessoa, posicaoPref, pePref) VALUES (301,'Avancado','Direito');
INSERT INTO Jogador (idPessoa, posicaoPref, pePref) VALUES (302,'Avancado','Direito');
INSERT INTO Jogador (idPessoa, posicaoPref, pePref) VALUES (303,'Avancado','Direito');
INSERT INTO Jogador (idPessoa, posicaoPref, pePref) VALUES (305,'Guarda-Redes','Direito');
INSERT INTO Jogador (idPessoa, posicaoPref, pePref) VALUES (306,'Guarda-Redes','Direito');
INSERT INTO Jogador (idPessoa, posicaoPref, pePref) VALUES (307,'Guarda-Redes','Direito');
INSERT INTO Jogador (idPessoa, posicaoPref, pePref) VALUES (308,'Defesa','Direito');
INSERT INTO Jogador (idPessoa, posicaoPref, pePref) VALUES (309,'Defesa','Direito');
INSERT INTO Jogador (idPessoa, posicaoPref, pePref) VALUES (310,'Defesa','Direito');
INSERT INTO Jogador (idPessoa, posicaoPref, pePref) VALUES (311,'Defesa','Direito');
INSERT INTO Jogador (idPessoa, posicaoPref, pePref) VALUES (312,'Defesa','Esquerdo');
INSERT INTO Jogador (idPessoa, posicaoPref, pePref) VALUES (313,'Defesa','Direito');
INSERT INTO Jogador (idPessoa, posicaoPref, pePref) VALUES (314,'Defesa','Direito');
INSERT INTO Jogador (idPessoa, posicaoPref, pePref) VALUES (315,'Defesa','Direito');
INSERT INTO Jogador (idPessoa, posicaoPref, pePref) VALUES (316,'Defesa','Direito');
INSERT INTO Jogador (idPessoa, posicaoPref, pePref) VALUES (317,'Defesa','Esquerdo');
INSERT INTO Jogador (idPessoa, posicaoPref, pePref) VALUES (318,'Defesa','Esquerdo');
INSERT INTO Jogador (idPessoa, posicaoPref, pePref) VALUES (319,'Defesa','Esquerdo');
INSERT INTO Jogador (idPessoa, posicaoPref, pePref) VALUES (320,'Defesa','Direito');
INSERT INTO Jogador (idPessoa, posicaoPref, pePref) VALUES (321,'Defesa','Direito');
INSERT INTO Jogador (idPessoa, posicaoPref, pePref) VALUES (322,'Medio','Direito');
INSERT INTO Jogador (idPessoa, posicaoPref, pePref) VALUES (323,'Medio','Direito');
INSERT INTO Jogador (idPessoa, posicaoPref, pePref) VALUES (324,'Medio','Direito');
INSERT INTO Jogador (idPessoa, posicaoPref, pePref) VALUES (325,'Medio','Direito');
INSERT INTO Jogador (idPessoa, posicaoPref, pePref) VALUES (326,'Medio','Direito');
INSERT INTO Jogador (idPessoa, posicaoPref, pePref) VALUES (327,'Medio','Direito');
INSERT INTO Jogador (idPessoa, posicaoPref, pePref) VALUES (328,'Medio','Direito');
INSERT INTO Jogador (idPessoa, posicaoPref, pePref) VALUES (329,'Medio','Direito');
INSERT INTO Jogador (idPessoa, posicaoPref, pePref) VALUES (330,'Medio','Direito');
INSERT INTO Jogador (idPessoa, posicaoPref, pePref) VALUES (331,'Avancado','Esquerdo');
INSERT INTO Jogador (idPessoa, posicaoPref, pePref) VALUES (332,'Avancado','Esquerdo');
INSERT INTO Jogador (idPessoa, posicaoPref, pePref) VALUES (333,'Avancado','Direito');
INSERT INTO Jogador (idPessoa, posicaoPref, pePref) VALUES (334,'Avancado','Direito');
INSERT INTO Jogador (idPessoa, posicaoPref, pePref) VALUES (335,'Avancado','Direito');
INSERT INTO Jogador (idPessoa, posicaoPref, pePref) VALUES (336,'Avancado','Direito');
INSERT INTO Jogador (idPessoa, posicaoPref, pePref) VALUES (337,'Avancado','Esquerdo');
INSERT INTO Jogador (idPessoa, posicaoPref, pePref) VALUES (339,'Guarda-Redes','Direito');
INSERT INTO Jogador (idPessoa, posicaoPref, pePref) VALUES (340,'Guarda-Redes','Esquerdo');
INSERT INTO Jogador (idPessoa, posicaoPref, pePref) VALUES (341,'Guarda-Redes','Direito');
INSERT INTO Jogador (idPessoa, posicaoPref, pePref) VALUES (342,'Defesa','Direito');
INSERT INTO Jogador (idPessoa, posicaoPref, pePref) VALUES (343,'Defesa','Direito');
INSERT INTO Jogador (idPessoa, posicaoPref, pePref) VALUES (344,'Defesa','Direito');
INSERT INTO Jogador (idPessoa, posicaoPref, pePref) VALUES (345,'Defesa','Direito');
INSERT INTO Jogador (idPessoa, posicaoPref, pePref) VALUES (346,'Defesa','Esquerdo');
INSERT INTO Jogador (idPessoa, posicaoPref, pePref) VALUES (347,'Defesa','Direito');
INSERT INTO Jogador (idPessoa, posicaoPref, pePref) VALUES (348,'Defesa','Direito');
INSERT INTO Jogador (idPessoa, posicaoPref, pePref) VALUES (349,'Medio','Direito');
INSERT INTO Jogador (idPessoa, posicaoPref, pePref) VALUES (350,'Medio','Direito');
INSERT INTO Jogador (idPessoa, posicaoPref, pePref) VALUES (351,'Medio','Esquerdo');
INSERT INTO Jogador (idPessoa, posicaoPref, pePref) VALUES (352,'Medio','Direito');
INSERT INTO Jogador (idPessoa, posicaoPref, pePref) VALUES (353,'Medio','Direito');
INSERT INTO Jogador (idPessoa, posicaoPref, pePref) VALUES (354,'Medio','Direito');
INSERT INTO Jogador (idPessoa, posicaoPref, pePref) VALUES (355,'Medio','Direito');
INSERT INTO Jogador (idPessoa, posicaoPref, pePref) VALUES (356,'Medio','Direito');
INSERT INTO Jogador (idPessoa, posicaoPref, pePref) VALUES (357,'Medio','Direito');
INSERT INTO Jogador (idPessoa, posicaoPref, pePref) VALUES (358,'Avancado','Direito');
INSERT INTO Jogador (idPessoa, posicaoPref, pePref) VALUES (359,'Avancado','Direito');
INSERT INTO Jogador (idPessoa, posicaoPref, pePref) VALUES (360,'Avancado','Direito');
INSERT INTO Jogador (idPessoa, posicaoPref, pePref) VALUES (361,'Avancado','Direito');
INSERT INTO Jogador (idPessoa, posicaoPref, pePref) VALUES (362,'Avancado','Direito');
INSERT INTO Jogador (idPessoa, posicaoPref, pePref) VALUES (363,'Avancado','Direito');
INSERT INTO Jogador (idPessoa, posicaoPref, pePref) VALUES (364,'Avancado','Direito');
INSERT INTO Jogador (idPessoa, posicaoPref, pePref) VALUES (365,'Avancado','Esquerdo');
INSERT INTO Jogador (idPessoa, posicaoPref, pePref) VALUES (367,'Guarda-Redes','Direito');
INSERT INTO Jogador (idPessoa, posicaoPref, pePref) VALUES (368,'Guarda-Redes','Direito');
INSERT INTO Jogador (idPessoa, posicaoPref, pePref) VALUES (369,'Guarda-Redes','Direito');
INSERT INTO Jogador (idPessoa, posicaoPref, pePref) VALUES (370,'Defesa','Direito');
INSERT INTO Jogador (idPessoa, posicaoPref, pePref) VALUES (371,'Defesa','Esquerdo');
INSERT INTO Jogador (idPessoa, posicaoPref, pePref) VALUES (372,'Defesa','Direito');
INSERT INTO Jogador (idPessoa, posicaoPref, pePref) VALUES (373,'Defesa','Direito');
INSERT INTO Jogador (idPessoa, posicaoPref, pePref) VALUES (374,'Defesa','Direito');
INSERT INTO Jogador (idPessoa, posicaoPref, pePref) VALUES (375,'Defesa','Direito');
INSERT INTO Jogador (idPessoa, posicaoPref, pePref) VALUES (376,'Defesa','Esquerdo');
INSERT INTO Jogador (idPessoa, posicaoPref, pePref) VALUES (377,'Defesa','Direito');
INSERT INTO Jogador (idPessoa, posicaoPref, pePref) VALUES (378,'Defesa','Esquerdo');
INSERT INTO Jogador (idPessoa, posicaoPref, pePref) VALUES (379,'Defesa','Direito');
INSERT INTO Jogador (idPessoa, posicaoPref, pePref) VALUES (380,'Medio','Direito');
INSERT INTO Jogador (idPessoa, posicaoPref, pePref) VALUES (381,'Medio','Direito');
INSERT INTO Jogador (idPessoa, posicaoPref, pePref) VALUES (382,'Medio','Direito');
INSERT INTO Jogador (idPessoa, posicaoPref, pePref) VALUES (383,'Medio','Direito');
INSERT INTO Jogador (idPessoa, posicaoPref, pePref) VALUES (384,'Medio','Direito');
INSERT INTO Jogador (idPessoa, posicaoPref, pePref) VALUES (385,'Medio','Direito');
INSERT INTO Jogador (idPessoa, posicaoPref, pePref) VALUES (386,'Medio','Direito');
INSERT INTO Jogador (idPessoa, posicaoPref, pePref) VALUES (387,'Medio','Direito');
INSERT INTO Jogador (idPessoa, posicaoPref, pePref) VALUES (388,'Medio','Esquerdo');
INSERT INTO Jogador (idPessoa, posicaoPref, pePref) VALUES (389,'Medio','Esquerdo');
INSERT INTO Jogador (idPessoa, posicaoPref, pePref) VALUES (390,'Medio','Direito');
INSERT INTO Jogador (idPessoa, posicaoPref, pePref) VALUES (391,'Medio','Direito');
INSERT INTO Jogador (idPessoa, posicaoPref, pePref) VALUES (392,'Medio','Direito');
INSERT INTO Jogador (idPessoa, posicaoPref, pePref) VALUES (393,'Medio','Direito');
INSERT INTO Jogador (idPessoa, posicaoPref, pePref) VALUES (394,'Avancado','Direito');
INSERT INTO Jogador (idPessoa, posicaoPref, pePref) VALUES (395,'Avancado','Direito');
INSERT INTO Jogador (idPessoa, posicaoPref, pePref) VALUES (396,'Avancado','Direito');
INSERT INTO Jogador (idPessoa, posicaoPref, pePref) VALUES (397,'Avancado','Direito');
INSERT INTO Jogador (idPessoa, posicaoPref, pePref) VALUES (399,'Guarda-Redes','Direito');
INSERT INTO Jogador (idPessoa, posicaoPref, pePref) VALUES (400,'Guarda-Redes','Direito');
INSERT INTO Jogador (idPessoa, posicaoPref, pePref) VALUES (401,'Guarda-Redes','Direito');
INSERT INTO Jogador (idPessoa, posicaoPref, pePref) VALUES (402,'Guarda-Redes','Direito');
INSERT INTO Jogador (idPessoa, posicaoPref, pePref) VALUES (403,'Defesa','Direito');
INSERT INTO Jogador (idPessoa, posicaoPref, pePref) VALUES (404,'Defesa','Direito');
INSERT INTO Jogador (idPessoa, posicaoPref, pePref) VALUES (405,'Defesa','Esquerdo');
INSERT INTO Jogador (idPessoa, posicaoPref, pePref) VALUES (406,'Defesa','Direito');
INSERT INTO Jogador (idPessoa, posicaoPref, pePref) VALUES (407,'Defesa','Esquerdo');
INSERT INTO Jogador (idPessoa, posicaoPref, pePref) VALUES (408,'Defesa','Esquerdo');
INSERT INTO Jogador (idPessoa, posicaoPref, pePref) VALUES (409,'Defesa','Direito');
INSERT INTO Jogador (idPessoa, posicaoPref, pePref) VALUES (410,'Defesa','Direito');
INSERT INTO Jogador (idPessoa, posicaoPref, pePref) VALUES (411,'Defesa','Esquerdo');
INSERT INTO Jogador (idPessoa, posicaoPref, pePref) VALUES (412,'Defesa','Direito');
INSERT INTO Jogador (idPessoa, posicaoPref, pePref) VALUES (413,'Medio','Esquerdo');
INSERT INTO Jogador (idPessoa, posicaoPref, pePref) VALUES (414,'Medio','Esquerdo');
INSERT INTO Jogador (idPessoa, posicaoPref, pePref) VALUES (415,'Medio','Direito');
INSERT INTO Jogador (idPessoa, posicaoPref, pePref) VALUES (416,'Medio','Esquerdo');
INSERT INTO Jogador (idPessoa, posicaoPref, pePref) VALUES (417,'Medio','Direito');
INSERT INTO Jogador (idPessoa, posicaoPref, pePref) VALUES (418,'Medio','Esquerdo');
INSERT INTO Jogador (idPessoa, posicaoPref, pePref) VALUES (419,'Medio','Esquerdo');
INSERT INTO Jogador (idPessoa, posicaoPref, pePref) VALUES (420,'Medio','Direito');
INSERT INTO Jogador (idPessoa, posicaoPref, pePref) VALUES (421,'Medio','Direito');
INSERT INTO Jogador (idPessoa, posicaoPref, pePref) VALUES (422,'Medio','Direito');
INSERT INTO Jogador (idPessoa, posicaoPref, pePref) VALUES (423,'Medio','Direito');
INSERT INTO Jogador (idPessoa, posicaoPref, pePref) VALUES (424,'Medio','Direito');
INSERT INTO Jogador (idPessoa, posicaoPref, pePref) VALUES (425,'Avancado','Direito');
INSERT INTO Jogador (idPessoa, posicaoPref, pePref) VALUES (426,'Avancado','Direito');
INSERT INTO Jogador (idPessoa, posicaoPref, pePref) VALUES (427,'Avancado','Esquerdo');
INSERT INTO Jogador (idPessoa, posicaoPref, pePref) VALUES (428,'Avancado','Direito');
INSERT INTO Jogador (idPessoa, posicaoPref, pePref) VALUES (429,'Avancado','Esquerdo');
INSERT INTO Jogador (idPessoa, posicaoPref, pePref) VALUES (431,'Guarda-Redes','Direito');
INSERT INTO Jogador (idPessoa, posicaoPref, pePref) VALUES (432,'Guarda-Redes','Direito');
INSERT INTO Jogador (idPessoa, posicaoPref, pePref) VALUES (433,'Guarda-Redes','Direito');
INSERT INTO Jogador (idPessoa, posicaoPref, pePref) VALUES (434,'Guarda-Redes','Direito');
INSERT INTO Jogador (idPessoa, posicaoPref, pePref) VALUES (435,'Guarda-Redes','Esquerdo');
INSERT INTO Jogador (idPessoa, posicaoPref, pePref) VALUES (436,'Defesa','Direito');
INSERT INTO Jogador (idPessoa, posicaoPref, pePref) VALUES (437,'Defesa','Direito');
INSERT INTO Jogador (idPessoa, posicaoPref, pePref) VALUES (438,'Defesa','Direito');
INSERT INTO Jogador (idPessoa, posicaoPref, pePref) VALUES (439,'Defesa','Direito');
INSERT INTO Jogador (idPessoa, posicaoPref, pePref) VALUES (440,'Defesa','Esquerdo');
INSERT INTO Jogador (idPessoa, posicaoPref, pePref) VALUES (441,'Defesa','Direito');
INSERT INTO Jogador (idPessoa, posicaoPref, pePref) VALUES (442,'Defesa','Esquerdo');
INSERT INTO Jogador (idPessoa, posicaoPref, pePref) VALUES (443,'Defesa','Direito');
INSERT INTO Jogador (idPessoa, posicaoPref, pePref) VALUES (444,'Medio','Direito');
INSERT INTO Jogador (idPessoa, posicaoPref, pePref) VALUES (445,'Medio','Direito');
INSERT INTO Jogador (idPessoa, posicaoPref, pePref) VALUES (446,'Medio','Direito');
INSERT INTO Jogador (idPessoa, posicaoPref, pePref) VALUES (447,'Medio','Direito');
INSERT INTO Jogador (idPessoa, posicaoPref, pePref) VALUES (448,'Medio','Direito');
INSERT INTO Jogador (idPessoa, posicaoPref, pePref) VALUES (449,'Medio','Direito');
INSERT INTO Jogador (idPessoa, posicaoPref, pePref) VALUES (450,'Medio','Direito');
INSERT INTO Jogador (idPessoa, posicaoPref, pePref) VALUES (451,'Medio','Esquerdo');
INSERT INTO Jogador (idPessoa, posicaoPref, pePref) VALUES (452,'Medio','Esquerdo');
INSERT INTO Jogador (idPessoa, posicaoPref, pePref) VALUES (453,'Medio','Direito');
INSERT INTO Jogador (idPessoa, posicaoPref, pePref) VALUES (454,'Medio','Esquerdo');
INSERT INTO Jogador (idPessoa, posicaoPref, pePref) VALUES (455,'Avancado','Direito');
INSERT INTO Jogador (idPessoa, posicaoPref, pePref) VALUES (456,'Avancado','Direito');
INSERT INTO Jogador (idPessoa, posicaoPref, pePref) VALUES (457,'Avancado','Direito');
INSERT INTO Jogador (idPessoa, posicaoPref, pePref) VALUES (458,'Avancado','Direito');
INSERT INTO Jogador (idPessoa, posicaoPref, pePref) VALUES (459,'Avancado','Direito');
INSERT INTO Jogador (idPessoa, posicaoPref, pePref) VALUES (460,'Avancado','Direito');
INSERT INTO Jogador (idPessoa, posicaoPref, pePref) VALUES (461,'Avancado','Direito');
INSERT INTO Jogador (idPessoa, posicaoPref, pePref) VALUES (462,'Avancado','Esquerdo');
INSERT INTO Jogador (idPessoa, posicaoPref, pePref) VALUES (464,'Guarda-Redes','Direito');
INSERT INTO Jogador (idPessoa, posicaoPref, pePref) VALUES (465,'Guarda-Redes','Direito');
INSERT INTO Jogador (idPessoa, posicaoPref, pePref) VALUES (466,'Guarda-Redes','Direito');
INSERT INTO Jogador (idPessoa, posicaoPref, pePref) VALUES (467,'Guarda-Redes','Direito');
INSERT INTO Jogador (idPessoa, posicaoPref, pePref) VALUES (468,'Defesa','Direito');
INSERT INTO Jogador (idPessoa, posicaoPref, pePref) VALUES (469,'Defesa','Direito');
INSERT INTO Jogador (idPessoa, posicaoPref, pePref) VALUES (470,'Defesa','Direito');
INSERT INTO Jogador (idPessoa, posicaoPref, pePref) VALUES (471,'Defesa','Esquerdo');
INSERT INTO Jogador (idPessoa, posicaoPref, pePref) VALUES (472,'Defesa','Direito');
INSERT INTO Jogador (idPessoa, posicaoPref, pePref) VALUES (473,'Defesa','Direito');
INSERT INTO Jogador (idPessoa, posicaoPref, pePref) VALUES (474,'Defesa','Esquerdo');
INSERT INTO Jogador (idPessoa, posicaoPref, pePref) VALUES (475,'Defesa','Direito');
INSERT INTO Jogador (idPessoa, posicaoPref, pePref) VALUES (476,'Defesa','Direito');
INSERT INTO Jogador (idPessoa, posicaoPref, pePref) VALUES (477,'Defesa','Esquerdo');
INSERT INTO Jogador (idPessoa, posicaoPref, pePref) VALUES (478,'Medio','Direito');
INSERT INTO Jogador (idPessoa, posicaoPref, pePref) VALUES (479,'Medio','Direito');
INSERT INTO Jogador (idPessoa, posicaoPref, pePref) VALUES (480,'Medio','Direito');
INSERT INTO Jogador (idPessoa, posicaoPref, pePref) VALUES (481,'Medio','Esquerdo');
INSERT INTO Jogador (idPessoa, posicaoPref, pePref) VALUES (482,'Medio','Esquerdo');
INSERT INTO Jogador (idPessoa, posicaoPref, pePref) VALUES (483,'Medio','Direito');
INSERT INTO Jogador (idPessoa, posicaoPref, pePref) VALUES (484,'Medio','Esquerdo');
INSERT INTO Jogador (idPessoa, posicaoPref, pePref) VALUES (485,'Medio','Direito');
INSERT INTO Jogador (idPessoa, posicaoPref, pePref) VALUES (486,'Medio','Direito');
INSERT INTO Jogador (idPessoa, posicaoPref, pePref) VALUES (487,'Medio','Esquerdo');
INSERT INTO Jogador (idPessoa, posicaoPref, pePref) VALUES (488,'Medio','Direito');
INSERT INTO Jogador (idPessoa, posicaoPref, pePref) VALUES (489,'Medio','Direito');
INSERT INTO Jogador (idPessoa, posicaoPref, pePref) VALUES (490,'Medio','Direito');
INSERT INTO Jogador (idPessoa, posicaoPref, pePref) VALUES (491,'Medio','Direito');
INSERT INTO Jogador (idPessoa, posicaoPref, pePref) VALUES (492,'Avancado','Direito');
INSERT INTO Jogador (idPessoa, posicaoPref, pePref) VALUES (493,'Avancado','Direito');
INSERT INTO Jogador (idPessoa, posicaoPref, pePref) VALUES (494,'Avancado','Direito');
INSERT INTO Jogador (idPessoa, posicaoPref, pePref) VALUES (495,'Avancado','Direito');
INSERT INTO Jogador (idPessoa, posicaoPref, pePref) VALUES (497,'Guarda-Redes','Direito');
INSERT INTO Jogador (idPessoa, posicaoPref, pePref) VALUES (498,'Guarda-Redes','Esquerdo');
INSERT INTO Jogador (idPessoa, posicaoPref, pePref) VALUES (499,'Guarda-Redes','Direito');
INSERT INTO Jogador (idPessoa, posicaoPref, pePref) VALUES (500,'Guarda-Redes','Direito');
INSERT INTO Jogador (idPessoa, posicaoPref, pePref) VALUES (501,'Defesa','Esquerdo');
INSERT INTO Jogador (idPessoa, posicaoPref, pePref) VALUES (502,'Defesa','Direito');
INSERT INTO Jogador (idPessoa, posicaoPref, pePref) VALUES (503,'Defesa','Direito');
INSERT INTO Jogador (idPessoa, posicaoPref, pePref) VALUES (504,'Defesa','Direito');
INSERT INTO Jogador (idPessoa, posicaoPref, pePref) VALUES (505,'Defesa','Esquerdo');
INSERT INTO Jogador (idPessoa, posicaoPref, pePref) VALUES (506,'Defesa','Direito');
INSERT INTO Jogador (idPessoa, posicaoPref, pePref) VALUES (507,'Defesa','Direito');
INSERT INTO Jogador (idPessoa, posicaoPref, pePref) VALUES (508,'Defesa','Direito');
INSERT INTO Jogador (idPessoa, posicaoPref, pePref) VALUES (509,'Medio','Direito');
INSERT INTO Jogador (idPessoa, posicaoPref, pePref) VALUES (510,'Medio','Direito');
INSERT INTO Jogador (idPessoa, posicaoPref, pePref) VALUES (511,'Medio','Direito');
INSERT INTO Jogador (idPessoa, posicaoPref, pePref) VALUES (512,'Medio','Direito');
INSERT INTO Jogador (idPessoa, posicaoPref, pePref) VALUES (513,'Medio','Direito');
INSERT INTO Jogador (idPessoa, posicaoPref, pePref) VALUES (514,'Medio','Direito');
INSERT INTO Jogador (idPessoa, posicaoPref, pePref) VALUES (515,'Medio','Direito');
INSERT INTO Jogador (idPessoa, posicaoPref, pePref) VALUES (516,'Medio','Direito');
INSERT INTO Jogador (idPessoa, posicaoPref, pePref) VALUES (517,'Medio','Direito');
INSERT INTO Jogador (idPessoa, posicaoPref, pePref) VALUES (518,'Avancado','Direito');
INSERT INTO Jogador (idPessoa, posicaoPref, pePref) VALUES (519,'Avancado','Direito');
INSERT INTO Jogador (idPessoa, posicaoPref, pePref) VALUES (520,'Avancado','Direito');
INSERT INTO Jogador (idPessoa, posicaoPref, pePref) VALUES (521,'Avancado','Esquerdo');
INSERT INTO Jogador (idPessoa, posicaoPref, pePref) VALUES (522,'Avancado','Direito');
INSERT INTO Jogador (idPessoa, posicaoPref, pePref) VALUES (523,'Avancado','Direito');
INSERT INTO Jogador (idPessoa, posicaoPref, pePref) VALUES (525,'Guarda-Redes','Direito');
INSERT INTO Jogador (idPessoa, posicaoPref, pePref) VALUES (526,'Guarda-Redes','Direito');
INSERT INTO Jogador (idPessoa, posicaoPref, pePref) VALUES (527,'Guarda-Redes','Direito');
INSERT INTO Jogador (idPessoa, posicaoPref, pePref) VALUES (528,'Defesa','Esquerdo');
INSERT INTO Jogador (idPessoa, posicaoPref, pePref) VALUES (529,'Defesa','Direito');
INSERT INTO Jogador (idPessoa, posicaoPref, pePref) VALUES (530,'Defesa','Direito');
INSERT INTO Jogador (idPessoa, posicaoPref, pePref) VALUES (531,'Defesa','Esquerdo');
INSERT INTO Jogador (idPessoa, posicaoPref, pePref) VALUES (532,'Defesa','Direito');
INSERT INTO Jogador (idPessoa, posicaoPref, pePref) VALUES (533,'Defesa','Direito');
INSERT INTO Jogador (idPessoa, posicaoPref, pePref) VALUES (534,'Defesa','Direito');
INSERT INTO Jogador (idPessoa, posicaoPref, pePref) VALUES (535,'Defesa','Direito');
INSERT INTO Jogador (idPessoa, posicaoPref, pePref) VALUES (536,'Defesa','Direito');
INSERT INTO Jogador (idPessoa, posicaoPref, pePref) VALUES (537,'Defesa','Esquerdo');
INSERT INTO Jogador (idPessoa, posicaoPref, pePref) VALUES (538,'Defesa','Direito');
INSERT INTO Jogador (idPessoa, posicaoPref, pePref) VALUES (539,'Defesa','Direito');
INSERT INTO Jogador (idPessoa, posicaoPref, pePref) VALUES (540,'Defesa','Direito');
INSERT INTO Jogador (idPessoa, posicaoPref, pePref) VALUES (541,'Defesa','Direito');
INSERT INTO Jogador (idPessoa, posicaoPref, pePref) VALUES (542,'Defesa','Direito');
INSERT INTO Jogador (idPessoa, posicaoPref, pePref) VALUES (543,'Medio','Esquerdo');
INSERT INTO Jogador (idPessoa, posicaoPref, pePref) VALUES (544,'Medio','Direito');
INSERT INTO Jogador (idPessoa, posicaoPref, pePref) VALUES (545,'Medio','Direito');
INSERT INTO Jogador (idPessoa, posicaoPref, pePref) VALUES (546,'Medio','Direito');
INSERT INTO Jogador (idPessoa, posicaoPref, pePref) VALUES (547,'Medio','Direito');
INSERT INTO Jogador (idPessoa, posicaoPref, pePref) VALUES (548,'Medio','Esquerdo');
INSERT INTO Jogador (idPessoa, posicaoPref, pePref) VALUES (549,'Medio','Direito');
INSERT INTO Jogador (idPessoa, posicaoPref, pePref) VALUES (550,'Medio','Direito');
INSERT INTO Jogador (idPessoa, posicaoPref, pePref) VALUES (551,'Avancado','Direito');
INSERT INTO Jogador (idPessoa, posicaoPref, pePref) VALUES (552,'Avancado','Direito');
INSERT INTO Jogador (idPessoa, posicaoPref, pePref) VALUES (553,'Avancado','Direito');
INSERT INTO Jogador (idPessoa, posicaoPref, pePref) VALUES (554,'Avancado','Direito');
INSERT INTO Jogador (idPessoa, posicaoPref, pePref) VALUES (555,'Avancado','Direito');
INSERT INTO Jogador (idPessoa, posicaoPref, pePref) VALUES (556,'Avancado','Direito');
INSERT INTO Jogador (idPessoa, posicaoPref, pePref) VALUES (557,'Avancado','Direito');
INSERT INTO Jogador (idPessoa, posicaoPref, pePref) VALUES (558,'Avancado','Direito');

--ContratoJogador
INSERT INTO ContratoJogador (idContrato, idJogador, idEquipa) VALUES (1,1,1);
INSERT INTO ContratoJogador (idContrato, idJogador, idEquipa) VALUES (4,2,1);
INSERT INTO ContratoJogador (idContrato, idJogador, idEquipa) VALUES (2,3,1);
INSERT INTO ContratoJogador (idContrato, idJogador, idEquipa) VALUES (3,4,1);
INSERT INTO ContratoJogador (idContrato, idJogador, idEquipa) VALUES (4,5,1);
INSERT INTO ContratoJogador (idContrato, idJogador, idEquipa) VALUES (3,6,1);
INSERT INTO ContratoJogador (idContrato, idJogador, idEquipa) VALUES (1,7,1);
INSERT INTO ContratoJogador (idContrato, idJogador, idEquipa) VALUES (4,8,1);
INSERT INTO ContratoJogador (idContrato, idJogador, idEquipa) VALUES (4,9,1);
INSERT INTO ContratoJogador (idContrato, idJogador, idEquipa) VALUES (1,10,1);
INSERT INTO ContratoJogador (idContrato, idJogador, idEquipa) VALUES (1,11,1);
INSERT INTO ContratoJogador (idContrato, idJogador, idEquipa) VALUES (4,12,1);
INSERT INTO ContratoJogador (idContrato, idJogador, idEquipa) VALUES (3,13,1);
INSERT INTO ContratoJogador (idContrato, idJogador, idEquipa) VALUES (3,14,1);
INSERT INTO ContratoJogador (idContrato, idJogador, idEquipa) VALUES (1,15,1);
INSERT INTO ContratoJogador (idContrato, idJogador, idEquipa) VALUES (1,16,1);
INSERT INTO ContratoJogador (idContrato, idJogador, idEquipa) VALUES (4,17,1);
INSERT INTO ContratoJogador (idContrato, idJogador, idEquipa) VALUES (2,18,1);
INSERT INTO ContratoJogador (idContrato, idJogador, idEquipa) VALUES (1,19,1);
INSERT INTO ContratoJogador (idContrato, idJogador, idEquipa) VALUES (1,20,1);
INSERT INTO ContratoJogador (idContrato, idJogador, idEquipa) VALUES (3,21,1);
INSERT INTO ContratoJogador (idContrato, idJogador, idEquipa) VALUES (1,22,1);
INSERT INTO ContratoJogador (idContrato, idJogador, idEquipa) VALUES (1,23,1);
INSERT INTO ContratoJogador (idContrato, idJogador, idEquipa) VALUES (2,24,1);
INSERT INTO ContratoJogador (idContrato, idJogador, idEquipa) VALUES (2,25,1);
INSERT INTO ContratoJogador (idContrato, idJogador, idEquipa) VALUES (1,26,1);
INSERT INTO ContratoJogador (idContrato, idJogador, idEquipa) VALUES (2,27,1);
INSERT INTO ContratoJogador (idContrato, idJogador, idEquipa) VALUES (4,28,1);
INSERT INTO ContratoJogador (idContrato, idJogador, idEquipa) VALUES (3,29,1);
INSERT INTO ContratoJogador (idContrato, idJogador, idEquipa) VALUES (4,31,2);
INSERT INTO ContratoJogador (idContrato, idJogador, idEquipa) VALUES (4,32,2);
INSERT INTO ContratoJogador (idContrato, idJogador, idEquipa) VALUES (2,33,2);
INSERT INTO ContratoJogador (idContrato, idJogador, idEquipa) VALUES (2,34,2);
INSERT INTO ContratoJogador (idContrato, idJogador, idEquipa) VALUES (4,35,2);
INSERT INTO ContratoJogador (idContrato, idJogador, idEquipa) VALUES (2,36,2);
INSERT INTO ContratoJogador (idContrato, idJogador, idEquipa) VALUES (4,37,2);
INSERT INTO ContratoJogador (idContrato, idJogador, idEquipa) VALUES (4,38,2);
INSERT INTO ContratoJogador (idContrato, idJogador, idEquipa) VALUES (3,39,2);
INSERT INTO ContratoJogador (idContrato, idJogador, idEquipa) VALUES (1,40,2);
INSERT INTO ContratoJogador (idContrato, idJogador, idEquipa) VALUES (4,41,2);
INSERT INTO ContratoJogador (idContrato, idJogador, idEquipa) VALUES (4,42,2);
INSERT INTO ContratoJogador (idContrato, idJogador, idEquipa) VALUES (3,43,2);
INSERT INTO ContratoJogador (idContrato, idJogador, idEquipa) VALUES (1,44,2);
INSERT INTO ContratoJogador (idContrato, idJogador, idEquipa) VALUES (2,45,2);
INSERT INTO ContratoJogador (idContrato, idJogador, idEquipa) VALUES (4,46,2);
INSERT INTO ContratoJogador (idContrato, idJogador, idEquipa) VALUES (3,47,2);
INSERT INTO ContratoJogador (idContrato, idJogador, idEquipa) VALUES (1,48,2);
INSERT INTO ContratoJogador (idContrato, idJogador, idEquipa) VALUES (4,49,2);
INSERT INTO ContratoJogador (idContrato, idJogador, idEquipa) VALUES (3,50,2);
INSERT INTO ContratoJogador (idContrato, idJogador, idEquipa) VALUES (1,51,2);
INSERT INTO ContratoJogador (idContrato, idJogador, idEquipa) VALUES (1,52,2);
INSERT INTO ContratoJogador (idContrato, idJogador, idEquipa) VALUES (2,53,2);
INSERT INTO ContratoJogador (idContrato, idJogador, idEquipa) VALUES (2,54,2);
INSERT INTO ContratoJogador (idContrato, idJogador, idEquipa) VALUES (4,55,2);
INSERT INTO ContratoJogador (idContrato, idJogador, idEquipa) VALUES (3,56,2);
INSERT INTO ContratoJogador (idContrato, idJogador, idEquipa) VALUES (2,57,2);
INSERT INTO ContratoJogador (idContrato, idJogador, idEquipa) VALUES (1,59,3);
INSERT INTO ContratoJogador (idContrato, idJogador, idEquipa) VALUES (2,60,3);
INSERT INTO ContratoJogador (idContrato, idJogador, idEquipa) VALUES (2,61,3);
INSERT INTO ContratoJogador (idContrato, idJogador, idEquipa) VALUES (3,62,3);
INSERT INTO ContratoJogador (idContrato, idJogador, idEquipa) VALUES (4,63,3);
INSERT INTO ContratoJogador (idContrato, idJogador, idEquipa) VALUES (4,64,3);
INSERT INTO ContratoJogador (idContrato, idJogador, idEquipa) VALUES (3,65,3);
INSERT INTO ContratoJogador (idContrato, idJogador, idEquipa) VALUES (4,66,3);
INSERT INTO ContratoJogador (idContrato, idJogador, idEquipa) VALUES (1,67,3);
INSERT INTO ContratoJogador (idContrato, idJogador, idEquipa) VALUES (1,68,3);
INSERT INTO ContratoJogador (idContrato, idJogador, idEquipa) VALUES (3,69,3);
INSERT INTO ContratoJogador (idContrato, idJogador, idEquipa) VALUES (2,70,3);
INSERT INTO ContratoJogador (idContrato, idJogador, idEquipa) VALUES (2,71,3);
INSERT INTO ContratoJogador (idContrato, idJogador, idEquipa) VALUES (2,72,3);
INSERT INTO ContratoJogador (idContrato, idJogador, idEquipa) VALUES (4,73,3);
INSERT INTO ContratoJogador (idContrato, idJogador, idEquipa) VALUES (3,74,3);
INSERT INTO ContratoJogador (idContrato, idJogador, idEquipa) VALUES (2,75,3);
INSERT INTO ContratoJogador (idContrato, idJogador, idEquipa) VALUES (4,76,3);
INSERT INTO ContratoJogador (idContrato, idJogador, idEquipa) VALUES (2,77,3);
INSERT INTO ContratoJogador (idContrato, idJogador, idEquipa) VALUES (2,78,3);
INSERT INTO ContratoJogador (idContrato, idJogador, idEquipa) VALUES (1,79,3);
INSERT INTO ContratoJogador (idContrato, idJogador, idEquipa) VALUES (1,80,3);
INSERT INTO ContratoJogador (idContrato, idJogador, idEquipa) VALUES (2,81,3);
INSERT INTO ContratoJogador (idContrato, idJogador, idEquipa) VALUES (3,82,3);
INSERT INTO ContratoJogador (idContrato, idJogador, idEquipa) VALUES (2,83,3);
INSERT INTO ContratoJogador (idContrato, idJogador, idEquipa) VALUES (2,84,3);
INSERT INTO ContratoJogador (idContrato, idJogador, idEquipa) VALUES (3,85,3);
INSERT INTO ContratoJogador (idContrato, idJogador, idEquipa) VALUES (1,86,3);
INSERT INTO ContratoJogador (idContrato, idJogador, idEquipa) VALUES (2,87,3);
INSERT INTO ContratoJogador (idContrato, idJogador, idEquipa) VALUES (2,89,4);
INSERT INTO ContratoJogador (idContrato, idJogador, idEquipa) VALUES (4,90,4);
INSERT INTO ContratoJogador (idContrato, idJogador, idEquipa) VALUES (2,91,4);
INSERT INTO ContratoJogador (idContrato, idJogador, idEquipa) VALUES (3,92,4);
INSERT INTO ContratoJogador (idContrato, idJogador, idEquipa) VALUES (3,93,4);
INSERT INTO ContratoJogador (idContrato, idJogador, idEquipa) VALUES (2,94,4);
INSERT INTO ContratoJogador (idContrato, idJogador, idEquipa) VALUES (2,95,4);
INSERT INTO ContratoJogador (idContrato, idJogador, idEquipa) VALUES (2,96,4);
INSERT INTO ContratoJogador (idContrato, idJogador, idEquipa) VALUES (1,97,4);
INSERT INTO ContratoJogador (idContrato, idJogador, idEquipa) VALUES (4,98,4);
INSERT INTO ContratoJogador (idContrato, idJogador, idEquipa) VALUES (3,99,4);
INSERT INTO ContratoJogador (idContrato, idJogador, idEquipa) VALUES (2,100,4);
INSERT INTO ContratoJogador (idContrato, idJogador, idEquipa) VALUES (2,101,4);
INSERT INTO ContratoJogador (idContrato, idJogador, idEquipa) VALUES (1,102,4);
INSERT INTO ContratoJogador (idContrato, idJogador, idEquipa) VALUES (1,103,4);
INSERT INTO ContratoJogador (idContrato, idJogador, idEquipa) VALUES (3,104,4);
INSERT INTO ContratoJogador (idContrato, idJogador, idEquipa) VALUES (3,105,4);
INSERT INTO ContratoJogador (idContrato, idJogador, idEquipa) VALUES (4,106,4);
INSERT INTO ContratoJogador (idContrato, idJogador, idEquipa) VALUES (3,107,4);
INSERT INTO ContratoJogador (idContrato, idJogador, idEquipa) VALUES (1,108,4);
INSERT INTO ContratoJogador (idContrato, idJogador, idEquipa) VALUES (4,109,4);
INSERT INTO ContratoJogador (idContrato, idJogador, idEquipa) VALUES (3,110,4);
INSERT INTO ContratoJogador (idContrato, idJogador, idEquipa) VALUES (2,111,4);
INSERT INTO ContratoJogador (idContrato, idJogador, idEquipa) VALUES (1,112,4);
INSERT INTO ContratoJogador (idContrato, idJogador, idEquipa) VALUES (4,113,4);
INSERT INTO ContratoJogador (idContrato, idJogador, idEquipa) VALUES (1,114,4);
INSERT INTO ContratoJogador (idContrato, idJogador, idEquipa) VALUES (4,116,5);
INSERT INTO ContratoJogador (idContrato, idJogador, idEquipa) VALUES (1,117,5);
INSERT INTO ContratoJogador (idContrato, idJogador, idEquipa) VALUES (3,118,5);
INSERT INTO ContratoJogador (idContrato, idJogador, idEquipa) VALUES (2,119,5);
INSERT INTO ContratoJogador (idContrato, idJogador, idEquipa) VALUES (1,120,5);
INSERT INTO ContratoJogador (idContrato, idJogador, idEquipa) VALUES (4,121,5);
INSERT INTO ContratoJogador (idContrato, idJogador, idEquipa) VALUES (1,122,5);
INSERT INTO ContratoJogador (idContrato, idJogador, idEquipa) VALUES (4,123,5);
INSERT INTO ContratoJogador (idContrato, idJogador, idEquipa) VALUES (4,124,5);
INSERT INTO ContratoJogador (idContrato, idJogador, idEquipa) VALUES (3,125,5);
INSERT INTO ContratoJogador (idContrato, idJogador, idEquipa) VALUES (4,126,5);
INSERT INTO ContratoJogador (idContrato, idJogador, idEquipa) VALUES (3,127,5);
INSERT INTO ContratoJogador (idContrato, idJogador, idEquipa) VALUES (2,128,5);
INSERT INTO ContratoJogador (idContrato, idJogador, idEquipa) VALUES (2,129,5);
INSERT INTO ContratoJogador (idContrato, idJogador, idEquipa) VALUES (3,130,5);
INSERT INTO ContratoJogador (idContrato, idJogador, idEquipa) VALUES (3,131,5);
INSERT INTO ContratoJogador (idContrato, idJogador, idEquipa) VALUES (2,132,5);
INSERT INTO ContratoJogador (idContrato, idJogador, idEquipa) VALUES (4,133,5);
INSERT INTO ContratoJogador (idContrato, idJogador, idEquipa) VALUES (4,134,5);
INSERT INTO ContratoJogador (idContrato, idJogador, idEquipa) VALUES (1,135,5);
INSERT INTO ContratoJogador (idContrato, idJogador, idEquipa) VALUES (4,136,5);
INSERT INTO ContratoJogador (idContrato, idJogador, idEquipa) VALUES (1,137,5);
INSERT INTO ContratoJogador (idContrato, idJogador, idEquipa) VALUES (3,138,5);
INSERT INTO ContratoJogador (idContrato, idJogador, idEquipa) VALUES (1,139,5);
INSERT INTO ContratoJogador (idContrato, idJogador, idEquipa) VALUES (3,140,5);
INSERT INTO ContratoJogador (idContrato, idJogador, idEquipa) VALUES (3,141,5);
INSERT INTO ContratoJogador (idContrato, idJogador, idEquipa) VALUES (1,142,5);
INSERT INTO ContratoJogador (idContrato, idJogador, idEquipa) VALUES (2,144,6);
INSERT INTO ContratoJogador (idContrato, idJogador, idEquipa) VALUES (3,145,6);
INSERT INTO ContratoJogador (idContrato, idJogador, idEquipa) VALUES (4,146,6);
INSERT INTO ContratoJogador (idContrato, idJogador, idEquipa) VALUES (3,147,6);
INSERT INTO ContratoJogador (idContrato, idJogador, idEquipa) VALUES (1,148,6);
INSERT INTO ContratoJogador (idContrato, idJogador, idEquipa) VALUES (4,149,6);
INSERT INTO ContratoJogador (idContrato, idJogador, idEquipa) VALUES (4,150,6);
INSERT INTO ContratoJogador (idContrato, idJogador, idEquipa) VALUES (4,151,6);
INSERT INTO ContratoJogador (idContrato, idJogador, idEquipa) VALUES (4,152,6);
INSERT INTO ContratoJogador (idContrato, idJogador, idEquipa) VALUES (4,153,6);
INSERT INTO ContratoJogador (idContrato, idJogador, idEquipa) VALUES (3,154,6);
INSERT INTO ContratoJogador (idContrato, idJogador, idEquipa) VALUES (3,155,6);
INSERT INTO ContratoJogador (idContrato, idJogador, idEquipa) VALUES (3,156,6);
INSERT INTO ContratoJogador (idContrato, idJogador, idEquipa) VALUES (3,157,6);
INSERT INTO ContratoJogador (idContrato, idJogador, idEquipa) VALUES (3,158,6);
INSERT INTO ContratoJogador (idContrato, idJogador, idEquipa) VALUES (2,159,6);
INSERT INTO ContratoJogador (idContrato, idJogador, idEquipa) VALUES (1,160,6);
INSERT INTO ContratoJogador (idContrato, idJogador, idEquipa) VALUES (2,161,6);
INSERT INTO ContratoJogador (idContrato, idJogador, idEquipa) VALUES (4,162,6);
INSERT INTO ContratoJogador (idContrato, idJogador, idEquipa) VALUES (3,163,6);
INSERT INTO ContratoJogador (idContrato, idJogador, idEquipa) VALUES (4,164,6);
INSERT INTO ContratoJogador (idContrato, idJogador, idEquipa) VALUES (3,165,6);
INSERT INTO ContratoJogador (idContrato, idJogador, idEquipa) VALUES (2,166,6);
INSERT INTO ContratoJogador (idContrato, idJogador, idEquipa) VALUES (3,167,6);
INSERT INTO ContratoJogador (idContrato, idJogador, idEquipa) VALUES (3,168,6);
INSERT INTO ContratoJogador (idContrato, idJogador, idEquipa) VALUES (3,169,6);
INSERT INTO ContratoJogador (idContrato, idJogador, idEquipa) VALUES (3,170,6);
INSERT INTO ContratoJogador (idContrato, idJogador, idEquipa) VALUES (4,171,6);
INSERT INTO ContratoJogador (idContrato, idJogador, idEquipa) VALUES (4,172,6);
INSERT INTO ContratoJogador (idContrato, idJogador, idEquipa) VALUES (1,173,6);
INSERT INTO ContratoJogador (idContrato, idJogador, idEquipa) VALUES (1,174,6);
INSERT INTO ContratoJogador (idContrato, idJogador, idEquipa) VALUES (2,176,7);
INSERT INTO ContratoJogador (idContrato, idJogador, idEquipa) VALUES (3,177,7);
INSERT INTO ContratoJogador (idContrato, idJogador, idEquipa) VALUES (1,178,7);
INSERT INTO ContratoJogador (idContrato, idJogador, idEquipa) VALUES (1,179,7);
INSERT INTO ContratoJogador (idContrato, idJogador, idEquipa) VALUES (1,180,7);
INSERT INTO ContratoJogador (idContrato, idJogador, idEquipa) VALUES (2,181,7);
INSERT INTO ContratoJogador (idContrato, idJogador, idEquipa) VALUES (3,182,7);
INSERT INTO ContratoJogador (idContrato, idJogador, idEquipa) VALUES (4,183,7);
INSERT INTO ContratoJogador (idContrato, idJogador, idEquipa) VALUES (4,184,7);
INSERT INTO ContratoJogador (idContrato, idJogador, idEquipa) VALUES (2,185,7);
INSERT INTO ContratoJogador (idContrato, idJogador, idEquipa) VALUES (1,186,7);
INSERT INTO ContratoJogador (idContrato, idJogador, idEquipa) VALUES (1,187,7);
INSERT INTO ContratoJogador (idContrato, idJogador, idEquipa) VALUES (1,188,7);
INSERT INTO ContratoJogador (idContrato, idJogador, idEquipa) VALUES (2,189,7);
INSERT INTO ContratoJogador (idContrato, idJogador, idEquipa) VALUES (4,190,7);
INSERT INTO ContratoJogador (idContrato, idJogador, idEquipa) VALUES (1,191,7);
INSERT INTO ContratoJogador (idContrato, idJogador, idEquipa) VALUES (3,192,7);
INSERT INTO ContratoJogador (idContrato, idJogador, idEquipa) VALUES (4,193,7);
INSERT INTO ContratoJogador (idContrato, idJogador, idEquipa) VALUES (1,194,7);
INSERT INTO ContratoJogador (idContrato, idJogador, idEquipa) VALUES (1,195,7);
INSERT INTO ContratoJogador (idContrato, idJogador, idEquipa) VALUES (1,196,7);
INSERT INTO ContratoJogador (idContrato, idJogador, idEquipa) VALUES (3,197,7);
INSERT INTO ContratoJogador (idContrato, idJogador, idEquipa) VALUES (1,198,7);
INSERT INTO ContratoJogador (idContrato, idJogador, idEquipa) VALUES (2,199,7);
INSERT INTO ContratoJogador (idContrato, idJogador, idEquipa) VALUES (4,200,7);
INSERT INTO ContratoJogador (idContrato, idJogador, idEquipa) VALUES (1,201,7);
INSERT INTO ContratoJogador (idContrato, idJogador, idEquipa) VALUES (1,202,7);
INSERT INTO ContratoJogador (idContrato, idJogador, idEquipa) VALUES (1,204,8);
INSERT INTO ContratoJogador (idContrato, idJogador, idEquipa) VALUES (1,205,8);
INSERT INTO ContratoJogador (idContrato, idJogador, idEquipa) VALUES (3,206,8);
INSERT INTO ContratoJogador (idContrato, idJogador, idEquipa) VALUES (1,207,8);
INSERT INTO ContratoJogador (idContrato, idJogador, idEquipa) VALUES (1,208,8);
INSERT INTO ContratoJogador (idContrato, idJogador, idEquipa) VALUES (1,209,8);
INSERT INTO ContratoJogador (idContrato, idJogador, idEquipa) VALUES (4,210,8);
INSERT INTO ContratoJogador (idContrato, idJogador, idEquipa) VALUES (2,211,8);
INSERT INTO ContratoJogador (idContrato, idJogador, idEquipa) VALUES (3,212,8);
INSERT INTO ContratoJogador (idContrato, idJogador, idEquipa) VALUES (2,213,8);
INSERT INTO ContratoJogador (idContrato, idJogador, idEquipa) VALUES (3,214,8);
INSERT INTO ContratoJogador (idContrato, idJogador, idEquipa) VALUES (1,215,8);
INSERT INTO ContratoJogador (idContrato, idJogador, idEquipa) VALUES (2,216,8);
INSERT INTO ContratoJogador (idContrato, idJogador, idEquipa) VALUES (3,217,8);
INSERT INTO ContratoJogador (idContrato, idJogador, idEquipa) VALUES (3,218,8);
INSERT INTO ContratoJogador (idContrato, idJogador, idEquipa) VALUES (2,219,8);
INSERT INTO ContratoJogador (idContrato, idJogador, idEquipa) VALUES (3,220,8);
INSERT INTO ContratoJogador (idContrato, idJogador, idEquipa) VALUES (3,221,8);
INSERT INTO ContratoJogador (idContrato, idJogador, idEquipa) VALUES (1,222,8);
INSERT INTO ContratoJogador (idContrato, idJogador, idEquipa) VALUES (4,223,8);
INSERT INTO ContratoJogador (idContrato, idJogador, idEquipa) VALUES (1,224,8);
INSERT INTO ContratoJogador (idContrato, idJogador, idEquipa) VALUES (4,225,8);
INSERT INTO ContratoJogador (idContrato, idJogador, idEquipa) VALUES (2,226,8);
INSERT INTO ContratoJogador (idContrato, idJogador, idEquipa) VALUES (3,227,8);
INSERT INTO ContratoJogador (idContrato, idJogador, idEquipa) VALUES (4,228,8);
INSERT INTO ContratoJogador (idContrato, idJogador, idEquipa) VALUES (4,229,8);
INSERT INTO ContratoJogador (idContrato, idJogador, idEquipa) VALUES (1,230,8);
INSERT INTO ContratoJogador (idContrato, idJogador, idEquipa) VALUES (1,231,8);
INSERT INTO ContratoJogador (idContrato, idJogador, idEquipa) VALUES (1,232,8);
INSERT INTO ContratoJogador (idContrato, idJogador, idEquipa) VALUES (3,233,8);
INSERT INTO ContratoJogador (idContrato, idJogador, idEquipa) VALUES (3,234,8);
INSERT INTO ContratoJogador (idContrato, idJogador, idEquipa) VALUES (1,235,8);
INSERT INTO ContratoJogador (idContrato, idJogador, idEquipa) VALUES (1,236,8);
INSERT INTO ContratoJogador (idContrato, idJogador, idEquipa) VALUES (3,238,9);
INSERT INTO ContratoJogador (idContrato, idJogador, idEquipa) VALUES (2,239,9);
INSERT INTO ContratoJogador (idContrato, idJogador, idEquipa) VALUES (3,240,9);
INSERT INTO ContratoJogador (idContrato, idJogador, idEquipa) VALUES (3,241,9);
INSERT INTO ContratoJogador (idContrato, idJogador, idEquipa) VALUES (3,242,9);
INSERT INTO ContratoJogador (idContrato, idJogador, idEquipa) VALUES (4,243,9);
INSERT INTO ContratoJogador (idContrato, idJogador, idEquipa) VALUES (1,244,9);
INSERT INTO ContratoJogador (idContrato, idJogador, idEquipa) VALUES (2,245,9);
INSERT INTO ContratoJogador (idContrato, idJogador, idEquipa) VALUES (1,246,9);
INSERT INTO ContratoJogador (idContrato, idJogador, idEquipa) VALUES (4,247,9);
INSERT INTO ContratoJogador (idContrato, idJogador, idEquipa) VALUES (2,248,9);
INSERT INTO ContratoJogador (idContrato, idJogador, idEquipa) VALUES (3,249,9);
INSERT INTO ContratoJogador (idContrato, idJogador, idEquipa) VALUES (2,250,9);
INSERT INTO ContratoJogador (idContrato, idJogador, idEquipa) VALUES (2,251,9);
INSERT INTO ContratoJogador (idContrato, idJogador, idEquipa) VALUES (1,252,9);
INSERT INTO ContratoJogador (idContrato, idJogador, idEquipa) VALUES (4,253,9);
INSERT INTO ContratoJogador (idContrato, idJogador, idEquipa) VALUES (3,254,9);
INSERT INTO ContratoJogador (idContrato, idJogador, idEquipa) VALUES (1,255,9);
INSERT INTO ContratoJogador (idContrato, idJogador, idEquipa) VALUES (2,256,9);
INSERT INTO ContratoJogador (idContrato, idJogador, idEquipa) VALUES (2,257,9);
INSERT INTO ContratoJogador (idContrato, idJogador, idEquipa) VALUES (1,258,9);
INSERT INTO ContratoJogador (idContrato, idJogador, idEquipa) VALUES (4,259,9);
INSERT INTO ContratoJogador (idContrato, idJogador, idEquipa) VALUES (3,260,9);
INSERT INTO ContratoJogador (idContrato, idJogador, idEquipa) VALUES (2,261,9);
INSERT INTO ContratoJogador (idContrato, idJogador, idEquipa) VALUES (2,262,9);
INSERT INTO ContratoJogador (idContrato, idJogador, idEquipa) VALUES (2,263,9);
INSERT INTO ContratoJogador (idContrato, idJogador, idEquipa) VALUES (2,264,9);
INSERT INTO ContratoJogador (idContrato, idJogador, idEquipa) VALUES (4,265,9);
INSERT INTO ContratoJogador (idContrato, idJogador, idEquipa) VALUES (3,266,9);
INSERT INTO ContratoJogador (idContrato, idJogador, idEquipa) VALUES (3,267,9);
INSERT INTO ContratoJogador (idContrato, idJogador, idEquipa) VALUES (1,268,9);
INSERT INTO ContratoJogador (idContrato, idJogador, idEquipa) VALUES (2,269,9);
INSERT INTO ContratoJogador (idContrato, idJogador, idEquipa) VALUES (3,271,10);
INSERT INTO ContratoJogador (idContrato, idJogador, idEquipa) VALUES (3,272,10);
INSERT INTO ContratoJogador (idContrato, idJogador, idEquipa) VALUES (3,273,10);
INSERT INTO ContratoJogador (idContrato, idJogador, idEquipa) VALUES (4,274,10);
INSERT INTO ContratoJogador (idContrato, idJogador, idEquipa) VALUES (3,275,10);
INSERT INTO ContratoJogador (idContrato, idJogador, idEquipa) VALUES (2,276,10);
INSERT INTO ContratoJogador (idContrato, idJogador, idEquipa) VALUES (4,277,10);
INSERT INTO ContratoJogador (idContrato, idJogador, idEquipa) VALUES (1,278,10);
INSERT INTO ContratoJogador (idContrato, idJogador, idEquipa) VALUES (1,279,10);
INSERT INTO ContratoJogador (idContrato, idJogador, idEquipa) VALUES (1,280,10);
INSERT INTO ContratoJogador (idContrato, idJogador, idEquipa) VALUES (3,281,10);
INSERT INTO ContratoJogador (idContrato, idJogador, idEquipa) VALUES (4,282,10);
INSERT INTO ContratoJogador (idContrato, idJogador, idEquipa) VALUES (1,283,10);
INSERT INTO ContratoJogador (idContrato, idJogador, idEquipa) VALUES (2,284,10);
INSERT INTO ContratoJogador (idContrato, idJogador, idEquipa) VALUES (1,285,10);
INSERT INTO ContratoJogador (idContrato, idJogador, idEquipa) VALUES (1,286,10);
INSERT INTO ContratoJogador (idContrato, idJogador, idEquipa) VALUES (3,287,10);
INSERT INTO ContratoJogador (idContrato, idJogador, idEquipa) VALUES (4,288,10);
INSERT INTO ContratoJogador (idContrato, idJogador, idEquipa) VALUES (4,289,10);
INSERT INTO ContratoJogador (idContrato, idJogador, idEquipa) VALUES (3,290,10);
INSERT INTO ContratoJogador (idContrato, idJogador, idEquipa) VALUES (4,291,10);
INSERT INTO ContratoJogador (idContrato, idJogador, idEquipa) VALUES (2,292,10);
INSERT INTO ContratoJogador (idContrato, idJogador, idEquipa) VALUES (2,293,10);
INSERT INTO ContratoJogador (idContrato, idJogador, idEquipa) VALUES (2,294,10);
INSERT INTO ContratoJogador (idContrato, idJogador, idEquipa) VALUES (3,295,10);
INSERT INTO ContratoJogador (idContrato, idJogador, idEquipa) VALUES (2,296,10);
INSERT INTO ContratoJogador (idContrato, idJogador, idEquipa) VALUES (2,297,10);
INSERT INTO ContratoJogador (idContrato, idJogador, idEquipa) VALUES (1,298,10);
INSERT INTO ContratoJogador (idContrato, idJogador, idEquipa) VALUES (1,299,10);
INSERT INTO ContratoJogador (idContrato, idJogador, idEquipa) VALUES (4,300,10);
INSERT INTO ContratoJogador (idContrato, idJogador, idEquipa) VALUES (1,301,10);
INSERT INTO ContratoJogador (idContrato, idJogador, idEquipa) VALUES (4,302,10);
INSERT INTO ContratoJogador (idContrato, idJogador, idEquipa) VALUES (1,303,10);
INSERT INTO ContratoJogador (idContrato, idJogador, idEquipa) VALUES (3,305,11);
INSERT INTO ContratoJogador (idContrato, idJogador, idEquipa) VALUES (2,306,11);
INSERT INTO ContratoJogador (idContrato, idJogador, idEquipa) VALUES (4,307,11);
INSERT INTO ContratoJogador (idContrato, idJogador, idEquipa) VALUES (2,308,11);
INSERT INTO ContratoJogador (idContrato, idJogador, idEquipa) VALUES (2,309,11);
INSERT INTO ContratoJogador (idContrato, idJogador, idEquipa) VALUES (2,310,11);
INSERT INTO ContratoJogador (idContrato, idJogador, idEquipa) VALUES (4,311,11);
INSERT INTO ContratoJogador (idContrato, idJogador, idEquipa) VALUES (3,312,11);
INSERT INTO ContratoJogador (idContrato, idJogador, idEquipa) VALUES (2,313,11);
INSERT INTO ContratoJogador (idContrato, idJogador, idEquipa) VALUES (1,314,11);
INSERT INTO ContratoJogador (idContrato, idJogador, idEquipa) VALUES (3,315,11);
INSERT INTO ContratoJogador (idContrato, idJogador, idEquipa) VALUES (4,316,11);
INSERT INTO ContratoJogador (idContrato, idJogador, idEquipa) VALUES (4,317,11);
INSERT INTO ContratoJogador (idContrato, idJogador, idEquipa) VALUES (3,318,11);
INSERT INTO ContratoJogador (idContrato, idJogador, idEquipa) VALUES (2,319,11);
INSERT INTO ContratoJogador (idContrato, idJogador, idEquipa) VALUES (2,320,11);
INSERT INTO ContratoJogador (idContrato, idJogador, idEquipa) VALUES (3,321,11);
INSERT INTO ContratoJogador (idContrato, idJogador, idEquipa) VALUES (1,322,11);
INSERT INTO ContratoJogador (idContrato, idJogador, idEquipa) VALUES (2,323,11);
INSERT INTO ContratoJogador (idContrato, idJogador, idEquipa) VALUES (3,324,11);
INSERT INTO ContratoJogador (idContrato, idJogador, idEquipa) VALUES (4,325,11);
INSERT INTO ContratoJogador (idContrato, idJogador, idEquipa) VALUES (3,326,11);
INSERT INTO ContratoJogador (idContrato, idJogador, idEquipa) VALUES (4,327,11);
INSERT INTO ContratoJogador (idContrato, idJogador, idEquipa) VALUES (3,328,11);
INSERT INTO ContratoJogador (idContrato, idJogador, idEquipa) VALUES (2,329,11);
INSERT INTO ContratoJogador (idContrato, idJogador, idEquipa) VALUES (4,330,11);
INSERT INTO ContratoJogador (idContrato, idJogador, idEquipa) VALUES (4,331,11);
INSERT INTO ContratoJogador (idContrato, idJogador, idEquipa) VALUES (4,332,11);
INSERT INTO ContratoJogador (idContrato, idJogador, idEquipa) VALUES (3,333,11);
INSERT INTO ContratoJogador (idContrato, idJogador, idEquipa) VALUES (1,334,11);
INSERT INTO ContratoJogador (idContrato, idJogador, idEquipa) VALUES (4,335,11);
INSERT INTO ContratoJogador (idContrato, idJogador, idEquipa) VALUES (2,336,11);
INSERT INTO ContratoJogador (idContrato, idJogador, idEquipa) VALUES (3,337,11);
INSERT INTO ContratoJogador (idContrato, idJogador, idEquipa) VALUES (3,339,12);
INSERT INTO ContratoJogador (idContrato, idJogador, idEquipa) VALUES (3,340,12);
INSERT INTO ContratoJogador (idContrato, idJogador, idEquipa) VALUES (2,341,12);
INSERT INTO ContratoJogador (idContrato, idJogador, idEquipa) VALUES (1,342,12);
INSERT INTO ContratoJogador (idContrato, idJogador, idEquipa) VALUES (4,343,12);
INSERT INTO ContratoJogador (idContrato, idJogador, idEquipa) VALUES (2,344,12);
INSERT INTO ContratoJogador (idContrato, idJogador, idEquipa) VALUES (3,345,12);
INSERT INTO ContratoJogador (idContrato, idJogador, idEquipa) VALUES (1,346,12);
INSERT INTO ContratoJogador (idContrato, idJogador, idEquipa) VALUES (3,347,12);
INSERT INTO ContratoJogador (idContrato, idJogador, idEquipa) VALUES (2,348,12);
INSERT INTO ContratoJogador (idContrato, idJogador, idEquipa) VALUES (2,349,12);
INSERT INTO ContratoJogador (idContrato, idJogador, idEquipa) VALUES (1,350,12);
INSERT INTO ContratoJogador (idContrato, idJogador, idEquipa) VALUES (2,351,12);
INSERT INTO ContratoJogador (idContrato, idJogador, idEquipa) VALUES (1,352,12);
INSERT INTO ContratoJogador (idContrato, idJogador, idEquipa) VALUES (1,353,12);
INSERT INTO ContratoJogador (idContrato, idJogador, idEquipa) VALUES (4,354,12);
INSERT INTO ContratoJogador (idContrato, idJogador, idEquipa) VALUES (3,355,12);
INSERT INTO ContratoJogador (idContrato, idJogador, idEquipa) VALUES (1,356,12);
INSERT INTO ContratoJogador (idContrato, idJogador, idEquipa) VALUES (1,357,12);
INSERT INTO ContratoJogador (idContrato, idJogador, idEquipa) VALUES (3,358,12);
INSERT INTO ContratoJogador (idContrato, idJogador, idEquipa) VALUES (2,359,12);
INSERT INTO ContratoJogador (idContrato, idJogador, idEquipa) VALUES (2,360,12);
INSERT INTO ContratoJogador (idContrato, idJogador, idEquipa) VALUES (4,361,12);
INSERT INTO ContratoJogador (idContrato, idJogador, idEquipa) VALUES (1,362,12);
INSERT INTO ContratoJogador (idContrato, idJogador, idEquipa) VALUES (4,363,12);
INSERT INTO ContratoJogador (idContrato, idJogador, idEquipa) VALUES (4,364,12);
INSERT INTO ContratoJogador (idContrato, idJogador, idEquipa) VALUES (2,365,12);
INSERT INTO ContratoJogador (idContrato, idJogador, idEquipa) VALUES (3,367,13);
INSERT INTO ContratoJogador (idContrato, idJogador, idEquipa) VALUES (2,368,13);
INSERT INTO ContratoJogador (idContrato, idJogador, idEquipa) VALUES (4,369,13);
INSERT INTO ContratoJogador (idContrato, idJogador, idEquipa) VALUES (3,370,13);
INSERT INTO ContratoJogador (idContrato, idJogador, idEquipa) VALUES (3,371,13);
INSERT INTO ContratoJogador (idContrato, idJogador, idEquipa) VALUES (4,372,13);
INSERT INTO ContratoJogador (idContrato, idJogador, idEquipa) VALUES (1,373,13);
INSERT INTO ContratoJogador (idContrato, idJogador, idEquipa) VALUES (3,374,13);
INSERT INTO ContratoJogador (idContrato, idJogador, idEquipa) VALUES (2,375,13);
INSERT INTO ContratoJogador (idContrato, idJogador, idEquipa) VALUES (1,376,13);
INSERT INTO ContratoJogador (idContrato, idJogador, idEquipa) VALUES (3,377,13);
INSERT INTO ContratoJogador (idContrato, idJogador, idEquipa) VALUES (2,378,13);
INSERT INTO ContratoJogador (idContrato, idJogador, idEquipa) VALUES (2,379,13);
INSERT INTO ContratoJogador (idContrato, idJogador, idEquipa) VALUES (4,380,13);
INSERT INTO ContratoJogador (idContrato, idJogador, idEquipa) VALUES (3,381,13);
INSERT INTO ContratoJogador (idContrato, idJogador, idEquipa) VALUES (2,382,13);
INSERT INTO ContratoJogador (idContrato, idJogador, idEquipa) VALUES (1,383,13);
INSERT INTO ContratoJogador (idContrato, idJogador, idEquipa) VALUES (3,384,13);
INSERT INTO ContratoJogador (idContrato, idJogador, idEquipa) VALUES (2,385,13);
INSERT INTO ContratoJogador (idContrato, idJogador, idEquipa) VALUES (2,386,13);
INSERT INTO ContratoJogador (idContrato, idJogador, idEquipa) VALUES (3,387,13);
INSERT INTO ContratoJogador (idContrato, idJogador, idEquipa) VALUES (1,388,13);
INSERT INTO ContratoJogador (idContrato, idJogador, idEquipa) VALUES (4,389,13);
INSERT INTO ContratoJogador (idContrato, idJogador, idEquipa) VALUES (3,390,13);
INSERT INTO ContratoJogador (idContrato, idJogador, idEquipa) VALUES (4,391,13);
INSERT INTO ContratoJogador (idContrato, idJogador, idEquipa) VALUES (3,392,13);
INSERT INTO ContratoJogador (idContrato, idJogador, idEquipa) VALUES (3,393,13);
INSERT INTO ContratoJogador (idContrato, idJogador, idEquipa) VALUES (3,394,13);
INSERT INTO ContratoJogador (idContrato, idJogador, idEquipa) VALUES (2,395,13);
INSERT INTO ContratoJogador (idContrato, idJogador, idEquipa) VALUES (1,396,13);
INSERT INTO ContratoJogador (idContrato, idJogador, idEquipa) VALUES (1,397,13);
INSERT INTO ContratoJogador (idContrato, idJogador, idEquipa) VALUES (1,399,14);
INSERT INTO ContratoJogador (idContrato, idJogador, idEquipa) VALUES (3,400,14);
INSERT INTO ContratoJogador (idContrato, idJogador, idEquipa) VALUES (3,401,14);
INSERT INTO ContratoJogador (idContrato, idJogador, idEquipa) VALUES (3,402,14);
INSERT INTO ContratoJogador (idContrato, idJogador, idEquipa) VALUES (3,403,14);
INSERT INTO ContratoJogador (idContrato, idJogador, idEquipa) VALUES (3,404,14);
INSERT INTO ContratoJogador (idContrato, idJogador, idEquipa) VALUES (1,405,14);
INSERT INTO ContratoJogador (idContrato, idJogador, idEquipa) VALUES (3,406,14);
INSERT INTO ContratoJogador (idContrato, idJogador, idEquipa) VALUES (3,407,14);
INSERT INTO ContratoJogador (idContrato, idJogador, idEquipa) VALUES (3,408,14);
INSERT INTO ContratoJogador (idContrato, idJogador, idEquipa) VALUES (4,409,14);
INSERT INTO ContratoJogador (idContrato, idJogador, idEquipa) VALUES (3,410,14);
INSERT INTO ContratoJogador (idContrato, idJogador, idEquipa) VALUES (4,411,14);
INSERT INTO ContratoJogador (idContrato, idJogador, idEquipa) VALUES (4,412,14);
INSERT INTO ContratoJogador (idContrato, idJogador, idEquipa) VALUES (1,413,14);
INSERT INTO ContratoJogador (idContrato, idJogador, idEquipa) VALUES (2,414,14);
INSERT INTO ContratoJogador (idContrato, idJogador, idEquipa) VALUES (2,415,14);
INSERT INTO ContratoJogador (idContrato, idJogador, idEquipa) VALUES (3,416,14);
INSERT INTO ContratoJogador (idContrato, idJogador, idEquipa) VALUES (2,417,14);
INSERT INTO ContratoJogador (idContrato, idJogador, idEquipa) VALUES (3,418,14);
INSERT INTO ContratoJogador (idContrato, idJogador, idEquipa) VALUES (1,419,14);
INSERT INTO ContratoJogador (idContrato, idJogador, idEquipa) VALUES (2,420,14);
INSERT INTO ContratoJogador (idContrato, idJogador, idEquipa) VALUES (1,421,14);
INSERT INTO ContratoJogador (idContrato, idJogador, idEquipa) VALUES (4,422,14);
INSERT INTO ContratoJogador (idContrato, idJogador, idEquipa) VALUES (2,423,14);
INSERT INTO ContratoJogador (idContrato, idJogador, idEquipa) VALUES (1,424,14);
INSERT INTO ContratoJogador (idContrato, idJogador, idEquipa) VALUES (2,425,14);
INSERT INTO ContratoJogador (idContrato, idJogador, idEquipa) VALUES (3,426,14);
INSERT INTO ContratoJogador (idContrato, idJogador, idEquipa) VALUES (2,427,14);
INSERT INTO ContratoJogador (idContrato, idJogador, idEquipa) VALUES (3,428,14);
INSERT INTO ContratoJogador (idContrato, idJogador, idEquipa) VALUES (3,429,14);
INSERT INTO ContratoJogador (idContrato, idJogador, idEquipa) VALUES (2,431,15);
INSERT INTO ContratoJogador (idContrato, idJogador, idEquipa) VALUES (4,432,15);
INSERT INTO ContratoJogador (idContrato, idJogador, idEquipa) VALUES (1,433,15);
INSERT INTO ContratoJogador (idContrato, idJogador, idEquipa) VALUES (4,434,15);
INSERT INTO ContratoJogador (idContrato, idJogador, idEquipa) VALUES (2,435,15);
INSERT INTO ContratoJogador (idContrato, idJogador, idEquipa) VALUES (3,436,15);
INSERT INTO ContratoJogador (idContrato, idJogador, idEquipa) VALUES (1,437,15);
INSERT INTO ContratoJogador (idContrato, idJogador, idEquipa) VALUES (4,438,15);
INSERT INTO ContratoJogador (idContrato, idJogador, idEquipa) VALUES (4,439,15);
INSERT INTO ContratoJogador (idContrato, idJogador, idEquipa) VALUES (1,440,15);
INSERT INTO ContratoJogador (idContrato, idJogador, idEquipa) VALUES (2,441,15);
INSERT INTO ContratoJogador (idContrato, idJogador, idEquipa) VALUES (4,442,15);
INSERT INTO ContratoJogador (idContrato, idJogador, idEquipa) VALUES (2,443,15);
INSERT INTO ContratoJogador (idContrato, idJogador, idEquipa) VALUES (1,444,15);
INSERT INTO ContratoJogador (idContrato, idJogador, idEquipa) VALUES (2,445,15);
INSERT INTO ContratoJogador (idContrato, idJogador, idEquipa) VALUES (1,446,15);
INSERT INTO ContratoJogador (idContrato, idJogador, idEquipa) VALUES (4,447,15);
INSERT INTO ContratoJogador (idContrato, idJogador, idEquipa) VALUES (3,448,15);
INSERT INTO ContratoJogador (idContrato, idJogador, idEquipa) VALUES (3,449,15);
INSERT INTO ContratoJogador (idContrato, idJogador, idEquipa) VALUES (2,450,15);
INSERT INTO ContratoJogador (idContrato, idJogador, idEquipa) VALUES (4,451,15);
INSERT INTO ContratoJogador (idContrato, idJogador, idEquipa) VALUES (4,452,15);
INSERT INTO ContratoJogador (idContrato, idJogador, idEquipa) VALUES (4,453,15);
INSERT INTO ContratoJogador (idContrato, idJogador, idEquipa) VALUES (2,454,15);
INSERT INTO ContratoJogador (idContrato, idJogador, idEquipa) VALUES (3,455,15);
INSERT INTO ContratoJogador (idContrato, idJogador, idEquipa) VALUES (1,456,15);
INSERT INTO ContratoJogador (idContrato, idJogador, idEquipa) VALUES (1,457,15);
INSERT INTO ContratoJogador (idContrato, idJogador, idEquipa) VALUES (1,458,15);
INSERT INTO ContratoJogador (idContrato, idJogador, idEquipa) VALUES (4,459,15);
INSERT INTO ContratoJogador (idContrato, idJogador, idEquipa) VALUES (4,460,15);
INSERT INTO ContratoJogador (idContrato, idJogador, idEquipa) VALUES (4,461,15);
INSERT INTO ContratoJogador (idContrato, idJogador, idEquipa) VALUES (2,462,15);
INSERT INTO ContratoJogador (idContrato, idJogador, idEquipa) VALUES (1,464,16);
INSERT INTO ContratoJogador (idContrato, idJogador, idEquipa) VALUES (4,465,16);
INSERT INTO ContratoJogador (idContrato, idJogador, idEquipa) VALUES (1,466,16);
INSERT INTO ContratoJogador (idContrato, idJogador, idEquipa) VALUES (2,467,16);
INSERT INTO ContratoJogador (idContrato, idJogador, idEquipa) VALUES (4,468,16);
INSERT INTO ContratoJogador (idContrato, idJogador, idEquipa) VALUES (1,469,16);
INSERT INTO ContratoJogador (idContrato, idJogador, idEquipa) VALUES (4,470,16);
INSERT INTO ContratoJogador (idContrato, idJogador, idEquipa) VALUES (2,471,16);
INSERT INTO ContratoJogador (idContrato, idJogador, idEquipa) VALUES (2,472,16);
INSERT INTO ContratoJogador (idContrato, idJogador, idEquipa) VALUES (3,473,16);
INSERT INTO ContratoJogador (idContrato, idJogador, idEquipa) VALUES (3,474,16);
INSERT INTO ContratoJogador (idContrato, idJogador, idEquipa) VALUES (4,475,16);
INSERT INTO ContratoJogador (idContrato, idJogador, idEquipa) VALUES (2,476,16);
INSERT INTO ContratoJogador (idContrato, idJogador, idEquipa) VALUES (3,477,16);
INSERT INTO ContratoJogador (idContrato, idJogador, idEquipa) VALUES (1,478,16);
INSERT INTO ContratoJogador (idContrato, idJogador, idEquipa) VALUES (3,479,16);
INSERT INTO ContratoJogador (idContrato, idJogador, idEquipa) VALUES (3,480,16);
INSERT INTO ContratoJogador (idContrato, idJogador, idEquipa) VALUES (1,481,16);
INSERT INTO ContratoJogador (idContrato, idJogador, idEquipa) VALUES (3,482,16);
INSERT INTO ContratoJogador (idContrato, idJogador, idEquipa) VALUES (2,483,16);
INSERT INTO ContratoJogador (idContrato, idJogador, idEquipa) VALUES (4,484,16);
INSERT INTO ContratoJogador (idContrato, idJogador, idEquipa) VALUES (1,485,16);
INSERT INTO ContratoJogador (idContrato, idJogador, idEquipa) VALUES (1,486,16);
INSERT INTO ContratoJogador (idContrato, idJogador, idEquipa) VALUES (4,487,16);
INSERT INTO ContratoJogador (idContrato, idJogador, idEquipa) VALUES (3,488,16);
INSERT INTO ContratoJogador (idContrato, idJogador, idEquipa) VALUES (3,489,16);
INSERT INTO ContratoJogador (idContrato, idJogador, idEquipa) VALUES (2,490,16);
INSERT INTO ContratoJogador (idContrato, idJogador, idEquipa) VALUES (2,491,16);
INSERT INTO ContratoJogador (idContrato, idJogador, idEquipa) VALUES (2,492,16);
INSERT INTO ContratoJogador (idContrato, idJogador, idEquipa) VALUES (3,493,16);
INSERT INTO ContratoJogador (idContrato, idJogador, idEquipa) VALUES (2,494,16);
INSERT INTO ContratoJogador (idContrato, idJogador, idEquipa) VALUES (4,495,16);
INSERT INTO ContratoJogador (idContrato, idJogador, idEquipa) VALUES (4,497,17);
INSERT INTO ContratoJogador (idContrato, idJogador, idEquipa) VALUES (4,498,17);
INSERT INTO ContratoJogador (idContrato, idJogador, idEquipa) VALUES (3,499,17);
INSERT INTO ContratoJogador (idContrato, idJogador, idEquipa) VALUES (3,500,17);
INSERT INTO ContratoJogador (idContrato, idJogador, idEquipa) VALUES (1,501,17);
INSERT INTO ContratoJogador (idContrato, idJogador, idEquipa) VALUES (3,502,17);
INSERT INTO ContratoJogador (idContrato, idJogador, idEquipa) VALUES (3,503,17);
INSERT INTO ContratoJogador (idContrato, idJogador, idEquipa) VALUES (2,504,17);
INSERT INTO ContratoJogador (idContrato, idJogador, idEquipa) VALUES (2,505,17);
INSERT INTO ContratoJogador (idContrato, idJogador, idEquipa) VALUES (4,506,17);
INSERT INTO ContratoJogador (idContrato, idJogador, idEquipa) VALUES (3,507,17);
INSERT INTO ContratoJogador (idContrato, idJogador, idEquipa) VALUES (2,508,17);
INSERT INTO ContratoJogador (idContrato, idJogador, idEquipa) VALUES (2,509,17);
INSERT INTO ContratoJogador (idContrato, idJogador, idEquipa) VALUES (4,510,17);
INSERT INTO ContratoJogador (idContrato, idJogador, idEquipa) VALUES (2,511,17);
INSERT INTO ContratoJogador (idContrato, idJogador, idEquipa) VALUES (3,512,17);
INSERT INTO ContratoJogador (idContrato, idJogador, idEquipa) VALUES (3,513,17);
INSERT INTO ContratoJogador (idContrato, idJogador, idEquipa) VALUES (2,514,17);
INSERT INTO ContratoJogador (idContrato, idJogador, idEquipa) VALUES (4,515,17);
INSERT INTO ContratoJogador (idContrato, idJogador, idEquipa) VALUES (2,516,17);
INSERT INTO ContratoJogador (idContrato, idJogador, idEquipa) VALUES (2,517,17);
INSERT INTO ContratoJogador (idContrato, idJogador, idEquipa) VALUES (3,518,17);
INSERT INTO ContratoJogador (idContrato, idJogador, idEquipa) VALUES (3,519,17);
INSERT INTO ContratoJogador (idContrato, idJogador, idEquipa) VALUES (4,520,17);
INSERT INTO ContratoJogador (idContrato, idJogador, idEquipa) VALUES (4,521,17);
INSERT INTO ContratoJogador (idContrato, idJogador, idEquipa) VALUES (4,522,17);
INSERT INTO ContratoJogador (idContrato, idJogador, idEquipa) VALUES (2,523,17);
INSERT INTO ContratoJogador (idContrato, idJogador, idEquipa) VALUES (4,525,18);
INSERT INTO ContratoJogador (idContrato, idJogador, idEquipa) VALUES (1,526,18);
INSERT INTO ContratoJogador (idContrato, idJogador, idEquipa) VALUES (4,527,18);
INSERT INTO ContratoJogador (idContrato, idJogador, idEquipa) VALUES (2,528,18);
INSERT INTO ContratoJogador (idContrato, idJogador, idEquipa) VALUES (2,529,18);
INSERT INTO ContratoJogador (idContrato, idJogador, idEquipa) VALUES (3,530,18);
INSERT INTO ContratoJogador (idContrato, idJogador, idEquipa) VALUES (4,531,18);
INSERT INTO ContratoJogador (idContrato, idJogador, idEquipa) VALUES (1,532,18);
INSERT INTO ContratoJogador (idContrato, idJogador, idEquipa) VALUES (2,533,18);
INSERT INTO ContratoJogador (idContrato, idJogador, idEquipa) VALUES (4,534,18);
INSERT INTO ContratoJogador (idContrato, idJogador, idEquipa) VALUES (2,535,18);
INSERT INTO ContratoJogador (idContrato, idJogador, idEquipa) VALUES (1,536,18);
INSERT INTO ContratoJogador (idContrato, idJogador, idEquipa) VALUES (3,537,18);
INSERT INTO ContratoJogador (idContrato, idJogador, idEquipa) VALUES (1,538,18);
INSERT INTO ContratoJogador (idContrato, idJogador, idEquipa) VALUES (4,539,18);
INSERT INTO ContratoJogador (idContrato, idJogador, idEquipa) VALUES (2,540,18);
INSERT INTO ContratoJogador (idContrato, idJogador, idEquipa) VALUES (3,541,18);
INSERT INTO ContratoJogador (idContrato, idJogador, idEquipa) VALUES (2,542,18);
INSERT INTO ContratoJogador (idContrato, idJogador, idEquipa) VALUES (3,543,18);
INSERT INTO ContratoJogador (idContrato, idJogador, idEquipa) VALUES (4,544,18);
INSERT INTO ContratoJogador (idContrato, idJogador, idEquipa) VALUES (3,545,18);
INSERT INTO ContratoJogador (idContrato, idJogador, idEquipa) VALUES (3,546,18);
INSERT INTO ContratoJogador (idContrato, idJogador, idEquipa) VALUES (3,547,18);
INSERT INTO ContratoJogador (idContrato, idJogador, idEquipa) VALUES (3,548,18);
INSERT INTO ContratoJogador (idContrato, idJogador, idEquipa) VALUES (1,549,18);
INSERT INTO ContratoJogador (idContrato, idJogador, idEquipa) VALUES (1,550,18);
INSERT INTO ContratoJogador (idContrato, idJogador, idEquipa) VALUES (2,551,18);
INSERT INTO ContratoJogador (idContrato, idJogador, idEquipa) VALUES (2,552,18);
INSERT INTO ContratoJogador (idContrato, idJogador, idEquipa) VALUES (4,553,18);
INSERT INTO ContratoJogador (idContrato, idJogador, idEquipa) VALUES (1,554,18);
INSERT INTO ContratoJogador (idContrato, idJogador, idEquipa) VALUES (4,555,18);
INSERT INTO ContratoJogador (idContrato, idJogador, idEquipa) VALUES (3,556,18);
INSERT INTO ContratoJogador (idContrato, idJogador, idEquipa) VALUES (4,557,18);
INSERT INTO ContratoJogador (idContrato, idJogador, idEquipa) VALUES (3,558,18);

--Funcao
insert into Funcao (idFuncao, nome) values (1, 'Treinador Principal');
insert into Funcao (idFuncao, nome) values (2, 'Treinador-Adjunto');
insert into Funcao (idFuncao, nome) values (3, 'Preparador Físico');
insert into Funcao (idFuncao, nome) values (4, 'Massagista');
insert into Funcao (idFuncao, nome) values (5, 'Roupeiro');
insert into Funcao (idFuncao, nome) values (6, 'Agueiro');
insert into Funcao (idFuncao, nome) values (7, 'Diretor');

--Staff
INSERT INTO Staff (idPessoa) VALUES (30);
INSERT INTO Staff (idPessoa) VALUES (58);
INSERT INTO Staff (idPessoa) VALUES (88);
INSERT INTO Staff (idPessoa) VALUES (115);
INSERT INTO Staff (idPessoa) VALUES (143);
INSERT INTO Staff (idPessoa) VALUES (175);
INSERT INTO Staff (idPessoa) VALUES (203);
INSERT INTO Staff (idPessoa) VALUES (237);
INSERT INTO Staff (idPessoa) VALUES (270);
INSERT INTO Staff (idPessoa) VALUES (304);
INSERT INTO Staff (idPessoa) VALUES (338);
INSERT INTO Staff (idPessoa) VALUES (366);
INSERT INTO Staff (idPessoa) VALUES (398);
INSERT INTO Staff (idPessoa) VALUES (430);
INSERT INTO Staff (idPessoa) VALUES (463);
INSERT INTO Staff (idPessoa) VALUES (496);
INSERT INTO Staff (idPessoa) VALUES (524);
INSERT INTO Staff (idPessoa) VALUES (559);

--ContratoStaff
INSERT INTO ContratoStaff (idContrato, idStaff, idEquipa, idFuncao) VALUES (4,30,1,1);
INSERT INTO ContratoStaff (idContrato, idStaff, idEquipa, idFuncao) VALUES (4,58,2,1);
INSERT INTO ContratoStaff (idContrato, idStaff, idEquipa, idFuncao) VALUES (4,88,3,1);
INSERT INTO ContratoStaff (idContrato, idStaff, idEquipa, idFuncao) VALUES (2,115,4,1);
INSERT INTO ContratoStaff (idContrato, idStaff, idEquipa, idFuncao) VALUES (1,143,5,1);
INSERT INTO ContratoStaff (idContrato, idStaff, idEquipa, idFuncao) VALUES (4,175,6,1);
INSERT INTO ContratoStaff (idContrato, idStaff, idEquipa, idFuncao) VALUES (1,203,7,1);
INSERT INTO ContratoStaff (idContrato, idStaff, idEquipa, idFuncao) VALUES (2,237,8,1);
INSERT INTO ContratoStaff (idContrato, idStaff, idEquipa, idFuncao) VALUES (4,270,9,1);
INSERT INTO ContratoStaff (idContrato, idStaff, idEquipa, idFuncao) VALUES (3,304,10,1);
INSERT INTO ContratoStaff (idContrato, idStaff, idEquipa, idFuncao) VALUES (3,338,11,1);
INSERT INTO ContratoStaff (idContrato, idStaff, idEquipa, idFuncao) VALUES (3,366,12,1);
INSERT INTO ContratoStaff (idContrato, idStaff, idEquipa, idFuncao) VALUES (1,398,13,1);
INSERT INTO ContratoStaff (idContrato, idStaff, idEquipa, idFuncao) VALUES (3,430,14,1);
INSERT INTO ContratoStaff (idContrato, idStaff, idEquipa, idFuncao) VALUES (3,463,15,1);
INSERT INTO ContratoStaff (idContrato, idStaff, idEquipa, idFuncao) VALUES (4,496,16,1);
INSERT INTO ContratoStaff (idContrato, idStaff, idEquipa, idFuncao) VALUES (2,524,17,1);
INSERT INTO ContratoStaff (idContrato, idStaff, idEquipa, idFuncao) VALUES (1,559,18,1);
--Jogo
insert into Jogo (idJogo, data, golosCasa, golosFora, idEquipaCasa, idEquipaFora, idEstadio, idArbitro, idJornada) values (1, '2016-08-26', 6, 0, 1, 8, 1,569,1);
insert into Jogo (idJogo, data, golosCasa, golosFora, idEquipaCasa, idEquipaFora, idEstadio, idArbitro, idJornada) values (2, '2016-08-13', 2, 0, 5, 18, 5,568,1);
insert into Jogo (idJogo, data, golosCasa, golosFora, idEquipaCasa, idEquipaFora, idEstadio, idArbitro, idJornada) values (3, '2016-08-14', 2, 1, 3, 15, 3,564,1);
insert into Jogo (idJogo, data, golosCasa, golosFora, idEquipaCasa, idEquipaFora, idEstadio, idArbitro, idJornada) values (4, '2016-08-14', 1, 1, 14, 17, 17,563,1);
insert into Jogo (idJogo, data, golosCasa, golosFora, idEquipaCasa, idEquipaFora, idEstadio, idArbitro, idJornada) values (5, '2016-08-14', 0, 2, 13, 16, 13,567,1);
insert into Jogo (idJogo, data, golosCasa, golosFora, idEquipaCasa, idEquipaFora, idEstadio, idArbitro, idJornada) values (6, '2016-08-14', 1, 0, 11, 10, 11,561,1);
insert into Jogo (idJogo, data, golosCasa, golosFora, idEquipaCasa, idEquipaFora, idEstadio, idArbitro, idJornada) values (7, '2016-08-15', 2, 1, 9, 12, 9,560,1);
insert into Jogo (idJogo, data, golosCasa, golosFora, idEquipaCasa, idEquipaFora, idEstadio, idArbitro, idJornada) values (8, '2016-08-15', 2, 1, 6, 7, 6,566,1);
insert into Jogo (idJogo, data, golosCasa, golosFora, idEquipaCasa, idEquipaFora, idEstadio, idArbitro, idJornada) values (9, '2016-08-15', 2, 2, 4, 2, 4,562,1);

--Convocado
insert into Convocado (idJogador, idJogo, minutoEntrada, minutoSaida) values (1, 1, 0, NULL);
insert into Convocado (idJogador, idJogo, minutoEntrada, minutoSaida) values (8, 1, 0, 74);
insert into Convocado (idJogador, idJogo, minutoEntrada, minutoSaida) values (5, 1, 0, NULL);
insert into Convocado (idJogador, idJogo, minutoEntrada, minutoSaida) values (12, 1, 0, NULL);
insert into Convocado (idJogador, idJogo, minutoEntrada, minutoSaida) values (9, 1, 0, 78);
insert into Convocado (idJogador, idJogo, minutoEntrada, minutoSaida) values (15, 1, 0, 64);
insert into Convocado (idJogador, idJogo, minutoEntrada, minutoSaida) values (18, 1, 0, NULL);
insert into Convocado (idJogador, idJogo, minutoEntrada, minutoSaida) values (10, 1, 0, NULL);
insert into Convocado (idJogador, idJogo, minutoEntrada, minutoSaida) values (27, 1, 0, NULL);
insert into Convocado (idJogador, idJogo, minutoEntrada, minutoSaida) values (25, 1, 0, NULL);
insert into Convocado (idJogador, idJogo, minutoEntrada, minutoSaida) values (28, 1, 0, NULL);

insert into Convocado (idJogador, idJogo, minutoEntrada, minutoSaida) values (3, 1, NULL, NULL);
insert into Convocado (idJogador, idJogo, minutoEntrada, minutoSaida) values (16, 1, 74, NULL);
insert into Convocado (idJogador, idJogo, minutoEntrada, minutoSaida) values (17, 1, 78, NULL);
insert into Convocado (idJogador, idJogo, minutoEntrada, minutoSaida) values (20, 1, 64, NULL);
insert into Convocado (idJogador, idJogo, minutoEntrada, minutoSaida) values (22, 1, NULL, NULL);
insert into Convocado (idJogador, idJogo, minutoEntrada, minutoSaida) values (21, 1, NULL, NULL);
insert into Convocado (idJogador, idJogo, minutoEntrada, minutoSaida) values (28, 1, NULL, NULL);


insert into Convocado (idJogador, idJogo, minutoEntrada, minutoSaida) values (207, 1, 0, NULL);
insert into Convocado (idJogador, idJogo, minutoEntrada, minutoSaida) values (215, 1, 0, NULL);
insert into Convocado (idJogador, idJogo, minutoEntrada, minutoSaida) values (209, 1, 0, NULL);
insert into Convocado (idJogador, idJogo, minutoEntrada, minutoSaida) values (216, 1, 0, NULL);
insert into Convocado (idJogador, idJogo, minutoEntrada, minutoSaida) values (210, 1, 0, NULL);
insert into Convocado (idJogador, idJogo, minutoEntrada, minutoSaida) values (226, 1, 0, 74);
insert into Convocado (idJogador, idJogo, minutoEntrada, minutoSaida) values (211, 1, 0, NULL);
insert into Convocado (idJogador, idJogo, minutoEntrada, minutoSaida) values (217, 1, 0, NULL);
insert into Convocado (idJogador, idJogo, minutoEntrada, minutoSaida) values (220, 1, 0, NULL);
insert into Convocado (idJogador, idJogo, minutoEntrada, minutoSaida) values (231, 1, 0, 64);
insert into Convocado (idJogador, idJogo, minutoEntrada, minutoSaida) values (225, 1, 0, 88);

insert into Convocado (idJogador, idJogo, minutoEntrada, minutoSaida) values (206, 1, NULL, NULL);
insert into Convocado (idJogador, idJogo, minutoEntrada, minutoSaida) values (212, 1, NULL, NULL);
insert into Convocado (idJogador, idJogo, minutoEntrada, minutoSaida) values (214, 1, 64, NULL);
insert into Convocado (idJogador, idJogo, minutoEntrada, minutoSaida) values (218, 1, NULL, NULL);
insert into Convocado (idJogador, idJogo, minutoEntrada, minutoSaida) values (228, 1, 74, NULL);
insert into Convocado (idJogador, idJogo, minutoEntrada, minutoSaida) values (232, 1, 88, NULL);
insert into Convocado (idJogador, idJogo, minutoEntrada, minutoSaida) values (219, 1, NULL, NULL);



insert into Convocado (idJogador, idJogo, minutoEntrada, minutoSaida) values (116, 2, 0, NULL);
insert into Convocado (idJogador, idJogo, minutoEntrada, minutoSaida) values (122, 2, 0, NULL);
insert into Convocado (idJogador, idJogo, minutoEntrada, minutoSaida) values (123, 2, 0, NULL);
insert into Convocado (idJogador, idJogo, minutoEntrada, minutoSaida) values (407, 2, 0, NULL);
insert into Convocado (idJogador, idJogo, minutoEntrada, minutoSaida) values (124, 2, 0, NULL);
insert into Convocado (idJogador, idJogo, minutoEntrada, minutoSaida) values (128, 2, 0, NULL);
insert into Convocado (idJogador, idJogo, minutoEntrada, minutoSaida) values (136, 2, 0, NULL);
insert into Convocado (idJogador, idJogo, minutoEntrada, minutoSaida) values (129, 2, 0, NULL);
insert into Convocado (idJogador, idJogo, minutoEntrada, minutoSaida) values (137, 2, 0, 70);
insert into Convocado (idJogador, idJogo, minutoEntrada, minutoSaida) values (141, 2, 0, 87);
insert into Convocado (idJogador, idJogo, minutoEntrada, minutoSaida) values (133, 2, 0, 74);

insert into Convocado (idJogador, idJogo, minutoEntrada, minutoSaida) values (118, 2, NULL, NULL);
insert into Convocado (idJogador, idJogo, minutoEntrada, minutoSaida) values (125, 2, NULL, NULL);
insert into Convocado (idJogador, idJogo, minutoEntrada, minutoSaida) values (121, 2, NULL, NULL);
insert into Convocado (idJogador, idJogo, minutoEntrada, minutoSaida) values (140, 2, NULL, NULL);
insert into Convocado (idJogador, idJogo, minutoEntrada, minutoSaida) values (130, 2, 87, NULL);
insert into Convocado (idJogador, idJogo, minutoEntrada, minutoSaida) values (138, 2, 74, NULL);
insert into Convocado (idJogador, idJogo, minutoEntrada, minutoSaida) values (139, 2, 70, NULL);


insert into Convocado (idJogador, idJogo, minutoEntrada, minutoSaida) values (527, 2, 0, NULL);
insert into Convocado (idJogador, idJogo, minutoEntrada, minutoSaida) values (532, 2, 0, 56);
insert into Convocado (idJogador, idJogo, minutoEntrada, minutoSaida) values (529, 2, 0, NULL);
insert into Convocado (idJogador, idJogo, minutoEntrada, minutoSaida) values (535, 2, 0, NULL);
insert into Convocado (idJogador, idJogo, minutoEntrada, minutoSaida) values (537, 2, 0, NULL);
insert into Convocado (idJogador, idJogo, minutoEntrada, minutoSaida) values (541, 2, 0, 85);
insert into Convocado (idJogador, idJogo, minutoEntrada, minutoSaida) values (543, 2, 0, NULL);
insert into Convocado (idJogador, idJogo, minutoEntrada, minutoSaida) values (544, 2, 0, NULL);
insert into Convocado (idJogador, idJogo, minutoEntrada, minutoSaida) values (545, 2, 0, 70);
insert into Convocado (idJogador, idJogo, minutoEntrada, minutoSaida) values (547, 2, 0, NULL);

insert into Convocado (idJogador, idJogo, minutoEntrada, minutoSaida) values (525, 2, NULL, NULL);
insert into Convocado (idJogador, idJogo, minutoEntrada, minutoSaida) values (534, 2, 56, NULL);
insert into Convocado (idJogador, idJogo, minutoEntrada, minutoSaida) values (531, 2, NULL, NULL);
insert into Convocado (idJogador, idJogo, minutoEntrada, minutoSaida) values (528, 2, NULL, NULL);
insert into Convocado (idJogador, idJogo, minutoEntrada, minutoSaida) values (533, 2, 70, NULL);
insert into Convocado (idJogador, idJogo, minutoEntrada, minutoSaida) values (554, 2, NULL, NULL);
insert into Convocado (idJogador, idJogo, minutoEntrada, minutoSaida) values (556, 2, 85, NULL);



insert into Convocado (idJogador, idJogo, minutoEntrada, minutoSaida) values (60, 3, 0, NULL);
insert into Convocado (idJogador, idJogo, minutoEntrada, minutoSaida) values (82, 3, 0, 77);
insert into Convocado (idJogador, idJogo, minutoEntrada, minutoSaida) values (63, 3, 0, NULL);
insert into Convocado (idJogador, idJogo, minutoEntrada, minutoSaida) values (65, 3, 0, NULL);
insert into Convocado (idJogador, idJogo, minutoEntrada, minutoSaida) values (68, 3, 0, NULL);
insert into Convocado (idJogador, idJogo, minutoEntrada, minutoSaida) values (76, 3, 0, 86);
insert into Convocado (idJogador, idJogo, minutoEntrada, minutoSaida) values (81, 3, 0, 59);
insert into Convocado (idJogador, idJogo, minutoEntrada, minutoSaida) values (79, 3, 0, NULL);
insert into Convocado (idJogador, idJogo, minutoEntrada, minutoSaida) values (87, 3, 0, NULL);
insert into Convocado (idJogador, idJogo, minutoEntrada, minutoSaida) values (77, 3, 0, NULL);

insert into Convocado (idJogador, idJogo, minutoEntrada, minutoSaida) values (59, 3, NULL, NULL);
insert into Convocado (idJogador, idJogo, minutoEntrada, minutoSaida) values (66, 3, 77, NULL);
insert into Convocado (idJogador, idJogo, minutoEntrada, minutoSaida) values (64, 3, 86, NULL);
insert into Convocado (idJogador, idJogo, minutoEntrada, minutoSaida) values (83, 3, 59, NULL);
insert into Convocado (idJogador, idJogo, minutoEntrada, minutoSaida) values (78, 3, NULL, NULL);
insert into Convocado (idJogador, idJogo, minutoEntrada, minutoSaida) values (74, 3, NULL, NULL);
insert into Convocado (idJogador, idJogo, minutoEntrada, minutoSaida) values (86, 3, NULL, NULL);


insert into Convocado (idJogador, idJogo, minutoEntrada, minutoSaida) values (431, 3, 0, NULL);
insert into Convocado (idJogador, idJogo, minutoEntrada, minutoSaida) values (436, 3, 0, NULL);
insert into Convocado (idJogador, idJogo, minutoEntrada, minutoSaida) values (439, 3, 0, NULL);
insert into Convocado (idJogador, idJogo, minutoEntrada, minutoSaida) values (437, 3, 0, NULL);
insert into Convocado (idJogador, idJogo, minutoEntrada, minutoSaida) values (438, 3, 0, NULL);
insert into Convocado (idJogador, idJogo, minutoEntrada, minutoSaida) values (450, 3, 0, NULL);
insert into Convocado (idJogador, idJogo, minutoEntrada, minutoSaida) values (480, 3, 0, 86);
insert into Convocado (idJogador, idJogo, minutoEntrada, minutoSaida) values (448, 3, 0, NULL);
insert into Convocado (idJogador, idJogo, minutoEntrada, minutoSaida) values (453, 3, 0, 71);
insert into Convocado (idJogador, idJogo, minutoEntrada, minutoSaida) values (131, 3, 0, 81);
insert into Convocado (idJogador, idJogo, minutoEntrada, minutoSaida) values (459, 3, 0, NULL);

insert into Convocado (idJogador, idJogo, minutoEntrada, minutoSaida) values (433, 3, NULL, NULL);
insert into Convocado (idJogador, idJogo, minutoEntrada, minutoSaida) values (441, 3, NULL, NULL);
insert into Convocado (idJogador, idJogo, minutoEntrada, minutoSaida) values (440, 3, NULL, NULL);
insert into Convocado (idJogador, idJogo, minutoEntrada, minutoSaida) values (446, 3, 71, NULL);
insert into Convocado (idJogador, idJogo, minutoEntrada, minutoSaida) values (458, 3, NULL, NULL);
insert into Convocado (idJogador, idJogo, minutoEntrada, minutoSaida) values (455, 3, 0, 81);
insert into Convocado (idJogador, idJogo, minutoEntrada, minutoSaida) values (460, 3, 0, 86);



insert into Convocado (idJogador, idJogo, minutoEntrada, minutoSaida) values (399, 4, 0, NULL);
insert into Convocado (idJogador, idJogo, minutoEntrada, minutoSaida) values (409, 4, 0, NULL);
insert into Convocado (idJogador, idJogo, minutoEntrada, minutoSaida) values (405, 4, 0, NULL);
insert into Convocado (idJogador, idJogo, minutoEntrada, minutoSaida) values (404, 4, 0, NULL);
insert into Convocado (idJogador, idJogo, minutoEntrada, minutoSaida) values (408, 4, 0, NULL);
insert into Convocado (idJogador, idJogo, minutoEntrada, minutoSaida) values (410, 4, 0, 67);
insert into Convocado (idJogador, idJogo, minutoEntrada, minutoSaida) values (416, 4, 0, NULL);
insert into Convocado (idJogador, idJogo, minutoEntrada, minutoSaida) values (418, 4, 0, NULL);
insert into Convocado (idJogador, idJogo, minutoEntrada, minutoSaida) values (414, 4, 0, 67);
insert into Convocado (idJogador, idJogo, minutoEntrada, minutoSaida) values (422, 4, 0, 66);
insert into Convocado (idJogador, idJogo, minutoEntrada, minutoSaida) values (425, 4, 0, NULL);

insert into Convocado (idJogador, idJogo, minutoEntrada, minutoSaida) values (401, 4, NULL, NULL);
insert into Convocado (idJogador, idJogo, minutoEntrada, minutoSaida) values (403, 4, 67, NULL);
insert into Convocado (idJogador, idJogo, minutoEntrada, minutoSaida) values (420, 4, 66, NULL);
insert into Convocado (idJogador, idJogo, minutoEntrada, minutoSaida) values (413, 4, NULL, NULL);
insert into Convocado (idJogador, idJogo, minutoEntrada, minutoSaida) values (426, 4, 67, NULL);
insert into Convocado (idJogador, idJogo, minutoEntrada, minutoSaida) values (427, 4, NULL, NULL);
insert into Convocado (idJogador, idJogo, minutoEntrada, minutoSaida) values (421, 4, NULL, NULL);


insert into Convocado (idJogador, idJogo, minutoEntrada, minutoSaida) values (497, 4, 0, NULL);
insert into Convocado (idJogador, idJogo, minutoEntrada, minutoSaida) values (509, 4, 0, 81);
insert into Convocado (idJogador, idJogo, minutoEntrada, minutoSaida) values (504, 4, 0, NULL);
insert into Convocado (idJogador, idJogo, minutoEntrada, minutoSaida) values (503, 4, 0, NULL);
insert into Convocado (idJogador, idJogo, minutoEntrada, minutoSaida) values (508, 4, 0, NULL);
insert into Convocado (idJogador, idJogo, minutoEntrada, minutoSaida) values (505, 4, 0, NULL);
insert into Convocado (idJogador, idJogo, minutoEntrada, minutoSaida) values (510, 4, 0, NULL);
insert into Convocado (idJogador, idJogo, minutoEntrada, minutoSaida) values (511, 4, 0, NULL);
insert into Convocado (idJogador, idJogo, minutoEntrada, minutoSaida) values (519, 4, 0, 65);
insert into Convocado (idJogador, idJogo, minutoEntrada, minutoSaida) values (520, 4, 0, 90);
insert into Convocado (idJogador, idJogo, minutoEntrada, minutoSaida) values (518, 4, 0, NULL);

insert into Convocado (idJogador, idJogo, minutoEntrada, minutoSaida) values (499, 4, NULL, NULL);
insert into Convocado (idJogador, idJogo, minutoEntrada, minutoSaida) values (507, 4, NULL, NULL);
insert into Convocado (idJogador, idJogo, minutoEntrada, minutoSaida) values (502, 4, NULL, NULL);
insert into Convocado (idJogador, idJogo, minutoEntrada, minutoSaida) values (501, 4, NULL, NULL);
insert into Convocado (idJogador, idJogo, minutoEntrada, minutoSaida) values (517, 4, 81, NULL);
insert into Convocado (idJogador, idJogo, minutoEntrada, minutoSaida) values (522, 4, 90, NULL);
insert into Convocado (idJogador, idJogo, minutoEntrada, minutoSaida) values (523, 4, 65, NULL);



insert into Convocado (idJogador, idJogo, minutoEntrada, minutoSaida) values (369, 5, 0, NULL);
insert into Convocado (idJogador, idJogo, minutoEntrada, minutoSaida) values (370, 5, 0, NULL);
insert into Convocado (idJogador, idJogo, minutoEntrada, minutoSaida) values (372, 5, 0, NULL);
insert into Convocado (idJogador, idJogo, minutoEntrada, minutoSaida) values (374, 5, 0, NULL);
insert into Convocado (idJogador, idJogo, minutoEntrada, minutoSaida) values (371, 5, 0, NULL);
insert into Convocado (idJogador, idJogo, minutoEntrada, minutoSaida) values (383, 5, 0, NULL);
insert into Convocado (idJogador, idJogo, minutoEntrada, minutoSaida) values (388, 5, 0, 84);
insert into Convocado (idJogador, idJogo, minutoEntrada, minutoSaida) values (386, 5, 0, 82);
insert into Convocado (idJogador, idJogo, minutoEntrada, minutoSaida) values (395, 5, 0, NULL);
insert into Convocado (idJogador, idJogo, minutoEntrada, minutoSaida) values (396, 5, 0, 63);
insert into Convocado (idJogador, idJogo, minutoEntrada, minutoSaida) values (391, 5, 0, NULL);

insert into Convocado (idJogador, idJogo, minutoEntrada, minutoSaida) values (367, 5, NULL, NULL);
insert into Convocado (idJogador, idJogo, minutoEntrada, minutoSaida) values (373, 5, NULL, NULL);
insert into Convocado (idJogador, idJogo, minutoEntrada, minutoSaida) values (379, 5, NULL, NULL);
insert into Convocado (idJogador, idJogo, minutoEntrada, minutoSaida) values (381, 5, 81, NULL);
insert into Convocado (idJogador, idJogo, minutoEntrada, minutoSaida) values (382, 5, NULL, NULL);
insert into Convocado (idJogador, idJogo, minutoEntrada, minutoSaida) values (394, 5, 63, NULL);
insert into Convocado (idJogador, idJogo, minutoEntrada, minutoSaida) values (393, 5, 82, NULL);


insert into Convocado (idJogador, idJogo, minutoEntrada, minutoSaida) values (466, 5, 0, NULL);
insert into Convocado (idJogador, idJogo, minutoEntrada, minutoSaida) values (469, 5, 0, NULL);
insert into Convocado (idJogador, idJogo, minutoEntrada, minutoSaida) values (473, 5, 0, NULL);
insert into Convocado (idJogador, idJogo, minutoEntrada, minutoSaida) values (474, 5, 0, NULL);
insert into Convocado (idJogador, idJogo, minutoEntrada, minutoSaida) values (482, 5, 0, 60);
insert into Convocado (idJogador, idJogo, minutoEntrada, minutoSaida) values (484, 5, 0, NULL);
insert into Convocado (idJogador, idJogo, minutoEntrada, minutoSaida) values (481, 5, 0, 71);
insert into Convocado (idJogador, idJogo, minutoEntrada, minutoSaida) values (485, 5, 0, NULL);
insert into Convocado (idJogador, idJogo, minutoEntrada, minutoSaida) values (483, 5, 0, NULL);
insert into Convocado (idJogador, idJogo, minutoEntrada, minutoSaida) values (491, 5, 0, 81);
insert into Convocado (idJogador, idJogo, minutoEntrada, minutoSaida) values (294, 5, 0, NULL);

insert into Convocado (idJogador, idJogo, minutoEntrada, minutoSaida) values (464, 5, NULL, NULL);
insert into Convocado (idJogador, idJogo, minutoEntrada, minutoSaida) values (470, 5, 71, NULL);
insert into Convocado (idJogador, idJogo, minutoEntrada, minutoSaida) values (471, 5, NULL, NULL);
insert into Convocado (idJogador, idJogo, minutoEntrada, minutoSaida) values (475, 5, NULL, NULL);
insert into Convocado (idJogador, idJogo, minutoEntrada, minutoSaida) values (487, 5, 60, NULL);
insert into Convocado (idJogador, idJogo, minutoEntrada, minutoSaida) values (488, 5, 81, NULL);
insert into Convocado (idJogador, idJogo, minutoEntrada, minutoSaida) values (489, 5, NULL, NULL);



insert into Convocado (idJogador, idJogo, minutoEntrada, minutoSaida) values (305, 6, 0, NULL);
insert into Convocado (idJogador, idJogo, minutoEntrada, minutoSaida) values (309, 6, 0, NULL);
insert into Convocado (idJogador, idJogo, minutoEntrada, minutoSaida) values (313, 6, 0, NULL);
insert into Convocado (idJogador, idJogo, minutoEntrada, minutoSaida) values (314, 6, 0, NULL);
insert into Convocado (idJogador, idJogo, minutoEntrada, minutoSaida) values (312, 6, 0, NULL);
insert into Convocado (idJogador, idJogo, minutoEntrada, minutoSaida) values (325, 6, 0, NULL);
insert into Convocado (idJogador, idJogo, minutoEntrada, minutoSaida) values (326, 6, 0, 56);
insert into Convocado (idJogador, idJogo, minutoEntrada, minutoSaida) values (330, 6, 0, NULL);
insert into Convocado (idJogador, idJogo, minutoEntrada, minutoSaida) values (333, 6, 0, NULL);
insert into Convocado (idJogador, idJogo, minutoEntrada, minutoSaida) values (337, 6, 0, 81);
insert into Convocado (idJogador, idJogo, minutoEntrada, minutoSaida) values (323, 6, 0, 90);

insert into Convocado (idJogador, idJogo, minutoEntrada, minutoSaida) values (306, 6, NULL, NULL);
insert into Convocado (idJogador, idJogo, minutoEntrada, minutoSaida) values (315, 6, 56, NULL);
insert into Convocado (idJogador, idJogo, minutoEntrada, minutoSaida) values (311, 6, 81, NULL);
insert into Convocado (idJogador, idJogo, minutoEntrada, minutoSaida) values (322, 6, NULL, NULL);
insert into Convocado (idJogador, idJogo, minutoEntrada, minutoSaida) values (332, 6, 90, NULL);
insert into Convocado (idJogador, idJogo, minutoEntrada, minutoSaida) values (334, 6, NULL, NULL);
insert into Convocado (idJogador, idJogo, minutoEntrada, minutoSaida) values (331, 6, NULL, NULL);


insert into Convocado (idJogador, idJogo, minutoEntrada, minutoSaida) values (271, 6, 0, NULL);
insert into Convocado (idJogador, idJogo, minutoEntrada, minutoSaida) values (290, 6, 0, NULL);
insert into Convocado (idJogador, idJogo, minutoEntrada, minutoSaida) values (274, 6, 0, NULL);
insert into Convocado (idJogador, idJogo, minutoEntrada, minutoSaida) values (284, 6, 0, NULL);
insert into Convocado (idJogador, idJogo, minutoEntrada, minutoSaida) values (275, 6, 0, 62);
insert into Convocado (idJogador, idJogo, minutoEntrada, minutoSaida) values (288, 6, 0, NULL);
insert into Convocado (idJogador, idJogo, minutoEntrada, minutoSaida) values (277, 6, 0, 74);
insert into Convocado (idJogador, idJogo, minutoEntrada, minutoSaida) values (296, 6, 0, 46);
insert into Convocado (idJogador, idJogo, minutoEntrada, minutoSaida) values (186, 6, 0, NULL);
insert into Convocado (idJogador, idJogo, minutoEntrada, minutoSaida) values (297, 6, 0, NULL);

insert into Convocado (idJogador, idJogo, minutoEntrada, minutoSaida) values (273, 6, NULL, NULL);
insert into Convocado (idJogador, idJogo, minutoEntrada, minutoSaida) values (282, 6, NULL, NULL);
insert into Convocado (idJogador, idJogo, minutoEntrada, minutoSaida) values (285, 6, NULL, NULL);
insert into Convocado (idJogador, idJogo, minutoEntrada, minutoSaida) values (276, 6, 62, NULL);
insert into Convocado (idJogador, idJogo, minutoEntrada, minutoSaida) values (291, 6, 74, NULL);
insert into Convocado (idJogador, idJogo, minutoEntrada, minutoSaida) values (295, 6, NULL, NULL);
insert into Convocado (idJogador, idJogo, minutoEntrada, minutoSaida) values (302, 6, 46, NULL);



insert into Convocado (idJogador, idJogo, minutoEntrada, minutoSaida) values (238, 7, 0, NULL);
insert into Convocado (idJogador, idJogo, minutoEntrada, minutoSaida) values (242, 7, 0, NULL);
insert into Convocado (idJogador, idJogo, minutoEntrada, minutoSaida) values (245, 7, 0, 46);
insert into Convocado (idJogador, idJogo, minutoEntrada, minutoSaida) values (248, 7, 0, NULL);
insert into Convocado (idJogador, idJogo, minutoEntrada, minutoSaida) values (244, 7, 0, NULL);
insert into Convocado (idJogador, idJogo, minutoEntrada, minutoSaida) values (250, 7, 0, NULL);
insert into Convocado (idJogador, idJogo, minutoEntrada, minutoSaida) values (251, 7, 0, NULL);
insert into Convocado (idJogador, idJogo, minutoEntrada, minutoSaida) values (266, 7, 0, NULL);
insert into Convocado (idJogador, idJogo, minutoEntrada, minutoSaida) values (256, 7, 0, 61);
insert into Convocado (idJogador, idJogo, minutoEntrada, minutoSaida) values (267, 7, 0, 84);
insert into Convocado (idJogador, idJogo, minutoEntrada, minutoSaida) values (265, 7, 0, NULL);

insert into Convocado (idJogador, idJogo, minutoEntrada, minutoSaida) values (239, 7, NULL, NULL);
insert into Convocado (idJogador, idJogo, minutoEntrada, minutoSaida) values (243, 7, 46, NULL);
insert into Convocado (idJogador, idJogo, minutoEntrada, minutoSaida) values (257, 7, 61, NULL);
insert into Convocado (idJogador, idJogo, minutoEntrada, minutoSaida) values (253, 7, NULL, NULL);
insert into Convocado (idJogador, idJogo, minutoEntrada, minutoSaida) values (252, 7, NULL, NULL);
insert into Convocado (idJogador, idJogo, minutoEntrada, minutoSaida) values (260, 7, NULL, NULL);
insert into Convocado (idJogador, idJogo, minutoEntrada, minutoSaida) values (264, 7, 84, NULL);


insert into Convocado (idJogador, idJogo, minutoEntrada, minutoSaida) values (339, 7, 0, NULL);
insert into Convocado (idJogador, idJogo, minutoEntrada, minutoSaida) values (345, 7, 0, NULL);
insert into Convocado (idJogador, idJogo, minutoEntrada, minutoSaida) values (342, 7, 0, NULL);
insert into Convocado (idJogador, idJogo, minutoEntrada, minutoSaida) values (347, 7, 0, NULL);
insert into Convocado (idJogador, idJogo, minutoEntrada, minutoSaida) values (346, 7, 0, NULL);
insert into Convocado (idJogador, idJogo, minutoEntrada, minutoSaida) values (350, 7, 0, NULL);
insert into Convocado (idJogador, idJogo, minutoEntrada, minutoSaida) values (351, 7, 0, 78);
insert into Convocado (idJogador, idJogo, minutoEntrada, minutoSaida) values (360, 7, 0, 64);
insert into Convocado (idJogador, idJogo, minutoEntrada, minutoSaida) values (357, 7, 0, NULL);
insert into Convocado (idJogador, idJogo, minutoEntrada, minutoSaida) values (355, 7, 0, NULL);
insert into Convocado (idJogador, idJogo, minutoEntrada, minutoSaida) values (365, 7, 0, 64);

insert into Convocado (idJogador, idJogo, minutoEntrada, minutoSaida) values (340, 7, NULL, NULL);
insert into Convocado (idJogador, idJogo, minutoEntrada, minutoSaida) values (344, 7, NULL, NULL);
insert into Convocado (idJogador, idJogo, minutoEntrada, minutoSaida) values (356, 7, NULL, NULL);
insert into Convocado (idJogador, idJogo, minutoEntrada, minutoSaida) values (406, 7, NULL, NULL);
insert into Convocado (idJogador, idJogo, minutoEntrada, minutoSaida) values (362, 7, 64, NULL);
insert into Convocado (idJogador, idJogo, minutoEntrada, minutoSaida) values (363, 7, 78, NULL);
insert into Convocado (idJogador, idJogo, minutoEntrada, minutoSaida) values (364, 7, 64, NULL);



insert into Convocado (idJogador, idJogo, minutoEntrada, minutoSaida) values (145, 8, 0, NULL);
insert into Convocado (idJogador, idJogo, minutoEntrada, minutoSaida) values (147, 8, 0, NULL);
insert into Convocado (idJogador, idJogo, minutoEntrada, minutoSaida) values (149, 8, 0, NULL);
insert into Convocado (idJogador, idJogo, minutoEntrada, minutoSaida) values (152, 8, 0, NULL);
insert into Convocado (idJogador, idJogo, minutoEntrada, minutoSaida) values (150, 8, 0, NULL);
insert into Convocado (idJogador, idJogo, minutoEntrada, minutoSaida) values (153, 8, 0, NULL);
insert into Convocado (idJogador, idJogo, minutoEntrada, minutoSaida) values (158, 8, 0, NULL);
insert into Convocado (idJogador, idJogo, minutoEntrada, minutoSaida) values (159, 8, 0, 90);
insert into Convocado (idJogador, idJogo, minutoEntrada, minutoSaida) values (151, 8, 0, 77);
insert into Convocado (idJogador, idJogo, minutoEntrada, minutoSaida) values (166, 8, 0, NULL);
insert into Convocado (idJogador, idJogo, minutoEntrada, minutoSaida) values (173, 8, 0, 85);

insert into Convocado (idJogador, idJogo, minutoEntrada, minutoSaida) values (144, 8, NULL, NULL);
insert into Convocado (idJogador, idJogo, minutoEntrada, minutoSaida) values (162, 8, 90, NULL);
insert into Convocado (idJogador, idJogo, minutoEntrada, minutoSaida) values (165, 8, NULL, NULL);
insert into Convocado (idJogador, idJogo, minutoEntrada, minutoSaida) values (160, 8, 77, NULL);
insert into Convocado (idJogador, idJogo, minutoEntrada, minutoSaida) values (170, 8, NULL, NULL);
insert into Convocado (idJogador, idJogo, minutoEntrada, minutoSaida) values (172, 8, 85, NULL);
insert into Convocado (idJogador, idJogo, minutoEntrada, minutoSaida) values (163, 8, NULL, NULL);


insert into Convocado (idJogador, idJogo, minutoEntrada, minutoSaida) values (176, 8, 0, NULL);
insert into Convocado (idJogador, idJogo, minutoEntrada, minutoSaida) values (181, 8, 0, NULL);
insert into Convocado (idJogador, idJogo, minutoEntrada, minutoSaida) values (182, 8, 0, NULL);
insert into Convocado (idJogador, idJogo, minutoEntrada, minutoSaida) values (188, 8, 0, NULL);
insert into Convocado (idJogador, idJogo, minutoEntrada, minutoSaida) values (179, 8, 0, 66);
insert into Convocado (idJogador, idJogo, minutoEntrada, minutoSaida) values (196, 8, 0, NULL);
insert into Convocado (idJogador, idJogo, minutoEntrada, minutoSaida) values (195, 8, 0, NULL);
insert into Convocado (idJogador, idJogo, minutoEntrada, minutoSaida) values (189, 8, 0, NULL);
insert into Convocado (idJogador, idJogo, minutoEntrada, minutoSaida) values (192, 8, 0, 66);
insert into Convocado (idJogador, idJogo, minutoEntrada, minutoSaida) values (197, 8, 0, NULL);
insert into Convocado (idJogador, idJogo, minutoEntrada, minutoSaida) values (198, 8, 0, NULL);

insert into Convocado (idJogador, idJogo, minutoEntrada, minutoSaida) values (178, 8, NULL, NULL);
insert into Convocado (idJogador, idJogo, minutoEntrada, minutoSaida) values (183, 8, NULL, NULL);
insert into Convocado (idJogador, idJogo, minutoEntrada, minutoSaida) values (184, 8, NULL, NULL);
insert into Convocado (idJogador, idJogo, minutoEntrada, minutoSaida) values (194, 8, NULL, NULL);
insert into Convocado (idJogador, idJogo, minutoEntrada, minutoSaida) values (191, 8, 66, NULL);
insert into Convocado (idJogador, idJogo, minutoEntrada, minutoSaida) values (193, 8, NULL, NULL);
insert into Convocado (idJogador, idJogo, minutoEntrada, minutoSaida) values (200, 8, 66, NULL);



insert into Convocado (idJogador, idJogo, minutoEntrada, minutoSaida) values (89, 9, 0, NULL);
insert into Convocado (idJogador, idJogo, minutoEntrada, minutoSaida) values (92, 9, 0, NULL);
insert into Convocado (idJogador, idJogo, minutoEntrada, minutoSaida) values (94, 9, 0, NULL);
insert into Convocado (idJogador, idJogo, minutoEntrada, minutoSaida) values (98, 9, 0, NULL);
insert into Convocado (idJogador, idJogo, minutoEntrada, minutoSaida) values (108, 9, 0, NULL);
insert into Convocado (idJogador, idJogo, minutoEntrada, minutoSaida) values (107, 9, 0, NULL);
insert into Convocado (idJogador, idJogo, minutoEntrada, minutoSaida) values (100, 9, 0, 46);
insert into Convocado (idJogador, idJogo, minutoEntrada, minutoSaida) values (101, 9, 0, 65);
insert into Convocado (idJogador, idJogo, minutoEntrada, minutoSaida) values (111, 9, 0, NULL);
insert into Convocado (idJogador, idJogo, minutoEntrada, minutoSaida) values (113, 9, 0, 79);
insert into Convocado (idJogador, idJogo, minutoEntrada, minutoSaida) values (110, 9, 0, NULL);

insert into Convocado (idJogador, idJogo, minutoEntrada, minutoSaida) values (90, 9, NULL, NULL);
insert into Convocado (idJogador, idJogo, minutoEntrada, minutoSaida) values (93, 9, NULL, NULL);
insert into Convocado (idJogador, idJogo, minutoEntrada, minutoSaida) values (104, 9, 46, NULL);
insert into Convocado (idJogador, idJogo, minutoEntrada, minutoSaida) values (103, 9, NULL, NULL);
insert into Convocado (idJogador, idJogo, minutoEntrada, minutoSaida) values (106, 9, 65, NULL);
insert into Convocado (idJogador, idJogo, minutoEntrada, minutoSaida) values (105, 9, NULL, NULL);
insert into Convocado (idJogador, idJogo, minutoEntrada, minutoSaida) values (112, 9, 79, NULL);


insert into Convocado (idJogador, idJogo, minutoEntrada, minutoSaida) values (34, 9, 0, NULL);
insert into Convocado (idJogador, idJogo, minutoEntrada, minutoSaida) values (39, 9, 0, NULL);
insert into Convocado (idJogador, idJogo, minutoEntrada, minutoSaida) values (35, 9, 0, NULL);
insert into Convocado (idJogador, idJogo, minutoEntrada, minutoSaida) values (41, 9, 0, 63);
insert into Convocado (idJogador, idJogo, minutoEntrada, minutoSaida) values (40, 9, 0, NULL);
insert into Convocado (idJogador, idJogo, minutoEntrada, minutoSaida) values (48, 9, 0, NULL);
insert into Convocado (idJogador, idJogo, minutoEntrada, minutoSaida) values (52, 9, 0, NULL);
insert into Convocado (idJogador, idJogo, minutoEntrada, minutoSaida) values (50, 9, 0, NULL);
insert into Convocado (idJogador, idJogo, minutoEntrada, minutoSaida) values (53, 9, 0, 82);
insert into Convocado (idJogador, idJogo, minutoEntrada, minutoSaida) values (55, 9, 0, 86);
insert into Convocado (idJogador, idJogo, minutoEntrada, minutoSaida) values (46, 9, 0, NULL);

insert into Convocado (idJogador, idJogo, minutoEntrada, minutoSaida) values (32, 9, NULL, NULL);
insert into Convocado (idJogador, idJogo, minutoEntrada, minutoSaida) values (36, 9, NULL, NULL);
insert into Convocado (idJogador, idJogo, minutoEntrada, minutoSaida) values (45, 9, NULL, NULL);
insert into Convocado (idJogador, idJogo, minutoEntrada, minutoSaida) values (47, 9, 86, NULL);
insert into Convocado (idJogador, idJogo, minutoEntrada, minutoSaida) values (49, 9, NULL, NULL);
insert into Convocado (idJogador, idJogo, minutoEntrada, minutoSaida) values (56, 9, 82, NULL);
insert into Convocado (idJogador, idJogo, minutoEntrada, minutoSaida) values (54, 9, 63, NULL);

--Evento
insert into Evento (idEvento, minuto, idEquipa, idJogador, idJogo) values (1, 9, 1, 15, 1);
insert into Evento (idEvento, minuto, idEquipa, idJogador, idJogo) values (2, 13, 1, 25, 1);
insert into Evento (idEvento, minuto, idEquipa, idJogador, idJogo) values (3, 46, 1, 25, 1);
insert into Evento (idEvento, minuto, idEquipa, idJogador, idJogo) values (4, 66, 1, 8, 1);
insert into Evento (idEvento, minuto, idEquipa, idJogador, idJogo) values (5, 73, 1, 11, 1);
insert into Evento (idEvento, minuto, idEquipa, idJogador, idJogo) values (6, 77, 1, 25, 1);
insert into Evento (idEvento, minuto, idEquipa, idJogador, idJogo) values (7, 87, 8, 214, 1);

insert into Evento (idEvento, minuto, idEquipa, idJogador, idJogo) values (8, 11, 5, 129, 2);
insert into Evento (idEvento, minuto, idEquipa, idJogador, idJogo) values (9, 19, 5, 123, 2);
insert into Evento (idEvento, minuto, idEquipa, idJogador, idJogo) values (10, 27, 18, 532, 2);
insert into Evento (idEvento, minuto, idEquipa, idJogador, idJogo) values (11, 39, 18, 537, 2);
insert into Evento (idEvento, minuto, idEquipa, idJogador, idJogo) values (12, 47, 18, 535, 2);
insert into Evento (idEvento, minuto, idEquipa, idJogador, idJogo) values (13, 61, 5, 141, 2);
insert into Evento (idEvento, minuto, idEquipa, idJogador, idJogo) values (14, 81, 5, 133, 2);
insert into Evento (idEvento, minuto, idEquipa, idJogador, idJogo) values (15, 91, 5, 138, 2);

insert into Evento (idEvento, minuto, idEquipa, idJogador, idJogo) values (16, 13, 15, 439, 3);
insert into Evento (idEvento, minuto, idEquipa, idJogador, idJogo) values (17, 17, 3, 87, 3);
insert into Evento (idEvento, minuto, idEquipa, idJogador, idJogo) values (18, 44, 15, 453, 3);
insert into Evento (idEvento, minuto, idEquipa, idJogador, idJogo) values (19, 88, 15, 459, 3);
insert into Evento (idEvento, minuto, idEquipa, idJogador, idJogo) values (20, 89, 3, 87, 3);
insert into Evento (idEvento, minuto, idEquipa, idJogador, idJogo) values (21, 92, 15, 455, 3);

insert into Evento (idEvento, minuto, idEquipa, idJogador, idJogo) values (22, 7, 17, 505, 4);
insert into Evento (idEvento, minuto, idEquipa, idJogador, idJogo) values (23, 30, 14, 425, 4);
insert into Evento (idEvento, minuto, idEquipa, idJogador, idJogo) values (24, 32, 14, 409, 4);
insert into Evento (idEvento, minuto, idEquipa, idJogador, idJogo) values (25, 32, 17, 509, 4);
insert into Evento (idEvento, minuto, idEquipa, idJogador, idJogo) values (26, 79, 17, 523, 4);
insert into Evento (idEvento, minuto, idEquipa, idJogador, idJogo) values (27, 89, 14, 404, 4);

insert into Evento (idEvento, minuto, idEquipa, idJogador, idJogo) values (28, 66, 13, 388, 5);
insert into Evento (idEvento, minuto, idEquipa, idJogador, idJogo) values (29, 62, 16, 469, 5);
insert into Evento (idEvento, minuto, idEquipa, idJogador, idJogo) values (30, 89, 16, 474, 5);
insert into Evento (idEvento, minuto, idEquipa, idJogador, idJogo) values (31, 31, 16, 482, 5);
insert into Evento (idEvento, minuto, idEquipa, idJogador, idJogo) values (32, 35, 16, 481, 5);

insert into Evento (idEvento, minuto, idEquipa, idJogador, idJogo) values (33, 87, 11, 309, 6);
insert into Evento (idEvento, minuto, idEquipa, idJogador, idJogo) values (34, 79, 11, 313, 6);
insert into Evento (idEvento, minuto, idEquipa, idJogador, idJogo) values (35, 88, 11, 330, 6);
insert into Evento (idEvento, minuto, idEquipa, idJogador, idJogo) values (36, 13, 11, 333, 6);
insert into Evento (idEvento, minuto, idEquipa, idJogador, idJogo) values (37, 67, 10, 290, 6);
insert into Evento (idEvento, minuto, idEquipa, idJogador, idJogo) values (38, 89, 10, 288, 6);

insert into Evento (idEvento, minuto, idEquipa, idJogador, idJogo) values (39, 41, 9, 251, 7);
insert into Evento (idEvento, minuto, idEquipa, idJogador, idJogo) values (40, 85, 9, 266, 7);
insert into Evento (idEvento, minuto, idEquipa, idJogador, idJogo) values (41, 74, 9, 266, 7);
insert into Evento (idEvento, minuto, idEquipa, idJogador, idJogo) values (42, 45, 9, 267, 7);
insert into Evento (idEvento, minuto, idEquipa, idJogador, idJogo) values (43, 94, 9, 239, 7);
insert into Evento (idEvento, minuto, idEquipa, idJogador, idJogo) values (44, 64, 12, 347, 7);
insert into Evento (idEvento, minuto, idEquipa, idJogador, idJogo) values (45, 75, 12, 346, 7);
insert into Evento (idEvento, minuto, idEquipa, idJogador, idJogo) values (46, 74, 12, 355, 7);
insert into Evento (idEvento, minuto, idEquipa, idJogador, idJogo) values (47, 79, 12, 363, 7);

insert into Evento (idEvento, minuto, idEquipa, idJogador, idJogo) values (48, 62, 6, 159, 8);
insert into Evento (idEvento, minuto, idEquipa, idJogador, idJogo) values (49, 94, 6, 172, 8);
insert into Evento (idEvento, minuto, idEquipa, idJogador, idJogo) values (50, 34, 7, 182, 8);
insert into Evento (idEvento, minuto, idEquipa, idJogador, idJogo) values (51, 92, 7, 196, 8);
insert into Evento (idEvento, minuto, idEquipa, idJogador, idJogo) values (52, 97, 7, 196, 8);
insert into Evento (idEvento, minuto, idEquipa, idJogador, idJogo) values (53, 83, 7, 198, 8);

insert into Evento (idEvento, minuto, idEquipa, idJogador, idJogo) values (54, 51, 4, 94, 9);
insert into Evento (idEvento, minuto, idEquipa, idJogador, idJogo) values (55, 22, 4, 107, 9);
insert into Evento (idEvento, minuto, idEquipa, idJogador, idJogo) values (56, 55, 4, 101, 9);
insert into Evento (idEvento, minuto, idEquipa, idJogador, idJogo) values (57, 83, 4, 111, 9);
insert into Evento (idEvento, minuto, idEquipa, idJogador, idJogo) values (58, 20, 2, 35, 9);
insert into Evento (idEvento, minuto, idEquipa, idJogador, idJogo) values (59, 54, 2, 41, 9);
insert into Evento (idEvento, minuto, idEquipa, idJogador, idJogo) values (60, 74, 2, 48, 9);
insert into Evento (idEvento, minuto, idEquipa, idJogador, idJogo) values (61, 79, 2, 52, 9);
insert into Evento (idEvento, minuto, idEquipa, idJogador, idJogo) values (62, 58, 2, 50, 9);
insert into Evento (idEvento, minuto, idEquipa, idJogador, idJogo) values (63, 90, 2, 46, 9);

--Golo
insert into Golo (idEvento) values (1);
insert into Golo (idEvento) values (2);
insert into Golo (idEvento) values (3);
insert into Golo (idEvento) values (4);
insert into Golo (idEvento) values (5);
insert into Golo (idEvento) values (6);
insert into Golo (idEvento) values (8);
insert into Golo (idEvento) values (13);
insert into Golo (idEvento) values (17);
insert into Golo (idEvento) values (20);
insert into Golo (idEvento) values (23);
insert into Golo (idEvento) values (26);
insert into Golo (idEvento) values (30);
insert into Golo (idEvento) values (32);
insert into Golo (idEvento) values (36);
insert into Golo (idEvento) values (40);
insert into Golo (idEvento) values (42);
insert into Golo (idEvento) values (47);
insert into Golo (idEvento) values (48);
insert into Golo (idEvento) values (49);
insert into Golo (idEvento) values (51);
insert into Golo (idEvento) values (56);
insert into Golo (idEvento) values (57);
insert into Golo (idEvento) values (62);
insert into Golo (idEvento) values (63);


--Amarelo
insert into Amarelo (idEvento) values (7);
insert into Amarelo (idEvento) values (9);
insert into Amarelo (idEvento) values (10);
insert into Amarelo (idEvento) values (11);
insert into Amarelo (idEvento) values (12);
insert into Amarelo (idEvento) values (14);
insert into Amarelo (idEvento) values (15);
insert into Amarelo (idEvento) values (16);
insert into Amarelo (idEvento) values (18);
insert into Amarelo (idEvento) values (19);
insert into Amarelo (idEvento) values (21);
insert into Amarelo (idEvento) values (22);
insert into Amarelo (idEvento) values (24);
insert into Amarelo (idEvento) values (25);
insert into Amarelo (idEvento) values (27);
insert into Amarelo (idEvento) values (28);
insert into Amarelo (idEvento) values (29);
insert into Amarelo (idEvento) values (31);
insert into Amarelo (idEvento) values (32);
insert into Amarelo (idEvento) values (33);
insert into Amarelo (idEvento) values (35);
insert into Amarelo (idEvento) values (37);
insert into Amarelo (idEvento) values (38);
insert into Amarelo (idEvento) values (39);
insert into Amarelo (idEvento) values (41);
insert into Amarelo (idEvento) values (43);
insert into Amarelo (idEvento) values (44);
insert into Amarelo (idEvento) values (45);
insert into Amarelo (idEvento) values (46);
insert into Amarelo (idEvento) values (50);
insert into Amarelo (idEvento) values (52);
insert into Amarelo (idEvento) values (53);
insert into Amarelo (idEvento) values (54);
insert into Amarelo (idEvento) values (55);
insert into Amarelo (idEvento) values (58);
insert into Amarelo (idEvento) values (59);
insert into Amarelo (idEvento) values (60);
insert into Amarelo (idEvento) values (61);


--Vermelho
insert into Vermelho (idEvento) values (34);
