--Epoca
insert into Epoca (id, dataInicio, dataFim) values (1, '2016-08-13', '2017-04-03');
insert into Epoca (id, dataInicio, dataFim) values (2, '2017-08-13', '2018-04-03');
insert into Epoca (id, dataInicio, dataFim) values (3, '2018-08-13', '2019-04-03');
insert into Epoca (id, dataInicio, dataFim) values (4, '2019-08-13', '2020-04-03');
insert into Epoca (id, dataInicio, dataFim) values (5, '2020-08-13', '2021-04-03');

--Jornada
insert into Jornada (id, dataInicio, dataFim, idEpoca) values (1, '13/8/2016', '15/8/2016', 1);
insert into Jornada (id, dataInicio, dataFim, idEpoca) values (2, '20/8/2016', '22/8/2016', 1);
insert into Jornada (id, dataInicio, dataFim, idEpoca) values (3, '27/8/2016', '29/8/2016', 1);
insert into Jornada (id, dataInicio, dataFim, idEpoca) values (4, '3/9/2016', '5/9/2016', 1);
insert into Jornada (id, dataInicio, dataFim, idEpoca) values (5, '10/9/2016', '12/9/2016', 1);
insert into Jornada (id, dataInicio, dataFim, idEpoca) values (6, '17/9/2016', '19/9/2016', 1);
insert into Jornada (id, dataInicio, dataFim, idEpoca) values (7, '24/9/2016', '26/9/2016', 1);
insert into Jornada (id, dataInicio, dataFim, idEpoca) values (8, '1/10/2016', '3/10/2016', 1);
insert into Jornada (id, dataInicio, dataFim, idEpoca) values (9, '8/10/2016', '10/10/2016', 1);
insert into Jornada (id, dataInicio, dataFim, idEpoca) values (10, '15/10/2016', '17/10/2016', 1);
insert into Jornada (id, dataInicio, dataFim, idEpoca) values (11, '22/10/2016', '24/10/2016', 1);
insert into Jornada (id, dataInicio, dataFim, idEpoca) values (12, '29/10/2016', '31/10/2016', 1);
insert into Jornada (id, dataInicio, dataFim, idEpoca) values (13, '5/11/2016', '7/11/2016', 1);
insert into Jornada (id, dataInicio, dataFim, idEpoca) values (14, '12/11/2016', '14/11/2016', 1);
insert into Jornada (id, dataInicio, dataFim, idEpoca) values (15, '19/11/2016', '21/11/2016', 1);
insert into Jornada (id, dataInicio, dataFim, idEpoca) values (16, '26/11/2016', '28/11/2016', 1);
insert into Jornada (id, dataInicio, dataFim, idEpoca) values (17, '3/12/2016', '5/12/2016', 1);
insert into Jornada (id, dataInicio, dataFim, idEpoca) values (18, '10/12/2016', '12/12/2016', 1);
insert into Jornada (id, dataInicio, dataFim, idEpoca) values (19, '17/12/2016', '19/12/2016', 1);
insert into Jornada (id, dataInicio, dataFim, idEpoca) values (20, '24/12/2016', '26/12/2016', 1);
insert into Jornada (id, dataInicio, dataFim, idEpoca) values (21, '31/12/2016', '2/1/2017', 1);
insert into Jornada (id, dataInicio, dataFim, idEpoca) values (22, '7/1/2017', '9/1/2017', 1);
insert into Jornada (id, dataInicio, dataFim, idEpoca) values (23, '14/1/2017', '16/1/2017', 1);
insert into Jornada (id, dataInicio, dataFim, idEpoca) values (24, '21/1/2017', '23/1/2017', 1);
insert into Jornada (id, dataInicio, dataFim, idEpoca) values (25, '28/1/2017', '30/1/2017', 1);
insert into Jornada (id, dataInicio, dataFim, idEpoca) values (26, '4/2/2017', '6/2/2017', 1);
insert into Jornada (id, dataInicio, dataFim, idEpoca) values (27, '11/2/2017', '13/2/2017', 1);
insert into Jornada (id, dataInicio, dataFim, idEpoca) values (28, '18/2/2017', '20/2/2017', 1);
insert into Jornada (id, dataInicio, dataFim, idEpoca) values (29, '25/2/2017', '27/2/2017', 1);
insert into Jornada (id, dataInicio, dataFim, idEpoca) values (30, '4/3/2017', '6/3/2017', 1);
insert into Jornada (id, dataInicio, dataFim, idEpoca) values (31, '11/3/2017', '13/3/2017', 1);
insert into Jornada (id, dataInicio, dataFim, idEpoca) values (32, '18/3/2017', '20/3/2017', 1);
insert into Jornada (id, dataInicio, dataFim, idEpoca) values (33, '25/3/2017', '27/3/2017', 1);
insert into Jornada (id, dataInicio, dataFim, idEpoca) values (34, '1/4/2017', '3/4/2017', 1);

--Pais
insert into Pais (id, nome) VALUES (1, 'Andorra');
insert into Pais (id, nome) values (2, 'United Arab Emirates');
insert into Pais (id, nome) values (3, 'Afghanistan');
insert into Pais (id, nome) values (4, 'Antigua and Barbuda');
insert into Pais (id, nome) values (5, 'Anguilla');
insert into Pais (id, nome) values (6, 'Albania');
insert into Pais (id, nome) values (7, 'Armenia');
insert into Pais (id, nome) values (8, 'Angola');
insert into Pais (id, nome) values (9, 'Antartica');
insert into Pais (id, nome) values (10, 'Argentina');
insert into Pais (id, nome) values (11, 'American Samoa');
insert into Pais (id, nome) values (12, 'Austria');
insert into Pais (id, nome) values (13, 'Australia');
insert into Pais (id, nome) values (14, 'Aruba');
insert into Pais (id, nome) values (15, 'Åland Islands');
insert into Pais (id, nome) values (16, 'Azerbaijan');
insert into Pais (id, nome) values (17, 'Bosnia and Herzegovina');
insert into Pais (id, nome) values (18, 'Barbados');
insert into Pais (id, nome) values (19, 'Bangladesh');
insert into Pais (id, nome) values (20, 'Belgium');
insert into Pais (id, nome) values (21, 'Burkina Faso');
insert into Pais (id, nome) values (22, 'Bulgaria');
insert into Pais (id, nome) values (23, 'Bahrain');
insert into Pais (id, nome) values (24, 'Burundi');
insert into Pais (id, nome) values (25, 'Benin');
insert into Pais (id, nome) values (26, 'Saint Barthélemy');
insert into Pais (id, nome) values (27, 'Bermuda');
insert into Pais (id, nome) values (28, 'Brunei Darussalam');
insert into Pais (id, nome) values (29, 'Bolivia');
insert into Pais (id, nome) values (30, 'Caribbean Netherlands ');
insert into Pais (id, nome) values (31, 'Brazil');
insert into Pais (id, nome) values (32, 'Bahamas');
insert into Pais (id, nome) values (33, 'Bhutan');
insert into Pais (id, nome) values (34, 'Bouvet Island');
insert into Pais (id, nome) values (35, 'Botswana');
insert into Pais (id, nome) values (36, 'Belarus');
insert into Pais (id, nome) values (37, 'Belize');
insert into Pais (id, nome) values (38, 'Canada');
insert into Pais (id, nome) values (39, 'Cocos (Keeling) Islands');
insert into Pais (id, nome) values (40, 'Democratic Republic of Congo');
insert into Pais (id, nome) values (41, 'Central African Republic');
insert into Pais (id, nome) values (42, 'Congo');
insert into Pais (id, nome) values (43, 'Switzerland');
insert into Pais (id, nome) values (44, 'Côte d''Ivoire');
insert into Pais (id, nome) values (45, 'Cook Islands');
insert into Pais (id, nome) values (46, 'Chile');
insert into Pais (id, nome) values (47, 'Cameroon');
insert into Pais (id, nome) values (48, 'China');
insert into Pais (id, nome) values (49, 'Colombia');
insert into Pais (id, nome) values (50, 'Costa Rica');
insert into Pais (id, nome) values (51, 'Cuba');
insert into Pais (id, nome) values (52, 'Cape Verde');
insert into Pais (id, nome) values (53, 'Curaçao');
insert into Pais (id, nome) values (54, 'Christmas Island');
insert into Pais (id, nome) values (55, 'Cyprus');
insert into Pais (id, nome) values (56, 'Czech Republic');
insert into Pais (id, nome) values (57, 'Germany');
insert into Pais (id, nome) values (58, 'Djibouti');
insert into Pais (id, nome) values (59, 'Denmark');
insert into Pais (id, nome) values (60, 'Dominica');
insert into Pais (id, nome) values (61, 'Dominican Republic');
insert into Pais (id, nome) values (62, 'Algeria');
insert into Pais (id, nome) values (63, 'Ecuador');
insert into Pais (id, nome) values (64, 'Estonia');
insert into Pais (id, nome) values (65, 'Egypt');
insert into Pais (id, nome) values (66, 'Western Sahara');
insert into Pais (id, nome) values (67, 'Eritrea');
insert into Pais (id, nome) values (68, 'Spain');
insert into Pais (id, nome) values (69, 'Ethiopia');
insert into Pais (id, nome) values (70, 'Finland');
insert into Pais (id, nome) values (71, 'Fiji');
insert into Pais (id, nome) values (72, 'Falkland Islands');
insert into Pais (id, nome) values (73, 'Federated States of Micronesia');
insert into Pais (id, nome) values (74, 'Faroe Islands');
insert into Pais (id, nome) values (75, 'France');
insert into Pais (id, nome) values (76, 'Gabon');
insert into Pais (id, nome) values (77, 'United Kingdom');
insert into Pais (id, nome) values (78, 'Grenada');
insert into Pais (id, nome) values (79, 'Georgia');
insert into Pais (id, nome) values (80, 'French Guiana');
insert into Pais (id, nome) values (81, 'Guernsey');
insert into Pais (id, nome) values (82, 'Ghana');
insert into Pais (id, nome) values (83, 'Gibraltar');
insert into Pais (id, nome) values (84, 'Greenland');
insert into Pais (id, nome) values (85, 'Gambia');
insert into Pais (id, nome) values (86, 'Guinea');
insert into Pais (id, nome) values (87, 'Guadeloupe');
insert into Pais (id, nome) values (88, 'Equatorial Guinea');
insert into Pais (id, nome) values (89, 'Greece');
insert into Pais (id, nome) values (90, 'South Georgia and the South Sandwich Islands');
insert into Pais (id, nome) values (91, 'Guatemala');
insert into Pais (id, nome) values (92, 'Guam');
insert into Pais (id, nome) values (93, 'Guinea-Bissau');
insert into Pais (id, nome) values (94, 'Guyana');
insert into Pais (id, nome) values (95, 'Hong Kong');
insert into Pais (id, nome) values (96, 'Heard and McDonald Islands');
insert into Pais (id, nome) values (97, 'Honduras');
insert into Pais (id, nome) values (98, 'Croatia');
insert into Pais (id, nome) values (99, 'Haiti');
insert into Pais (id, nome) values (100, 'Hungary');
insert into Pais (id, nome) values (101, 'Indonesia');
insert into Pais (id, nome) values (102, 'Ireland');
insert into Pais (id, nome) values (103, 'Israel');
insert into Pais (id, nome) values (104, 'Isle of Man');
insert into Pais (id, nome) values (105, 'India');
insert into Pais (id, nome) values (106, 'British Indian Ocean Territory');
insert into Pais (id, nome) values (107, 'Iraq');
insert into Pais (id, nome) values (108, 'Iran');
insert into Pais (id, nome) values (109, 'Iceland');
insert into Pais (id, nome) values (110, 'Italy');
insert into Pais (id, nome) values (111, 'Jersey');
insert into Pais (id, nome) values (112, 'Jamaica');
insert into Pais (id, nome) values (113, 'Jordan');
insert into Pais (id, nome) values (114, 'Japan');
insert into Pais (id, nome) values (115, 'Kenya');
insert into Pais (id, nome) values (116, 'Kyrgyzstan');
insert into Pais (id, nome) values (117, 'Cambodia');
insert into Pais (id, nome) values (118, 'Kiribati');
insert into Pais (id, nome) values (119, 'Comoros');
insert into Pais (id, nome) values (120, 'Saint Kitts and Nevis');
insert into Pais (id, nome) values (121, 'North Korea');
insert into Pais (id, nome) values (122, 'South Korea');
insert into Pais (id, nome) values (123, 'Kuwait');
insert into Pais (id, nome) values (124, 'Cayman Islands');
insert into Pais (id, nome) values (125, 'Kazakhstan');
insert into Pais (id, nome) values (126, 'Lao People''s Democratic Republic');
insert into Pais (id, nome) values (127, 'Lebanon');
insert into Pais (id, nome) values (128, 'Saint Lucia');
insert into Pais (id, nome) values (129, 'Liechtenstein');
insert into Pais (id, nome) values (130, 'Sri Lanka');
insert into Pais (id, nome) values (131, 'Liberia');
insert into Pais (id, nome) values (132, 'Lesotho');
insert into Pais (id, nome) values (133, 'Lithuania');
insert into Pais (id, nome) values (134, 'Luxembourg');
insert into Pais (id, nome) values (135, 'Latvia');
insert into Pais (id, nome) values (136, 'Libya');
insert into Pais (id, nome) values (137, 'Morocco');
insert into Pais (id, nome) values (138, 'Monaco');
insert into Pais (id, nome) values (139, 'Moldova');
insert into Pais (id, nome) values (140, 'Montenegro');
insert into Pais (id, nome) values (141, 'Saint-Martin (France)');
insert into Pais (id, nome) values (142, 'Madagascar');
insert into Pais (id, nome) values (143, 'Marshall Islands');
insert into Pais (id, nome) values (144, 'Macedonia');
insert into Pais (id, nome) values (145, 'Mali');
insert into Pais (id, nome) values (146, 'Myanmar');
insert into Pais (id, nome) values (147, 'Mongolia');
insert into Pais (id, nome) values (148, 'Macau');
insert into Pais (id, nome) values (149, 'Northern Mariana Islands');
insert into Pais (id, nome) values (150, 'Martinique');
insert into Pais (id, nome) values (151, 'Mauritania');
insert into Pais (id, nome) values (152, 'Montserrat');
insert into Pais (id, nome) values (153, 'Malta');
insert into Pais (id, nome) values (154, 'Mauritius');
insert into Pais (id, nome) values (155, 'Maldives');
insert into Pais (id, nome) values (156, 'Malawi');
insert into Pais (id, nome) values (157, 'Mexico');
insert into Pais (id, nome) values (158, 'Malaysia');
insert into Pais (id, nome) values (159, 'Mozambique');
insert into Pais (id, nome) values (160, 'Namibia');
insert into Pais (id, nome) values (161, 'New Caledonia');
insert into Pais (id, nome) values (162, 'Niger');
insert into Pais (id, nome) values (163, 'Norfolk Island');
insert into Pais (id, nome) values (164, 'Nigeria');
insert into Pais (id, nome) values (165, 'Nicaragua');
insert into Pais (id, nome) values (166, 'The Netherlands');
insert into Pais (id, nome) values (167, 'Norway');
insert into Pais (id, nome) values (168, 'Nepal');
insert into Pais (id, nome) values (169, 'Nauru');
insert into Pais (id, nome) values (170, 'Niue');
insert into Pais (id, nome) values (171, 'New Zealand');
insert into Pais (id, nome) values (172, 'Oman');
insert into Pais (id, nome) values (173, 'Panama');
insert into Pais (id, nome) values (174, 'Peru');
insert into Pais (id, nome) values (175, 'French Polynesia');
insert into Pais (id, nome) values (176, 'Papua New Guinea');
insert into Pais (id, nome) values (177, 'Philippines');
insert into Pais (id, nome) values (178, 'Pakistan');
insert into Pais (id, nome) values (179, 'Poland');
insert into Pais (id, nome) values (180, 'St. Pierre and Miquelon');
insert into Pais (id, nome) values (181, 'Pitcairn');
insert into Pais (id, nome) values (182, 'Puerto Rico');
insert into Pais (id, nome) values (183, 'State of Palestine');
insert into Pais (id, nome) values (184, 'Portugal');
insert into Pais (id, nome) values (185, 'Palau');
insert into Pais (id, nome) values (186, 'Paraguay');
insert into Pais (id, nome) values (187, 'Qatar');
insert into Pais (id, nome) values (188, 'Réunion');
insert into Pais (id, nome) values (189, 'Romania');
insert into Pais (id, nome) values (190, 'Serbia');
insert into Pais (id, nome) values (191, 'Russian Federation');
insert into Pais (id, nome) values (192, 'Rwanda');
insert into Pais (id, nome) values (193, 'Saudi Arabia');
insert into Pais (id, nome) values (194, 'Solomon Islands');
insert into Pais (id, nome) values (195, 'Seychelles');
insert into Pais (id, nome) values (196, 'Sudan');
insert into Pais (id, nome) values (197, 'Sweden');
insert into Pais (id, nome) values (198, 'Singapore');
insert into Pais (id, nome) values (199, 'Saint Helena');
insert into Pais (id, nome) values (200, 'Slovenia');
insert into Pais (id, nome) values (201, 'Svalbard and Jan Mayen Islands');
insert into Pais (id, nome) values (202, 'Slovakia');
insert into Pais (id, nome) values (203, 'Sierra Leone');
insert into Pais (id, nome) values (204, 'San Marino');
insert into Pais (id, nome) values (205, 'Senegal');
insert into Pais (id, nome) values (206, 'Somalia');
insert into Pais (id, nome) values (207, 'Suriname');
insert into Pais (id, nome) values (208, 'South Sudan');
insert into Pais (id, nome) values (209, 'Sao Tome and Principe');
insert into Pais (id, nome) values (210, 'El Salvador');
insert into Pais (id, nome) values (211, 'Sint Maarten');
insert into Pais (id, nome) values (212, 'Syria');
insert into Pais (id, nome) values (213, 'Swaziland');
insert into Pais (id, nome) values (214, 'Turks and Caicos Islands');
insert into Pais (id, nome) values (215, 'Chad');
insert into Pais (id, nome) values (216, 'French Southern Territories');
insert into Pais (id, nome) values (217, 'Togo');
insert into Pais (id, nome) values (218, 'Thailand');
insert into Pais (id, nome) values (219, 'Tajikistan');
insert into Pais (id, nome) values (220, 'Tokelau');
insert into Pais (id, nome) values (221, 'Timor-Leste');
insert into Pais (id, nome) values (222, 'Turkmenistan');
insert into Pais (id, nome) values (223, 'Tunisia');
insert into Pais (id, nome) values (224, 'Tonga');
insert into Pais (id, nome) values (225, 'Turkey');
insert into Pais (id, nome) values (226, 'Trinidad and Tobago');
insert into Pais (id, nome) values (227, 'Tuvalu');
insert into Pais (id, nome) values (228, 'Taiwan');
insert into Pais (id, nome) values (229, 'Tanzania');
insert into Pais (id, nome) values (230, 'Ukraine');
insert into Pais (id, nome) values (231, 'Uganda');
insert into Pais (id, nome) values (232, 'United States Minor Outlying Islands');
insert into Pais (id, nome) values (233, 'United States');
insert into Pais (id, nome) values (234, 'Uruguay');
insert into Pais (id, nome) values (235, 'Uzbekistan');
insert into Pais (id, nome) values (236, 'Vatican');
insert into Pais (id, nome) values (237, 'Saint Vincent and the Grenadines');
insert into Pais (id, nome) values (238, 'Venezuela');
insert into Pais (id, nome) values (239, 'Virgin Islands (British)');
insert into Pais (id, nome) values (240, 'Virgin Islands (U.S.)');
insert into Pais (id, nome) values (241, 'Vietnam');
insert into Pais (id, nome) values (242, 'Vanuatu');
insert into Pais (id, nome) values (243, 'Wallis and Futuna Islands');
insert into Pais (id, nome) values (244, 'Samoa');
insert into Pais (id, nome) values (245, 'Yemen');
insert into Pais (id, nome) values (246, 'Mayotte');
insert into Pais (id, nome) values (247, 'South Africa');
insert into Pais (id, nome) values (248, 'Zambia');
insert into Pais (id, nome) values (249, 'Zimbabwe');


--Cidade
insert into Cidade (id, nome, idPais) values (1, 'Abrantes', 184);
insert into Cidade (id, nome, idPais) values (2, 'Agualva-Cacém', 184);
insert into Cidade (id, nome, idPais) values (3, 'Águeda', 184);
insert into Cidade (id, nome, idPais) values (4, 'Albergaria-a-Velha', 184);
insert into Cidade (id, nome, idPais) values (5, 'Albufeira', 184);
insert into Cidade (id, nome, idPais) values (6, 'Alcácer do Sal', 184);
insert into Cidade (id, nome, idPais) values (7, 'Alcobaça', 184);
insert into Cidade (id, nome, idPais) values (8, 'Alfena', 184);
insert into Cidade (id, nome, idPais) values (9, 'Almada', 184);
insert into Cidade (id, nome, idPais) values (10, 'Almeirim', 184);
insert into Cidade (id, nome, idPais) values (11, 'Alverca do Ribatejo', 184);
insert into Cidade (id, nome, idPais) values (12, 'Amadora', 184);
insert into Cidade (id, nome, idPais) values (13, 'Amarante', 184);
insert into Cidade (id, nome, idPais) values (14, 'Amora', 184);
insert into Cidade (id, nome, idPais) values (15, 'Anadia', 184);
insert into Cidade (id, nome, idPais) values (16, 'Angra do Heroísmo', 184);
insert into Cidade (id, nome, idPais) values (17, 'Aveiro', 184);
insert into Cidade (id, nome, idPais) values (18, 'Barcelos', 184);
insert into Cidade (id, nome, idPais) values (19, 'Barreiro', 184);
insert into Cidade (id, nome, idPais) values (20, 'Beja', 184);
insert into Cidade (id, nome, idPais) values (21, 'Borba', 184);
insert into Cidade (id, nome, idPais) values (22, 'Braga', 184);
insert into Cidade (id, nome, idPais) values (23, 'Bragança', 184);
insert into Cidade (id, nome, idPais) values (24, 'Caldas da Rainha', 184);
insert into Cidade (id, nome, idPais) values (25, 'Câmara de Lobos', 184);
insert into Cidade (id, nome, idPais) values (26, 'Caniço', 184);
insert into Cidade (id, nome, idPais) values (27, 'Cantanhede', 184);
insert into Cidade (id, nome, idPais) values (28, 'Cartaxo', 184);
insert into Cidade (id, nome, idPais) values (29, 'Castelo Branco', 184);
insert into Cidade (id, nome, idPais) values (30, 'Chaves', 184);
insert into Cidade (id, nome, idPais) values (31, 'Coimbra', 184);
insert into Cidade (id, nome, idPais) values (32, 'Costa da Caparica', 184);
insert into Cidade (id, nome, idPais) values (33, 'Covilhã', 184);
insert into Cidade (id, nome, idPais) values (34, 'Elvas', 184);
insert into Cidade (id, nome, idPais) values (35, 'Entroncamento', 184);
insert into Cidade (id, nome, idPais) values (36, 'Ermesinde', 184);
insert into Cidade (id, nome, idPais) values (37, 'Esmoriz', 184);
insert into Cidade (id, nome, idPais) values (38, 'Espinho', 184);
insert into Cidade (id, nome, idPais) values (39, 'Esposende', 184);
insert into Cidade (id, nome, idPais) values (40, 'Estarreja', 184);
insert into Cidade (id, nome, idPais) values (41, 'Estremoz', 184);
insert into Cidade (id, nome, idPais) values (42, 'Évora', 184);
insert into Cidade (id, nome, idPais) values (43, 'Fafe', 184);
insert into Cidade (id, nome, idPais) values (44, 'Faro', 184);
insert into Cidade (id, nome, idPais) values (45, 'Fátima', 184);
insert into Cidade (id, nome, idPais) values (46, 'Felgueiras', 184);
insert into Cidade (id, nome, idPais) values (47, 'Figueira da Foz', 184);
insert into Cidade (id, nome, idPais) values (48, 'Fiães', 184);
insert into Cidade (id, nome, idPais) values (49, 'Freamunde', 184);
insert into Cidade (id, nome, idPais) values (50, 'Funchal', 184);
insert into Cidade (id, nome, idPais) values (51, 'Fundão', 184);
insert into Cidade (id, nome, idPais) values (52, 'Gafanha da Nazaré', 184);
insert into Cidade (id, nome, idPais) values (53, 'Gandra', 184);
insert into Cidade (id, nome, idPais) values (54, 'Gondomar', 184);
insert into Cidade (id, nome, idPais) values (55, 'Gouveia', 184);
insert into Cidade (id, nome, idPais) values (56, 'Guarda', 184);
insert into Cidade (id, nome, idPais) values (57, 'Guimarães', 184);
insert into Cidade (id, nome, idPais) values (58, 'Horta', 184);
insert into Cidade (id, nome, idPais) values (59, 'Ílhavo', 184);
insert into Cidade (id, nome, idPais) values (60, 'Lagoa', 184);
insert into Cidade (id, nome, idPais) values (61, 'Lagoa', 184);
insert into Cidade (id, nome, idPais) values (62, 'Lagos', 184);
insert into Cidade (id, nome, idPais) values (63, 'Lamego', 184);
insert into Cidade (id, nome, idPais) values (64, 'Leiria', 184);
insert into Cidade (id, nome, idPais) values (65, 'Lisboa', 184);
insert into Cidade (id, nome, idPais) values (66, 'Lixa', 184);
insert into Cidade (id, nome, idPais) values (67, 'Loulé', 184);
insert into Cidade (id, nome, idPais) values (68, 'Loures', 184);
insert into Cidade (id, nome, idPais) values (69, 'Lourosa', 184);
insert into Cidade (id, nome, idPais) values (70, 'Macedo de Cavaleiros', 184);
insert into Cidade (id, nome, idPais) values (71, 'Machico', 184);
insert into Cidade (id, nome, idPais) values (72, 'Maia', 184);
insert into Cidade (id, nome, idPais) values (73, 'Mangualde', 184);
insert into Cidade (id, nome, idPais) values (74, 'Marco de Canaveses', 184);
insert into Cidade (id, nome, idPais) values (75, 'Marinha Grande', 184);
insert into Cidade (id, nome, idPais) values (76, 'Matosinhos', 184);
insert into Cidade (id, nome, idPais) values (77, 'Mealhada', 184);
insert into Cidade (id, nome, idPais) values (78, 'Mêda', 184);
insert into Cidade (id, nome, idPais) values (79, 'Miranda do Douro / Miranda de l Douro', 184);
insert into Cidade (id, nome, idPais) values (80, 'Mirandela', 184);
insert into Cidade (id, nome, idPais) values (81, 'Montemor-o-Novo', 184);
insert into Cidade (id, nome, idPais) values (82, 'Montijo', 184);
insert into Cidade (id, nome, idPais) values (83, 'Moura', 184);
insert into Cidade (id, nome, idPais) values (84, 'Odivelas', 184);
insert into Cidade (id, nome, idPais) values (85, 'Olhão da Restauração', 184);
insert into Cidade (id, nome, idPais) values (86, 'Oliveira de Azeméis', 184);
insert into Cidade (id, nome, idPais) values (87, 'Oliveira do Bairro', 184);
insert into Cidade (id, nome, idPais) values (88, 'Oliveira do Hospital', 184);
insert into Cidade (id, nome, idPais) values (89, 'Ourém', 184);
insert into Cidade (id, nome, idPais) values (90, 'Ovar', 184);
insert into Cidade (id, nome, idPais) values (91, 'Paços de Ferreira', 184);
insert into Cidade (id, nome, idPais) values (92, 'Paredes', 184);
insert into Cidade (id, nome, idPais) values (93, 'Penafiel', 184);
insert into Cidade (id, nome, idPais) values (94, 'Peniche', 184);
insert into Cidade (id, nome, idPais) values (95, 'Peso da Régua', 184);
insert into Cidade (id, nome, idPais) values (96, 'Pinhel', 184);
insert into Cidade (id, nome, idPais) values (97, 'Pombal', 184);
insert into Cidade (id, nome, idPais) values (98, 'Ponta Delgada', 184);
insert into Cidade (id, nome, idPais) values (99, 'Ponte de Sor', 184);
insert into Cidade (id, nome, idPais) values (100, 'Portalegre', 184);
insert into Cidade (id, nome, idPais) values (101, 'Portimão', 184);
insert into Cidade (id, nome, idPais) values (102, 'Porto', 184);
insert into Cidade (id, nome, idPais) values (103, 'Póvoa de Santa Iria', 184);
insert into Cidade (id, nome, idPais) values (104, 'Póvoa de Varzim', 184);
insert into Cidade (id, nome, idPais) values (105, 'Praia da Vitória', 184);
insert into Cidade (id, nome, idPais) values (106, 'Quarteira', 184);
insert into Cidade (id, nome, idPais) values (107, 'Queluz', 184);
insert into Cidade (id, nome, idPais) values (108, 'Rebordosa', 184);
insert into Cidade (id, nome, idPais) values (109, 'Reguengos de Monsaraz', 184);
insert into Cidade (id, nome, idPais) values (110, 'Ribeira Grande', 184);
insert into Cidade (id, nome, idPais) values (111, 'Rio maior', 184);
insert into Cidade (id, nome, idPais) values (112, 'Rio Tinto', 184);
insert into Cidade (id, nome, idPais) values (113, 'Sabugal', 184);
insert into Cidade (id, nome, idPais) values (114, 'Sacavém', 184);
insert into Cidade (id, nome, idPais) values (115, 'Samora Correia', 184);
insert into Cidade (id, nome, idPais) values (116, 'Santa Comba Dão', 184);
insert into Cidade (id, nome, idPais) values (117, 'Santa Cruz', 184);
insert into Cidade (id, nome, idPais) values (118, 'Santa Maria da Feira', 184);
insert into Cidade (id, nome, idPais) values (119, 'Santana', 184);
insert into Cidade (id, nome, idPais) values (120, 'Santarém', 184);
insert into Cidade (id, nome, idPais) values (121, 'Santiago do Cacém', 184);
insert into Cidade (id, nome, idPais) values (122, 'Santo Tirso', 184);
insert into Cidade (id, nome, idPais) values (123, 'São João da Madeira', 184);
insert into Cidade (id, nome, idPais) values (124, 'São Mamede de Infesta', 184);
insert into Cidade (id, nome, idPais) values (125, 'São Pedro do Sul', 184);
insert into Cidade (id, nome, idPais) values (126, 'São Salvador de Lordelo', 184);
insert into Cidade (id, nome, idPais) values (127, 'Seia', 184);
insert into Cidade (id, nome, idPais) values (128, 'Seixal', 184);
insert into Cidade (id, nome, idPais) values (129, 'Senhora da Hora', 184);
insert into Cidade (id, nome, idPais) values (130, 'Serpa', 184);
insert into Cidade (id, nome, idPais) values (131, 'Setúbal', 184);
insert into Cidade (id, nome, idPais) values (132, 'Silves', 184);
insert into Cidade (id, nome, idPais) values (133, 'Sines', 184);
insert into Cidade (id, nome, idPais) values (134, 'Tarouca', 184);
insert into Cidade (id, nome, idPais) values (135, 'Tavira', 184);
insert into Cidade (id, nome, idPais) values (136, 'Tomar', 184);
insert into Cidade (id, nome, idPais) values (137, 'Tondela', 184);
insert into Cidade (id, nome, idPais) values (138, 'Torres Novas', 184);
insert into Cidade (id, nome, idPais) values (139, 'Torres Vedras', 184);
insert into Cidade (id, nome, idPais) values (140, 'Trancoso', 184);
insert into Cidade (id, nome, idPais) values (141, 'Trofa', 184);
insert into Cidade (id, nome, idPais) values (142, 'Valbom', 184);
insert into Cidade (id, nome, idPais) values (143, 'Vale de Cambra', 184);
insert into Cidade (id, nome, idPais) values (144, 'Valença', 184);
insert into Cidade (id, nome, idPais) values (145, 'Valongo', 184);
insert into Cidade (id, nome, idPais) values (146, 'Valpaços', 184);
insert into Cidade (id, nome, idPais) values (147, 'Vendas Novas', 184);
insert into Cidade (id, nome, idPais) values (148, 'Viana do Castelo', 184);
insert into Cidade (id, nome, idPais) values (149, 'Vila Baleira', 184);
insert into Cidade (id, nome, idPais) values (150, 'Vila do Conde', 184);
insert into Cidade (id, nome, idPais) values (151, 'Vila Franca de Xira', 184);
insert into Cidade (id, nome, idPais) values (152, 'Vila Nova de Famalicão', 184);
insert into Cidade (id, nome, idPais) values (153, 'Vila Nova de Foz Côa', 184);
insert into Cidade (id, nome, idPais) values (154, 'Vila Nova de Gaia', 184);
insert into Cidade (id, nome, idPais) values (155, 'Vila Nova de Santo André', 184);
insert into Cidade (id, nome, idPais) values (156, 'Vila Real', 184);
insert into Cidade (id, nome, idPais) values (157, 'Vila Real de Santo António', 184);
insert into Cidade (id, nome, idPais) values (158, 'Viseu', 184);
insert into Cidade (id, nome, idPais) values (159, 'Vizela', 184);


insert into Cidade (id, nome, idPais) values (160, 'Shanghai', 48);
insert into Cidade (id, nome, idPais) values (161, 'Lagos', 164);
insert into Cidade (id, nome, idPais) values (162, 'Istanbul', 225);
insert into Cidade (id, nome, idPais) values (163, 'Karachi', 178);
insert into Cidade (id, nome, idPais) values (164, 'Mumbai', 105);
insert into Cidade (id, nome, idPais) values (165, 'Moscow', 191);
insert into Cidade (id, nome, idPais) values (166, 'São Paulo', 31);
insert into Cidade (id, nome, idPais) values (167, 'Beijing', 48);
insert into Cidade (id, nome, idPais) values (168, 'Guangzhou', 48);
insert into Cidade (id, nome, idPais) values (169, 'Delhi', 105);
insert into Cidade (id, nome, idPais) values (170, 'Lahore', 178);
insert into Cidade (id, nome, idPais) values (171, 'Shenzhen', 48);
insert into Cidade (id, nome, idPais) values (172, 'Seoul', 122);
insert into Cidade (id, nome, idPais) values (173, 'Jakarta', 101);
insert into Cidade (id, nome, idPais) values (174, 'Tianjin', 48);
insert into Cidade (id, nome, idPais) values (175, 'Chennai', 105);
insert into Cidade (id, nome, idPais) values (176, 'Tokyo', 114);
insert into Cidade (id, nome, idPais) values (177, 'Cairo', 65);
insert into Cidade (id, nome, idPais) values (178, 'Dhaka', 19);
insert into Cidade (id, nome, idPais) values (179, 'Mexico City', 157);
insert into Cidade (id, nome, idPais) values (180, 'Kinshasa', 40);
insert into Cidade (id, nome, idPais) values (181, 'Bangalore', 105);
insert into Cidade (id, nome, idPais) values (182, 'New York', 233);
insert into Cidade (id, nome, idPais) values (183, 'London', 77);
insert into Cidade (id, nome, idPais) values (184, 'Bangkok', 218);
insert into Cidade (id, nome, idPais) values (185, 'Tehran', 108);
insert into Cidade (id, nome, idPais) values (186, 'Dongguan', 48);
insert into Cidade (id, nome, idPais) values (187, 'Ho Chi Minh City', 241);
insert into Cidade (id, nome, idPais) values (188, 'Bogotá', 49);
insert into Cidade (id, nome, idPais) values (189, 'Lima', 174);
insert into Cidade (id, nome, idPais) values (190, 'Hong Kong', 95);
insert into Cidade (id, nome, idPais) values (191, 'Hanoi', 241);
insert into Cidade (id, nome, idPais) values (192, 'Hyderabad', 105);
insert into Cidade (id, nome, idPais) values (193, 'Wuhan', 48);
insert into Cidade (id, nome, idPais) values (194, 'Rio de Janeiro', 31);
insert into Cidade (id, nome, idPais) values (195, 'Foshan', 48);
insert into Cidade (id, nome, idPais) values (196, 'Ahmedabad', 105);
insert into Cidade (id, nome, idPais) values (197, 'Baghdad', 107);
insert into Cidade (id, nome, idPais) values (198, 'Singapore', 198);
insert into Cidade (id, nome, idPais) values (199, 'Shantou', 48);
insert into Cidade (id, nome, idPais) values (200, 'Riyadh', 193);
insert into Cidade (id, nome, idPais) values (201, 'Jeddah', 193);
insert into Cidade (id, nome, idPais) values (202, 'Santiago', 46);
insert into Cidade (id, nome, idPais) values (203, 'Saint Petersburg', 191);
insert into Cidade (id, nome, idPais) values (204, 'Qalyubia', 65);
insert into Cidade (id, nome, idPais) values (205, 'Chengdu', 48);
insert into Cidade (id, nome, idPais) values (206, 'Alexandria', 65);
insert into Cidade (id, nome, idPais) values (207, 'Ankara', 225);
insert into Cidade (id, nome, idPais) values (208, 'Chongqing', 48);
insert into Cidade (id, nome, idPais) values (209, 'Kolkata', 105);
insert into Cidade (id, nome, idPais) values (210, 'Xi''an', 48);
insert into Cidade (id, nome, idPais) values (211, 'Surat', 105);
insert into Cidade (id, nome, idPais) values (212, 'Johannesburg', 247);
insert into Cidade (id, nome, idPais) values (213, 'Nanjing', 48);
insert into Cidade (id, nome, idPais) values (214, 'Dar es Salaam', 229);
insert into Cidade (id, nome, idPais) values (215, 'Yangon', 48);
insert into Cidade (id, nome, idPais) values (216, 'Abidjan', 44);
insert into Cidade (id, nome, idPais) values (217, 'Harbin', 48);
insert into Cidade (id, nome, idPais) values (218, 'Zhengzhou', 48);
insert into Cidade (id, nome, idPais) values (219, 'Suzhou', 48);
insert into Cidade (id, nome, idPais) values (220, 'Sydney', 13);
insert into Cidade (id, nome, idPais) values (221, 'New Taipei City', 228);
insert into Cidade (id, nome, idPais) values (222, 'Los Angeles', 233);
insert into Cidade (id, nome, idPais) values (223, 'Melbourne', 13);
insert into Cidade (id, nome, idPais) values (224, 'Cape Town', 247);
insert into Cidade (id, nome, idPais) values (225, 'Shenyang', 48);
insert into Cidade (id, nome, idPais) values (226, 'Yokohama', 114);
insert into Cidade (id, nome, idPais) values (227, 'Busan', 122);
insert into Cidade (id, nome, idPais) values (228, 'Hangzhou', 48);
insert into Cidade (id, nome, idPais) values (229, 'Quanzhou', 48);
insert into Cidade (id, nome, idPais) values (230, 'Durban', 247);
insert into Cidade (id, nome, idPais) values (231, 'Casablanca', 137);
insert into Cidade (id, nome, idPais) values (232, 'Algiers', 62);
insert into Cidade (id, nome, idPais) values (233, 'Berlin', 57);
insert into Cidade (id, nome, idPais) values (234, 'Nairobi', 115);
insert into Cidade (id, nome, idPais) values (235, 'Hefei', 48);
insert into Cidade (id, nome, idPais) values (236, 'Kabul', 3);
insert into Cidade (id, nome, idPais) values (237, 'Pyongyang', 121);
insert into Cidade (id, nome, idPais) values (238, 'Madrid', 68);
insert into Cidade (id, nome, idPais) values (239, 'Ekurhuleni', 247);
insert into Cidade (id, nome, idPais) values (240, 'Pune', 105);
insert into Cidade (id, nome, idPais) values (241, 'Addis Ababa', 69);
insert into Cidade (id, nome, idPais) values (242, 'Changsha', 48);
insert into Cidade (id, nome, idPais) values (243, 'Jaipur', 105);
insert into Cidade (id, nome, idPais) values (244, 'Xuzhou', 48);
insert into Cidade (id, nome, idPais) values (245, 'Wenzhou', 48);

insert into Cidade (id, nome, idPais) values (246, 'Liverpool', 77);
insert into Cidade (id, nome, idPais) values (247, 'Stoke', 77);
insert into Cidade (id, nome, idPais) values (248, 'Hull', 77);
insert into Cidade (id, nome, idPais) values (249, 'Leicester', 77);
insert into Cidade (id, nome, idPais) values (250, 'Manchester', 77);
insert into Cidade (id, nome, idPais) values (251, 'Middlesbrough', 77);
insert into Cidade (id, nome, idPais) values (252, 'Southampton', 77);
insert into Cidade (id, nome, idPais) values (253, 'Sunderland', 77);
insert into Cidade (id, nome, idPais) values (254, 'West Bromwich', 77);
insert into Cidade (id, nome, idPais) values (255, 'Burnley', 77);
insert into Cidade (id, nome, idPais) values (256, 'Bournemouth', 77);

--Pessoa
insert into Pessoa (id, nome, dataNascimento, altura, peso, idCidadeNasc) values (1, 'Courtois', '1993-11-28', 201, 60, 176);
insert into Pessoa (id, nome, dataNascimento, altura, peso, idCidadeNasc) values (2, 'Lloris', '1984-09-06', 207, 84, 149);
insert into Pessoa (id, nome, dataNascimento, altura, peso, idCidadeNasc) values (3, 'Cech', '1995-06-12', 176, 93, 131);
insert into Pessoa (id, nome, dataNascimento, altura, peso, idCidadeNasc) values (4, 'David de Gea', '1992-03-30', 187, 81, 158);
insert into Pessoa (id, nome, dataNascimento, altura, peso, idCidadeNasc) values (5, 'Heaton', '1991-05-24', 205, 98, 133);
insert into Pessoa (id, nome, dataNascimento, altura, peso, idCidadeNasc) values (6, 'Bravo', '1991-06-14', 178, 91, 32);
insert into Pessoa (id, nome, dataNascimento, altura, peso, idCidadeNasc) values (7, 'Forster', '1981-10-22', 196, 66, 60);
insert into Pessoa (id, nome, dataNascimento, altura, peso, idCidadeNasc) values (8, 'Pau López', '1989-11-25', 189, 76, 11);
insert into Pessoa (id, nome, dataNascimento, altura, peso, idCidadeNasc) values (9, 'Schmeichel', '1989-06-07', 209, 100, 62);
insert into Pessoa (id, nome, dataNascimento, altura, peso, idCidadeNasc) values (10, 'Gomes', '1998-01-09', 181, 60, 197);
insert into Pessoa (id, nome, dataNascimento, altura, peso, idCidadeNasc) values (11, 'Fabianski', '1991-11-02', 192, 85, 40);
insert into Pessoa (id, nome, dataNascimento, altura, peso, idCidadeNasc) values (12, 'Vorm', '1999-12-19', 205, 86, 33);
insert into Pessoa (id, nome, dataNascimento, altura, peso, idCidadeNasc) values (13, 'Ospina', '1997-06-15', 210, 100, 97);
insert into Pessoa (id, nome, dataNascimento, altura, peso, idCidadeNasc) values (14, 'Begovic', '1984-01-21', 209, 61, 126);
insert into Pessoa (id, nome, dataNascimento, altura, peso, idCidadeNasc) values (15, 'Robles', '1983-03-01', 185, 99, 172);
insert into Pessoa (id, nome, dataNascimento, altura, peso, idCidadeNasc) values (16, 'Stekelenburg', '1989-08-05', 190, 88, 38);
insert into Pessoa (id, nome, dataNascimento, altura, peso, idCidadeNasc) values (17, 'Mignolet', '1980-11-04', 207, 79, 76);
insert into Pessoa (id, nome, dataNascimento, altura, peso, idCidadeNasc) values (18, 'Caballero', '1999-01-26', 187, 97, 225);
insert into Pessoa (id, nome, dataNascimento, altura, peso, idCidadeNasc) values (19, 'Romero', '1987-03-04', 197, 89, 57);
insert into Pessoa (id, nome, dataNascimento, altura, peso, idCidadeNasc) values (20, 'Foster', '1996-12-24', 200, 91, 205);
insert into Pessoa (id, nome, dataNascimento, altura, peso, idCidadeNasc) values (21, 'Valdés', '1982-08-15', 186, 76, 150);
insert into Pessoa (id, nome, dataNascimento, altura, peso, idCidadeNasc) values (22, 'Adrián', '1996-07-17', 204, 71, 3);
insert into Pessoa (id, nome, dataNascimento, altura, peso, idCidadeNasc) values (23, 'Boruc', '1986-05-07', 206, 64, 87);
insert into Pessoa (id, nome, dataNascimento, altura, peso, idCidadeNasc) values (24, 'Marshall', '1987-06-21', 202, 79, 79);
insert into Pessoa (id, nome, dataNascimento, altura, peso, idCidadeNasc) values (25, 'Butland', '1996-03-17', 174, 95, 155);
insert into Pessoa (id, nome, dataNascimento, altura, peso, idCidadeNasc) values (26, 'Federici', '1982-08-11', 193, 72, 148);
insert into Pessoa (id, nome, dataNascimento, altura, peso, idCidadeNasc) values (27, 'Zieler', '1996-07-08', 209, 90, 219);
insert into Pessoa (id, nome, dataNascimento, altura, peso, idCidadeNasc) values (28, 'Grant', '1983-09-15', 159, 92, 45);
insert into Pessoa (id, nome, dataNascimento, altura, peso, idCidadeNasc) values (29, 'Mika', '1993-04-07', 154, 98, 169);
insert into Pessoa (id, nome, dataNascimento, altura, peso, idCidadeNasc) values (30, 'Randolph', '1995-05-23', 152, 98, 63);
insert into Pessoa (id, nome, dataNascimento, altura, peso, idCidadeNasc) values (31, 'Speroni', '1989-09-04', 178, 67, 162);
insert into Pessoa (id, nome, dataNascimento, altura, peso, idCidadeNasc) values (32, 'Hennessey', '1993-10-06', 165, 84, 100);
insert into Pessoa (id, nome, dataNascimento, altura, peso, idCidadeNasc) values (33, 'Hamer', '1995-07-04', 181, 85, 72);
insert into Pessoa (id, nome, dataNascimento, altura, peso, idCidadeNasc) values (34, 'Karius', '1996-05-17', 201, 69, 109);
insert into Pessoa (id, nome, dataNascimento, altura, peso, idCidadeNasc) values (35, 'McCarthy', '1991-08-10', 186, 98, 58);
insert into Pessoa (id, nome, dataNascimento, altura, peso, idCidadeNasc) values (36, 'Mandanda', '1984-04-13', 196, 86, 110);
insert into Pessoa (id, nome, dataNascimento, altura, peso, idCidadeNasc) values (37, 'Konstantopoulos', '1986-06-17', 201, 98, 207);
insert into Pessoa (id, nome, dataNascimento, altura, peso, idCidadeNasc) values (38, 'Guzan', '1982-12-31', 168, 69, 150);
insert into Pessoa (id, nome, dataNascimento, altura, peso, idCidadeNasc) values (39, 'Given', '1984-03-02', 201, 86, 63);
insert into Pessoa (id, nome, dataNascimento, altura, peso, idCidadeNasc) values (40, 'Mannone', '1993-01-01', 199, 87, 101);
insert into Pessoa (id, nome, dataNascimento, altura, peso, idCidadeNasc) values (41, 'Pantilimon', '1992-09-19', 173, 85, 93);
insert into Pessoa (id, nome, dataNascimento, altura, peso, idCidadeNasc) values (42, 'Myhill', '1985-03-24', 170, 93, 90);
insert into Pessoa (id, nome, dataNascimento, altura, peso, idCidadeNasc) values (43, 'Jakupovic', '1987-12-01', 150, 75, 88);
insert into Pessoa (id, nome, dataNascimento, altura, peso, idCidadeNasc) values (44, 'Pickford', '1993-08-18', 169, 93, 122);
insert into Pessoa (id, nome, dataNascimento, altura, peso, idCidadeNasc) values (45, 'Allsop', '1984-07-15', 198, 64, 51);
insert into Pessoa (id, nome, dataNascimento, altura, peso, idCidadeNasc) values (46, 'Robinson', '1999-08-29', 158, 99, 114);
insert into Pessoa (id, nome, dataNascimento, altura, peso, idCidadeNasc) values (47, 'Hewelt', '1984-09-09', 209, 85, 225);
insert into Pessoa (id, nome, dataNascimento, altura, peso, idCidadeNasc) values (48, 'Manninger', '1993-05-08', 153, 84, 104);
insert into Pessoa (id, nome, dataNascimento, altura, peso, idCidadeNasc) values (49, 'Taylor', '1994-10-18', 164, 88, 74);
insert into Pessoa (id, nome, dataNascimento, altura, peso, idCidadeNasc) values (50, 'Lewis', '1995-06-02', 200, 82, 96);
insert into Pessoa (id, nome, dataNascimento, altura, peso, idCidadeNasc) values (51, 'Hassen', '1983-03-15', 163, 69, 245);
insert into Pessoa (id, nome, dataNascimento, altura, peso, idCidadeNasc) values (52, 'Stryjek', '1994-10-24', 178, 100, 36);
insert into Pessoa (id, nome, dataNascimento, altura, peso, idCidadeNasc) values (53, 'McGee', '1984-04-10', 209, 85, 76);
insert into Pessoa (id, nome, dataNascimento, altura, peso, idCidadeNasc) values (54, 'Arlauskis', '1982-09-14', 204, 71, 78);
insert into Pessoa (id, nome, dataNascimento, altura, peso, idCidadeNasc) values (55, 'Rose', '1998-07-07', 170, 71, 195);
insert into Pessoa (id, nome, dataNascimento, altura, peso, idCidadeNasc) values (56, 'Spiegel', '1992-02-27', 157, 79, 230);
insert into Pessoa (id, nome, dataNascimento, altura, peso, idCidadeNasc) values (57, 'Pope', '1999-09-24', 181, 67, 121);
insert into Pessoa (id, nome, dataNascimento, altura, peso, idCidadeNasc) values (58, 'Nordfeldt', '1996-11-02', 168, 89, 174);
insert into Pessoa (id, nome, dataNascimento, altura, peso, idCidadeNasc) values (59, 'Alonso', '1999-01-27', 188, 70, 235);
insert into Pessoa (id, nome, dataNascimento, altura, peso, idCidadeNasc) values (60, 'Cahill', '1996-08-02', 190, 67, 35);
insert into Pessoa (id, nome, dataNascimento, altura, peso, idCidadeNasc) values (61, 'Bellerín', '1993-02-02', 183, 80, 116);
insert into Pessoa (id, nome, dataNascimento, altura, peso, idCidadeNasc) values (62, 'Azpilicueta', '1998-11-11', 167, 100, 113);
insert into Pessoa (id, nome, dataNascimento, altura, peso, idCidadeNasc) values (63, 'Walker', '1998-01-07', 199, 100, 201);
insert into Pessoa (id, nome, dataNascimento, altura, peso, idCidadeNasc) values (64, 'David Luiz', '1999-09-15', 179, 90, 209);
insert into Pessoa (id, nome, dataNascimento, altura, peso, idCidadeNasc) values (65, 'Alderweireld', '1991-01-02', 190, 65, 60);
insert into Pessoa (id, nome, dataNascimento, altura, peso, idCidadeNasc) values (66, 'Koscielny', '1982-11-25', 186, 64, 47);
insert into Pessoa (id, nome, dataNascimento, altura, peso, idCidadeNasc) values (67, 'Coleman', '1994-04-11', 165, 91, 22);
insert into Pessoa (id, nome, dataNascimento, altura, peso, idCidadeNasc) values (68, 'Kompany', '1992-12-04', 207, 66, 13);
insert into Pessoa (id, nome, dataNascimento, altura, peso, idCidadeNasc) values (69, 'Otamendi', '1994-03-14', 167, 74, 155);
insert into Pessoa (id, nome, dataNascimento, altura, peso, idCidadeNasc) values (70, 'Valencia', '1983-10-07', 156, 88, 208);
insert into Pessoa (id, nome, dataNascimento, altura, peso, idCidadeNasc) values (71, 'Rose', '1998-09-20', 182, 73, 165);
insert into Pessoa (id, nome, dataNascimento, altura, peso, idCidadeNasc) values (72, 'Monreal', '1986-10-18', 186, 67, 173);
insert into Pessoa (id, nome, dataNascimento, altura, peso, idCidadeNasc) values (73, 'Mustafi', '1991-09-03', 156, 86, 148);
insert into Pessoa (id, nome, dataNascimento, altura, peso, idCidadeNasc) values (74, 'Clyne', '1997-01-30', 200, 83, 33);
insert into Pessoa (id, nome, dataNascimento, altura, peso, idCidadeNasc) values (75, 'Kolarov', '1994-04-24', 192, 81, 8);
insert into Pessoa (id, nome, dataNascimento, altura, peso, idCidadeNasc) values (76, 'Smalling', '1993-03-13', 194, 93, 12);
insert into Pessoa (id, nome, dataNascimento, altura, peso, idCidadeNasc) values (77, 'Baines', '1980-06-22', 201, 74, 178);
insert into Pessoa (id, nome, dataNascimento, altura, peso, idCidadeNasc) values (78, 'van Dijk', '1983-06-08', 158, 84, 110);
insert into Pessoa (id, nome, dataNascimento, altura, peso, idCidadeNasc) values (79, 'Bertrand', '1989-12-10', 166, 75, 25);
insert into Pessoa (id, nome, dataNascimento, altura, peso, idCidadeNasc) values (80, 'Vertonghen', '1984-05-08', 198, 65, 91);
insert into Pessoa (id, nome, dataNascimento, altura, peso, idCidadeNasc) values (81, 'Zouma', '1984-02-16', 150, 96, 26);
insert into Pessoa (id, nome, dataNascimento, altura, peso, idCidadeNasc) values (82, 'Matip', '1997-03-31', 203, 89, 142);
insert into Pessoa (id, nome, dataNascimento, altura, peso, idCidadeNasc) values (83, 'Sagna', '1992-03-26', 154, 61, 183);
insert into Pessoa (id, nome, dataNascimento, altura, peso, idCidadeNasc) values (84, 'Bailly', '1983-10-13', 191, 85, 224);
insert into Pessoa (id, nome, dataNascimento, altura, peso, idCidadeNasc) values (85, 'Fonte', '1997-08-08', 160, 74, 122);
insert into Pessoa (id, nome, dataNascimento, altura, peso, idCidadeNasc) values (86, 'Terry', '1993-03-31', 208, 93, 89);
insert into Pessoa (id, nome, dataNascimento, altura, peso, idCidadeNasc) values (87, 'Dann', '1992-04-07', 189, 83, 207);
insert into Pessoa (id, nome, dataNascimento, altura, peso, idCidadeNasc) values (88, 'Williams', '1983-10-03', 159, 81, 174);
insert into Pessoa (id, nome, dataNascimento, altura, peso, idCidadeNasc) values (89, 'Fuchs', '1997-09-03', 166, 72, 91);
insert into Pessoa (id, nome, dataNascimento, altura, peso, idCidadeNasc) values (90, 'Clichy', '1980-12-08', 182, 67, 198);
insert into Pessoa (id, nome, dataNascimento, altura, peso, idCidadeNasc) values (91, 'Shaw', '1992-07-29', 169, 72, 147);
insert into Pessoa (id, nome, dataNascimento, altura, peso, idCidadeNasc) values (92, 'Rojo', '1982-05-17', 167, 60, 39);
insert into Pessoa (id, nome, dataNascimento, altura, peso, idCidadeNasc) values (93, 'Blind', '1985-08-08', 207, 66, 34);
insert into Pessoa (id, nome, dataNascimento, altura, peso, idCidadeNasc) values (94, 'McAuley', '1981-11-13', 206, 60, 39);
insert into Pessoa (id, nome, dataNascimento, altura, peso, idCidadeNasc) values (95, 'Cresswell', '1980-11-22', 176, 81, 96);
insert into Pessoa (id, nome, dataNascimento, altura, peso, idCidadeNasc) values (96, 'Daniels', '1997-05-01', 203, 71, 131);
insert into Pessoa (id, nome, dataNascimento, altura, peso, idCidadeNasc) values (97, 'Brunt', '1992-08-11', 152, 76, 188);
insert into Pessoa (id, nome, dataNascimento, altura, peso, idCidadeNasc) values (98, 'Reid', '1993-04-10', 159, 91, 162);
insert into Pessoa (id, nome, dataNascimento, altura, peso, idCidadeNasc) values (99, 'Keane', '1987-11-29', 170, 77, 185);
insert into Pessoa (id, nome, dataNascimento, altura, peso, idCidadeNasc) values (100, 'van Aanholt', '1981-06-26', 173, 61, 242);
insert into Pessoa (id, nome, dataNascimento, altura, peso, idCidadeNasc) values (101, 'Darmian', '1985-07-25', 194, 63, 181);
insert into Pessoa (id, nome, dataNascimento, altura, peso, idCidadeNasc) values (102, 'Cáceres', '1990-09-05', 205, 84, 152);
insert into Pessoa (id, nome, dataNascimento, altura, peso, idCidadeNasc) values (103, 'Tomkins', '1993-08-13', 188, 87, 92);
insert into Pessoa (id, nome, dataNascimento, altura, peso, idCidadeNasc) values (104, 'Davies', '1982-02-16', 198, 85, 174);
insert into Pessoa (id, nome, dataNascimento, altura, peso, idCidadeNasc) values (105, 'Huth', '1988-10-27', 154, 95, 129);
insert into Pessoa (id, nome, dataNascimento, altura, peso, idCidadeNasc) values (106, 'Gibson', '1994-07-17', 179, 85, 64);
insert into Pessoa (id, nome, dataNascimento, altura, peso, idCidadeNasc) values (107, 'Martins Indi', '1997-04-11', 153, 68, 242);
insert into Pessoa (id, nome, dataNascimento, altura, peso, idCidadeNasc) values (108, 'Shawcross', '1998-09-06', 203, 86, 163);
insert into Pessoa (id, nome, dataNascimento, altura, peso, idCidadeNasc) values (109, 'Mertesacker', '1990-09-13', 168, 70, 4);
insert into Pessoa (id, nome, dataNascimento, altura, peso, idCidadeNasc) values (110, 'Gabriel', '1992-03-25', 195, 81, 161);
insert into Pessoa (id, nome, dataNascimento, altura, peso, idCidadeNasc) values (111, 'Jenkinson', '1998-09-15', 150, 81, 180);
insert into Pessoa (id, nome, dataNascimento, altura, peso, idCidadeNasc) values (112, 'Cook', '1997-06-22', 176, 99, 59);
insert into Pessoa (id, nome, dataNascimento, altura, peso, idCidadeNasc) values (113, 'Ward', '1999-01-12', 190, 95, 64);
insert into Pessoa (id, nome, dataNascimento, altura, peso, idCidadeNasc) values (114, 'Delaney', '1990-11-27', 155, 65, 142);
insert into Pessoa (id, nome, dataNascimento, altura, peso, idCidadeNasc) values (115, 'Funes Mori', '1995-09-12', 198, 64, 152);
insert into Pessoa (id, nome, dataNascimento, altura, peso, idCidadeNasc) values (116, 'Simpson', '1986-12-17', 191, 69, 65);
insert into Pessoa (id, nome, dataNascimento, altura, peso, idCidadeNasc) values (117, 'Lovren', '1993-11-14', 179, 93, 172);
insert into Pessoa (id, nome, dataNascimento, altura, peso, idCidadeNasc) values (118, 'Gomez', '1981-03-28', 165, 73, 97);
insert into Pessoa (id, nome, dataNascimento, altura, peso, idCidadeNasc) values (119, 'Ayala', '1998-03-20', 204, 67, 177);
insert into Pessoa (id, nome, dataNascimento, altura, peso, idCidadeNasc) values (120, 'Cédric', '1986-10-07', 177, 78, 101);
insert into Pessoa (id, nome, dataNascimento, altura, peso, idCidadeNasc) values (121, 'Davies', '1999-07-21', 167, 64, 108);
insert into Pessoa (id, nome, dataNascimento, altura, peso, idCidadeNasc) values (122, 'Kabasele', '1999-11-18', 195, 64, 164);
insert into Pessoa (id, nome, dataNascimento, altura, peso, idCidadeNasc) values (123, 'Dawson', '1980-04-12', 204, 75, 156);
insert into Pessoa (id, nome, dataNascimento, altura, peso, idCidadeNasc) values (124, 'Ogbonna', '1989-02-07', 199, 68, 144);
insert into Pessoa (id, nome, dataNascimento, altura, peso, idCidadeNasc) values (125, 'Gibbs', '1999-04-26', 171, 92, 79);
insert into Pessoa (id, nome, dataNascimento, altura, peso, idCidadeNasc) values (126, 'Mee', '1996-10-22', 150, 97, 49);
insert into Pessoa (id, nome, dataNascimento, altura, peso, idCidadeNasc) values (127, 'Schlupp', '1980-09-07', 180, 88, 219);
insert into Pessoa (id, nome, dataNascimento, altura, peso, idCidadeNasc) values (128, 'Sakho', '1993-09-18', 182, 90, 157);
insert into Pessoa (id, nome, dataNascimento, altura, peso, idCidadeNasc) values (129, 'Morgan', '1988-11-30', 169, 91, 132);
insert into Pessoa (id, nome, dataNascimento, altura, peso, idCidadeNasc) values (130, 'Stones', '1985-03-05', 208, 68, 125);
insert into Pessoa (id, nome, dataNascimento, altura, peso, idCidadeNasc) values (131, 'Zabaleta', '1990-09-27', 170, 99, 176);
insert into Pessoa (id, nome, dataNascimento, altura, peso, idCidadeNasc) values (132, 'Jones', '1993-10-25', 174, 71, 33);
insert into Pessoa (id, nome, dataNascimento, altura, peso, idCidadeNasc) values (133, 'Pied', '1981-02-11', 169, 88, 92);
insert into Pessoa (id, nome, dataNascimento, altura, peso, idCidadeNasc) values (134, 'Pieters', '1997-05-05', 150, 88, 124);
insert into Pessoa (id, nome, dataNascimento, altura, peso, idCidadeNasc) values (135, 'Johnson', '1984-10-31', 207, 75, 158);
insert into Pessoa (id, nome, dataNascimento, altura, peso, idCidadeNasc) values (136, 'Denayer', '1988-10-14', 188, 92, 196);
insert into Pessoa (id, nome, dataNascimento, altura, peso, idCidadeNasc) values (137, 'Trippier', '1989-11-30', 166, 93, 155);
insert into Pessoa (id, nome, dataNascimento, altura, peso, idCidadeNasc) values (138, 'Masuaku', '1993-04-22', 166, 62, 242);
insert into Pessoa (id, nome, dataNascimento, altura, peso, idCidadeNasc) values (139, 'Debuchy', '1984-09-03', 209, 74, 14);
insert into Pessoa (id, nome, dataNascimento, altura, peso, idCidadeNasc) values (140, 'Jagielka', '1987-01-02', 176, 71, 40);
insert into Pessoa (id, nome, dataNascimento, altura, peso, idCidadeNasc) values (141, 'Mawson', '1990-06-27', 181, 68, 20);
insert into Pessoa (id, nome, dataNascimento, altura, peso, idCidadeNasc) values (142, 'Wimmer', '1994-06-27', 157, 71, 95);
insert into Pessoa (id, nome, dataNascimento, altura, peso, idCidadeNasc) values (143, 'Holebas', '1998-04-28', 164, 66, 143);
insert into Pessoa (id, nome, dataNascimento, altura, peso, idCidadeNasc) values (144, 'Francis', '1991-03-27', 205, 85, 41);
insert into Pessoa (id, nome, dataNascimento, altura, peso, idCidadeNasc) values (145, 'Smith', '1990-06-17', 205, 66, 121);
insert into Pessoa (id, nome, dataNascimento, altura, peso, idCidadeNasc) values (146, 'Mings', '1993-06-09', 171, 86, 46);
insert into Pessoa (id, nome, dataNascimento, altura, peso, idCidadeNasc) values (147, 'Lowton', '1995-07-29', 207, 73, 26);
insert into Pessoa (id, nome, dataNascimento, altura, peso, idCidadeNasc) values (148, 'Ward', '1995-02-09', 204, 70, 58);
insert into Pessoa (id, nome, dataNascimento, altura, peso, idCidadeNasc) values (149, 'Aina', '1999-08-22', 188, 72, 89);
insert into Pessoa (id, nome, dataNascimento, altura, peso, idCidadeNasc) values (150, 'Fryers', '1984-10-28', 162, 78, 39);
insert into Pessoa (id, nome, dataNascimento, altura, peso, idCidadeNasc) values (151, 'Elabdellaoui', '1992-11-17', 189, 63, 46);
insert into Pessoa (id, nome, dataNascimento, altura, peso, idCidadeNasc) values (152, 'Ranocchia', '1984-08-16', 163, 73, 161);
insert into Pessoa (id, nome, dataNascimento, altura, peso, idCidadeNasc) values (153, 'Klavan', '1980-06-20', 180, 80, 236);
insert into Pessoa (id, nome, dataNascimento, altura, peso, idCidadeNasc) values (154, 'Tosin Adarabioyo', '1989-12-13', 187, 61, 207);
insert into Pessoa (id, nome, dataNascimento, altura, peso, idCidadeNasc) values (155, 'Janmaat', '1997-01-26', 168, 64, 158);
insert into Pessoa (id, nome, dataNascimento, altura, peso, idCidadeNasc) values (156, 'Arbeloa', '1986-10-19', 187, 78, 43);
insert into Pessoa (id, nome, dataNascimento, altura, peso, idCidadeNasc) values (157, 'Odubajo', '1998-08-25', 161, 92, 6);
insert into Pessoa (id, nome, dataNascimento, altura, peso, idCidadeNasc) values (158, 'Robertson', '1990-03-30', 170, 89, 187);
insert into Pessoa (id, nome, dataNascimento, altura, peso, idCidadeNasc) values (159, 'Maguire', '1996-03-04', 210, 67, 37);
insert into Pessoa (id, nome, dataNascimento, altura, peso, idCidadeNasc) values (160, 'Wagué', '1998-03-18', 194, 74, 217);
insert into Pessoa (id, nome, dataNascimento, altura, peso, idCidadeNasc) values (161, 'Moreno', '1993-08-07', 209, 61, 135);
insert into Pessoa (id, nome, dataNascimento, altura, peso, idCidadeNasc) values (162, 'Fabio', '1991-04-21', 203, 94, 165);
insert into Pessoa (id, nome, dataNascimento, altura, peso, idCidadeNasc) values (163, 'Barragán', '1989-11-20', 168, 66, 207);
insert into Pessoa (id, nome, dataNascimento, altura, peso, idCidadeNasc) values (164, 'O''Shea', '1998-02-28', 198, 62, 4);
insert into Pessoa (id, nome, dataNascimento, altura, peso, idCidadeNasc) values (165, 'Jones', '1993-04-30', 172, 90, 197);
insert into Pessoa (id, nome, dataNascimento, altura, peso, idCidadeNasc) values (166, 'Olsson', '1999-02-21', 180, 75, 202);
insert into Pessoa (id, nome, dataNascimento, altura, peso, idCidadeNasc) values (167, 'Kaboul', '1990-01-27', 193, 93, 95);
insert into Pessoa (id, nome, dataNascimento, altura, peso, idCidadeNasc) values (168, 'Prödl', '1982-05-30', 154, 82, 29);
insert into Pessoa (id, nome, dataNascimento, altura, peso, idCidadeNasc) values (169, 'Nyom', '1987-02-28', 186, 61, 217);
insert into Pessoa (id, nome, dataNascimento, altura, peso, idCidadeNasc) values (170, 'Evans', '1999-10-12', 200, 65, 151);
insert into Pessoa (id, nome, dataNascimento, altura, peso, idCidadeNasc) values (171, 'Flanagan', '1988-09-19', 174, 69, 155);
insert into Pessoa (id, nome, dataNascimento, altura, peso, idCidadeNasc) values (172, 'Chilwell', '1987-07-08', 162, 97, 162);
insert into Pessoa (id, nome, dataNascimento, altura, peso, idCidadeNasc) values (173, 'Chambers', '1986-07-08', 151, 97, 226);
insert into Pessoa (id, nome, dataNascimento, altura, peso, idCidadeNasc) values (174, 'Friend', '1983-11-25', 166, 75, 8);
insert into Pessoa (id, nome, dataNascimento, altura, peso, idCidadeNasc) values (175, 'Bernardo', '1996-01-10', 210, 89, 2);
insert into Pessoa (id, nome, dataNascimento, altura, peso, idCidadeNasc) values (176, 'Yoshida', '1981-11-06', 188, 100, 8);
insert into Pessoa (id, nome, dataNascimento, altura, peso, idCidadeNasc) values (177, 'Martina', '1995-11-28', 177, 74, 73);
insert into Pessoa (id, nome, dataNascimento, altura, peso, idCidadeNasc) values (178, 'Bardsley', '1995-07-13', 151, 66, 156);
insert into Pessoa (id, nome, dataNascimento, altura, peso, idCidadeNasc) values (179, 'Manquillo', '1987-05-06', 162, 99, 9);
insert into Pessoa (id, nome, dataNascimento, altura, peso, idCidadeNasc) values (180, 'Koné', '1991-06-03', 192, 86, 200);
insert into Pessoa (id, nome, dataNascimento, altura, peso, idCidadeNasc) values (181, 'Djilobodji', '1984-09-29', 178, 75, 53);
insert into Pessoa (id, nome, dataNascimento, altura, peso, idCidadeNasc) values (182, 'Naughton', '1999-08-05', 196, 86, 94);
insert into Pessoa (id, nome, dataNascimento, altura, peso, idCidadeNasc) values (183, 'van der Hoorn', '1984-04-09', 196, 95, 134);
insert into Pessoa (id, nome, dataNascimento, altura, peso, idCidadeNasc) values (184, 'Carter-Vickers', '1992-04-17', 175, 97, 81);
insert into Pessoa (id, nome, dataNascimento, altura, peso, idCidadeNasc) values (185, 'Cathcart', '1981-06-24', 209, 98, 105);
insert into Pessoa (id, nome, dataNascimento, altura, peso, idCidadeNasc) values (186, 'Britos', '1994-09-06', 203, 94, 25);
insert into Pessoa (id, nome, dataNascimento, altura, peso, idCidadeNasc) values (187, 'Darikwa', '1984-10-08', 185, 100, 189);
insert into Pessoa (id, nome, dataNascimento, altura, peso, idCidadeNasc) values (188, 'Kelly', '1988-07-24', 189, 93, 24);
insert into Pessoa (id, nome, dataNascimento, altura, peso, idCidadeNasc) values (189, 'Souaré', '1996-03-04', 164, 72, 76);
insert into Pessoa (id, nome, dataNascimento, altura, peso, idCidadeNasc) values (190, 'Dawson', '1983-07-13', 205, 71, 156);
insert into Pessoa (id, nome, dataNascimento, altura, peso, idCidadeNasc) values (191, 'Stewart', '1996-07-12', 187, 76, 117);
insert into Pessoa (id, nome, dataNascimento, altura, peso, idCidadeNasc) values (192, 'Cameron', '1993-12-31', 180, 85, 241);
insert into Pessoa (id, nome, dataNascimento, altura, peso, idCidadeNasc) values (193, 'McNair', '1996-08-16', 168, 68, 110);
insert into Pessoa (id, nome, dataNascimento, altura, peso, idCidadeNasc) values (194, 'Rangel', '1993-08-25', 181, 77, 206);
insert into Pessoa (id, nome, dataNascimento, altura, peso, idCidadeNasc) values (195, 'Fernández', '1988-03-20', 205, 65, 7);
insert into Pessoa (id, nome, dataNascimento, altura, peso, idCidadeNasc) values (196, 'Zuñiga', '1993-07-05', 165, 91, 7);
insert into Pessoa (id, nome, dataNascimento, altura, peso, idCidadeNasc) values (197, 'Olsson', '1985-07-17', 167, 75, 40);
insert into Pessoa (id, nome, dataNascimento, altura, peso, idCidadeNasc) values (198, 'Collins', '1992-11-13', 206, 73, 63);
insert into Pessoa (id, nome, dataNascimento, altura, peso, idCidadeNasc) values (199, 'Byram', '1999-04-03', 184, 98, 224);
insert into Pessoa (id, nome, dataNascimento, altura, peso, idCidadeNasc) values (200, 'Fosu-Mensah', '1983-11-27', 164, 65, 68);
insert into Pessoa (id, nome, dataNascimento, altura, peso, idCidadeNasc) values (201, 'Targett', '1994-02-02', 203, 75, 42);
insert into Pessoa (id, nome, dataNascimento, altura, peso, idCidadeNasc) values (202, 'Holding', '1982-02-27', 196, 65, 95);
insert into Pessoa (id, nome, dataNascimento, altura, peso, idCidadeNasc) values (203, 'Cargill', '1980-09-02', 162, 81, 232);
insert into Pessoa (id, nome, dataNascimento, altura, peso, idCidadeNasc) values (204, 'Smith', '1997-08-20', 189, 67, 101);
insert into Pessoa (id, nome, dataNascimento, altura, peso, idCidadeNasc) values (205, 'Tarkowski', '1996-10-15', 167, 98, 48);
insert into Pessoa (id, nome, dataNascimento, altura, peso, idCidadeNasc) values (206, 'Long', '1980-09-19', 183, 70, 156);
insert into Pessoa (id, nome, dataNascimento, altura, peso, idCidadeNasc) values (207, 'Wynter', '1998-02-11', 200, 82, 12);
insert into Pessoa (id, nome, dataNascimento, altura, peso, idCidadeNasc) values (208, 'Kenny', '1987-02-13', 181, 75, 186);
insert into Pessoa (id, nome, dataNascimento, altura, peso, idCidadeNasc) values (209, 'Holgate', '1985-01-23', 150, 89, 107);
insert into Pessoa (id, nome, dataNascimento, altura, peso, idCidadeNasc) values (210, 'Tymon', '1988-06-14', 155, 90, 226);
insert into Pessoa (id, nome, dataNascimento, altura, peso, idCidadeNasc) values (211, 'Benalouane', '1985-07-03', 150, 98, 205);
insert into Pessoa (id, nome, dataNascimento, altura, peso, idCidadeNasc) values (212, 'Fry', '1999-12-30', 165, 85, 46);
insert into Pessoa (id, nome, dataNascimento, altura, peso, idCidadeNasc) values (213, 'Gardos', '1988-02-17', 156, 65, 143);
insert into Pessoa (id, nome, dataNascimento, altura, peso, idCidadeNasc) values (214, 'Stephens', '1991-01-09', 206, 84, 178);
insert into Pessoa (id, nome, dataNascimento, altura, peso, idCidadeNasc) values (215, 'Muniesa', '1998-08-24', 150, 85, 149);
insert into Pessoa (id, nome, dataNascimento, altura, peso, idCidadeNasc) values (216, 'Edwards', '1983-11-17', 185, 69, 25);
insert into Pessoa (id, nome, dataNascimento, altura, peso, idCidadeNasc) values (217, 'Josh Robson', '1987-10-27', 197, 72, 80);
insert into Pessoa (id, nome, dataNascimento, altura, peso, idCidadeNasc) values (218, 'Love', '1980-10-18', 204, 73, 117);
insert into Pessoa (id, nome, dataNascimento, altura, peso, idCidadeNasc) values (219, 'Roberts', '1992-12-13', 158, 65, 190);
insert into Pessoa (id, nome, dataNascimento, altura, peso, idCidadeNasc) values (220, 'Mariappa', '1993-03-01', 165, 68, 36);
insert into Pessoa (id, nome, dataNascimento, altura, peso, idCidadeNasc) values (221, 'Eleftheriou', '1997-07-23', 200, 76, 112);
insert into Pessoa (id, nome, dataNascimento, altura, peso, idCidadeNasc) values (222, 'Rowan', '1996-05-06', 196, 90, 31);
insert into Pessoa (id, nome, dataNascimento, altura, peso, idCidadeNasc) values (223, 'Mason', '1994-04-16', 174, 94, 128);
insert into Pessoa (id, nome, dataNascimento, altura, peso, idCidadeNasc) values (224, 'Galloway', '1988-08-17', 151, 75, 62);
insert into Pessoa (id, nome, dataNascimento, altura, peso, idCidadeNasc) values (225, 'Wilson', '1997-09-18', 199, 78, 238);
insert into Pessoa (id, nome, dataNascimento, altura, peso, idCidadeNasc) values (226, 'Pennington', '1981-05-27', 182, 70, 5);
insert into Pessoa (id, nome, dataNascimento, altura, peso, idCidadeNasc) values (227, 'Lenihan', '1984-11-02', 161, 92, 100);
insert into Pessoa (id, nome, dataNascimento, altura, peso, idCidadeNasc) values (228, 'Wasilewski', '1989-05-21', 165, 94, 229);
insert into Pessoa (id, nome, dataNascimento, altura, peso, idCidadeNasc) values (229, 'Randall', '1987-07-27', 158, 65, 229);
insert into Pessoa (id, nome, dataNascimento, altura, peso, idCidadeNasc) values (230, 'Lescott', '1981-06-20', 175, 74, 109);
insert into Pessoa (id, nome, dataNascimento, altura, peso, idCidadeNasc) values (231, 'Amat', '1995-12-29', 173, 78, 143);
insert into Pessoa (id, nome, dataNascimento, altura, peso, idCidadeNasc) values (232, 'Kingsley', '1987-01-06', 172, 81, 98);
insert into Pessoa (id, nome, dataNascimento, altura, peso, idCidadeNasc) values (233, 'Marc Wilson', '1999-09-05', 205, 82, 154);
insert into Pessoa (id, nome, dataNascimento, altura, peso, idCidadeNasc) values (234, 'Aké', '1983-08-29', 173, 81, 36);
insert into Pessoa (id, nome, dataNascimento, altura, peso, idCidadeNasc) values (235, 'Sánchez', '1990-04-25', 169, 84, 29);
insert into Pessoa (id, nome, dataNascimento, altura, peso, idCidadeNasc) values (236, 'De Bruyne', '1981-07-31', 205, 63, 3);
insert into Pessoa (id, nome, dataNascimento, altura, peso, idCidadeNasc) values (237, 'Hazard', '1984-03-10', 187, 67, 217);
insert into Pessoa (id, nome, dataNascimento, altura, peso, idCidadeNasc) values (238, 'Mané', '1997-02-21', 164, 74, 147);
insert into Pessoa (id, nome, dataNascimento, altura, peso, idCidadeNasc) values (239, 'Özil', '1997-01-08', 160, 81, 2);
insert into Pessoa (id, nome, dataNascimento, altura, peso, idCidadeNasc) values (240, 'Martial', '1995-05-15', 156, 92, 162);
insert into Pessoa (id, nome, dataNascimento, altura, peso, idCidadeNasc) values (241, 'Mahrez', '1980-01-30', 162, 75, 224);
insert into Pessoa (id, nome, dataNascimento, altura, peso, idCidadeNasc) values (242, 'Alli', '1995-04-01', 207, 91, 167);
insert into Pessoa (id, nome, dataNascimento, altura, peso, idCidadeNasc) values (243, 'Mkhitaryan', '1985-06-24', 170, 97, 243);
insert into Pessoa (id, nome, dataNascimento, altura, peso, idCidadeNasc) values (244, 'Eriksen', '1992-11-09', 165, 60, 178);
insert into Pessoa (id, nome, dataNascimento, altura, peso, idCidadeNasc) values (245, 'Silva', '1986-01-21', 167, 72, 227);
insert into Pessoa (id, nome, dataNascimento, altura, peso, idCidadeNasc) values (246, 'Firmino', '1992-12-17', 206, 84, 191);
insert into Pessoa (id, nome, dataNascimento, altura, peso, idCidadeNasc) values (247, 'Nolito', '1987-05-29', 164, 71, 206);
insert into Pessoa (id, nome, dataNascimento, altura, peso, idCidadeNasc) values (248, 'Coutinho', '1999-09-17', 177, 98, 177);
insert into Pessoa (id, nome, dataNascimento, altura, peso, idCidadeNasc) values (249, 'Pogba', '1984-09-02', 163, 80, 161);
insert into Pessoa (id, nome, dataNascimento, altura, peso, idCidadeNasc) values (250, 'Sigurdsson', '1981-11-10', 188, 70, 205);
insert into Pessoa (id, nome, dataNascimento, altura, peso, idCidadeNasc) values (251, 'Sterling', '1990-03-09', 194, 68, 76);
insert into Pessoa (id, nome, dataNascimento, altura, peso, idCidadeNasc) values (252, 'Ramsey', '1996-01-28', 209, 78, 28);
insert into Pessoa (id, nome, dataNascimento, altura, peso, idCidadeNasc) values (253, 'Wijnaldum', '1980-04-06', 164, 100, 232);
insert into Pessoa (id, nome, dataNascimento, altura, peso, idCidadeNasc) values (254, 'Sané', '1982-01-29', 189, 96, 61);
insert into Pessoa (id, nome, dataNascimento, altura, peso, idCidadeNasc) values (255, 'Walcott', '1989-09-30', 191, 95, 128);
insert into Pessoa (id, nome, dataNascimento, altura, peso, idCidadeNasc) values (256, 'Yaya Touré', '1994-12-15', 181, 87, 28);
insert into Pessoa (id, nome, dataNascimento, altura, peso, idCidadeNasc) values (257, 'Mata', '1985-11-01', 192, 90, 144);
insert into Pessoa (id, nome, dataNascimento, altura, peso, idCidadeNasc) values (258, 'Pedro', '1995-03-30', 206, 64, 53);
insert into Pessoa (id, nome, dataNascimento, altura, peso, idCidadeNasc) values (259, 'Barkley', '1986-07-05', 178, 70, 26);
insert into Pessoa (id, nome, dataNascimento, altura, peso, idCidadeNasc) values (260, 'Arnautovic', '1991-07-03', 175, 62, 196);
insert into Pessoa (id, nome, dataNascimento, altura, peso, idCidadeNasc) values (261, 'Ayew', '1995-08-16', 190, 92, 56);
insert into Pessoa (id, nome, dataNascimento, altura, peso, idCidadeNasc) values (262, 'Cazorla', '1980-08-11', 161, 90, 174);
insert into Pessoa (id, nome, dataNascimento, altura, peso, idCidadeNasc) values (263, 'Willian', '1997-09-26', 161, 78, 17);
insert into Pessoa (id, nome, dataNascimento, altura, peso, idCidadeNasc) values (264, 'Tadic', '1988-06-15', 159, 93, 204);
insert into Pessoa (id, nome, dataNascimento, altura, peso, idCidadeNasc) values (265, 'Fàbregas', '1997-02-03', 197, 73, 164);
insert into Pessoa (id, nome, dataNascimento, altura, peso, idCidadeNasc) values (266, 'Lallana', '1993-05-19', 184, 89, 196);
insert into Pessoa (id, nome, dataNascimento, altura, peso, idCidadeNasc) values (267, 'Son', '1995-09-09', 201, 75, 234);
insert into Pessoa (id, nome, dataNascimento, altura, peso, idCidadeNasc) values (268, 'Antonio', '1992-12-13', 194, 100, 91);
insert into Pessoa (id, nome, dataNascimento, altura, peso, idCidadeNasc) values (269, 'Nkoudou', '1981-02-14', 193, 60, 243);
insert into Pessoa (id, nome, dataNascimento, altura, peso, idCidadeNasc) values (270, 'Boufal', '1981-08-26', 182, 97, 106);
insert into Pessoa (id, nome, dataNascimento, altura, peso, idCidadeNasc) values (271, 'Sissoko', '1983-12-13', 171, 85, 11);
insert into Pessoa (id, nome, dataNascimento, altura, peso, idCidadeNasc) values (272, 'Lamela', '1996-01-27', 209, 73, 147);
insert into Pessoa (id, nome, dataNascimento, altura, peso, idCidadeNasc) values (273, 'Milner', '1995-09-11', 197, 80, 194);
insert into Pessoa (id, nome, dataNascimento, altura, peso, idCidadeNasc) values (274, 'Lanzini', '1997-06-23', 176, 68, 33);
insert into Pessoa (id, nome, dataNascimento, altura, peso, idCidadeNasc) values (275, 'Herrera', '1992-08-21', 190, 83, 233);
insert into Pessoa (id, nome, dataNascimento, altura, peso, idCidadeNasc) values (276, 'Henderson', '1994-03-02', 153, 82, 109);
insert into Pessoa (id, nome, dataNascimento, altura, peso, idCidadeNasc) values (277, 'Noble', '1986-11-25', 167, 87, 12);
insert into Pessoa (id, nome, dataNascimento, altura, peso, idCidadeNasc) values (278, 'Navas', '1992-04-10', 177, 90, 33);
insert into Pessoa (id, nome, dataNascimento, altura, peso, idCidadeNasc) values (279, 'Mirallas', '1986-05-08', 207, 73, 134);
insert into Pessoa (id, nome, dataNascimento, altura, peso, idCidadeNasc) values (280, 'Rodriguez', '1994-09-25', 181, 99, 242);
insert into Pessoa (id, nome, dataNascimento, altura, peso, idCidadeNasc) values (281, 'Shaqiri', '1994-05-15', 189, 90, 68);
insert into Pessoa (id, nome, dataNascimento, altura, peso, idCidadeNasc) values (282, 'Khazri', '1984-06-26', 181, 84, 206);
insert into Pessoa (id, nome, dataNascimento, altura, peso, idCidadeNasc) values (283, 'Chadli', '1994-11-13', 207, 78, 93);
insert into Pessoa (id, nome, dataNascimento, altura, peso, idCidadeNasc) values (284, 'Wilshere', '1991-05-01', 206, 76, 196);
insert into Pessoa (id, nome, dataNascimento, altura, peso, idCidadeNasc) values (285, 'Chamberlain', '1997-08-23', 172, 60, 26);
insert into Pessoa (id, nome, dataNascimento, altura, peso, idCidadeNasc) values (286, 'King', '1988-08-27', 197, 79, 27);
insert into Pessoa (id, nome, dataNascimento, altura, peso, idCidadeNasc) values (287, 'Townsend', '1991-09-22', 168, 96, 6);
insert into Pessoa (id, nome, dataNascimento, altura, peso, idCidadeNasc) values (288, 'Fellaini', '1980-12-02', 180, 80, 190);
insert into Pessoa (id, nome, dataNascimento, altura, peso, idCidadeNasc) values (289, 'Redmond', '1995-04-05', 193, 90, 209);
insert into Pessoa (id, nome, dataNascimento, altura, peso, idCidadeNasc) values (290, 'Pereyra', '1981-05-01', 193, 82, 79);
insert into Pessoa (id, nome, dataNascimento, altura, peso, idCidadeNasc) values (291, 'Snodgrass', '1985-06-11', 153, 63, 43);
insert into Pessoa (id, nome, dataNascimento, altura, peso, idCidadeNasc) values (292, 'Bolasie', '1997-07-27', 210, 82, 77);
insert into Pessoa (id, nome, dataNascimento, altura, peso, idCidadeNasc) values (293, 'Success', '1982-03-08', 174, 90, 219);
insert into Pessoa (id, nome, dataNascimento, altura, peso, idCidadeNasc) values (294, 'Iwobi', '1997-08-19', 202, 86, 55);
insert into Pessoa (id, nome, dataNascimento, altura, peso, idCidadeNasc) values (295, 'Defour', '1993-04-09', 187, 83, 62);
insert into Pessoa (id, nome, dataNascimento, altura, peso, idCidadeNasc) values (296, 'Moses', '1990-06-13', 152, 64, 43);
insert into Pessoa (id, nome, dataNascimento, altura, peso, idCidadeNasc) values (297, 'Zaha', '1999-06-09', 162, 86, 105);
insert into Pessoa (id, nome, dataNascimento, altura, peso, idCidadeNasc) values (298, 'Cabaye', '1999-07-17', 198, 65, 32);
insert into Pessoa (id, nome, dataNascimento, altura, peso, idCidadeNasc) values (299, 'Lingard', '1989-01-18', 157, 87, 26);
insert into Pessoa (id, nome, dataNascimento, altura, peso, idCidadeNasc) values (300, 'Brady', '1994-01-12', 209, 92, 131);
insert into Pessoa (id, nome, dataNascimento, altura, peso, idCidadeNasc) values (301, 'Lennon', '1992-04-13', 209, 95, 24);
insert into Pessoa (id, nome, dataNascimento, altura, peso, idCidadeNasc) values (302, 'Grosicki', '1982-04-01', 153, 97, 58);
insert into Pessoa (id, nome, dataNascimento, altura, peso, idCidadeNasc) values (303, 'Narsingh', '1983-02-09', 172, 85, 123);
insert into Pessoa (id, nome, dataNascimento, altura, peso, idCidadeNasc) values (304, 'Lookman', '1984-12-23', 168, 66, 70);
insert into Pessoa (id, nome, dataNascimento, altura, peso, idCidadeNasc) values (305, 'Walters', '1999-05-06', 174, 86, 172);
insert into Pessoa (id, nome, dataNascimento, altura, peso, idCidadeNasc) values (306, 'Afellay', '1991-05-03', 200, 90, 135);
insert into Pessoa (id, nome, dataNascimento, altura, peso, idCidadeNasc) values (307, 'Dembélé', '1994-08-02', 151, 61, 140);
insert into Pessoa (id, nome, dataNascimento, altura, peso, idCidadeNasc) values (308, 'Phillips', '1980-01-13', 210, 98, 239);
insert into Pessoa (id, nome, dataNascimento, altura, peso, idCidadeNasc) values (309, 'Hendrick', '1982-01-15', 176, 81, 42);
insert into Pessoa (id, nome, dataNascimento, altura, peso, idCidadeNasc) values (310, 'Sako', '1988-12-26', 183, 89, 26);
insert into Pessoa (id, nome, dataNascimento, altura, peso, idCidadeNasc) values (311, 'Drinkwater', '1996-11-01', 176, 80, 2);
insert into Pessoa (id, nome, dataNascimento, altura, peso, idCidadeNasc) values (312, 'Fernandinho', '1981-04-21', 158, 66, 148);
insert into Pessoa (id, nome, dataNascimento, altura, peso, idCidadeNasc) values (313, 'Januzaj', '1987-11-13', 208, 73, 200);
insert into Pessoa (id, nome, dataNascimento, altura, peso, idCidadeNasc) values (314, 'Töre', '1993-10-15', 168, 73, 117);
insert into Pessoa (id, nome, dataNascimento, altura, peso, idCidadeNasc) values (315, 'Xhaka', '1982-09-06', 183, 74, 75);
insert into Pessoa (id, nome, dataNascimento, altura, peso, idCidadeNasc) values (316, 'Arfield', '1986-05-30', 196, 79, 235);
insert into Pessoa (id, nome, dataNascimento, altura, peso, idCidadeNasc) values (317, 'Markovic', '1993-10-09', 190, 71, 144);
insert into Pessoa (id, nome, dataNascimento, altura, peso, idCidadeNasc) values (318, 'Ramírez', '1985-07-05', 200, 67, 58);
insert into Pessoa (id, nome, dataNascimento, altura, peso, idCidadeNasc) values (319, 'Allen', '1989-09-27', 183, 95, 83);
insert into Pessoa (id, nome, dataNascimento, altura, peso, idCidadeNasc) values (320, 'Boyd', '1988-03-28', 179, 89, 52);
insert into Pessoa (id, nome, dataNascimento, altura, peso, idCidadeNasc) values (321, 'Kenedy', '1980-09-21', 179, 62, 225);
insert into Pessoa (id, nome, dataNascimento, altura, peso, idCidadeNasc) values (322, 'Puncheon', '1996-03-14', 161, 82, 141);
insert into Pessoa (id, nome, dataNascimento, altura, peso, idCidadeNasc) values (323, 'Young', '1993-01-11', 162, 91, 41);
insert into Pessoa (id, nome, dataNascimento, altura, peso, idCidadeNasc) values (324, 'Davis', '1984-05-22', 209, 95, 46);
insert into Pessoa (id, nome, dataNascimento, altura, peso, idCidadeNasc) values (325, 'Cleverley', '1996-01-27', 184, 60, 213);
insert into Pessoa (id, nome, dataNascimento, altura, peso, idCidadeNasc) values (326, 'Arter', '1996-08-10', 190, 68, 16);
insert into Pessoa (id, nome, dataNascimento, altura, peso, idCidadeNasc) values (327, 'Gradel', '1982-01-22', 188, 98, 25);
insert into Pessoa (id, nome, dataNascimento, altura, peso, idCidadeNasc) values (328, 'Loftus-Cheek', '1998-04-10', 189, 86, 191);
insert into Pessoa (id, nome, dataNascimento, altura, peso, idCidadeNasc) values (329, 'Milivojevic', '1994-05-07', 209, 82, 186);
insert into Pessoa (id, nome, dataNascimento, altura, peso, idCidadeNasc) values (330, 'Gueye', '1985-07-18', 192, 86, 93);
insert into Pessoa (id, nome, dataNascimento, altura, peso, idCidadeNasc) values (331, 'Kapustka', '1983-11-27', 180, 66, 189);
insert into Pessoa (id, nome, dataNascimento, altura, peso, idCidadeNasc) values (332, 'García', '1999-02-20', 187, 61, 202);
insert into Pessoa (id, nome, dataNascimento, altura, peso, idCidadeNasc) values (333, 'Ward-Prowse', '1980-09-04', 171, 63, 218);
insert into Pessoa (id, nome, dataNascimento, altura, peso, idCidadeNasc) values (334, 'Ki Sung-yueng', '1998-05-23', 155, 78, 44);
insert into Pessoa (id, nome, dataNascimento, altura, peso, idCidadeNasc) values (335, 'Montero', '1987-08-31', 168, 83, 128);
insert into Pessoa (id, nome, dataNascimento, altura, peso, idCidadeNasc) values (336, 'Dier', '1997-06-21', 180, 79, 232);
insert into Pessoa (id, nome, dataNascimento, altura, peso, idCidadeNasc) values (337, 'Amrabat', '1998-08-18', 200, 84, 228);
insert into Pessoa (id, nome, dataNascimento, altura, peso, idCidadeNasc) values (338, 'Kouyaté', '1997-10-02', 207, 63, 239);
insert into Pessoa (id, nome, dataNascimento, altura, peso, idCidadeNasc) values (339, 'Feghouli', '1996-07-24', 202, 72, 244);
insert into Pessoa (id, nome, dataNascimento, altura, peso, idCidadeNasc) values (340, 'Ibe', '1989-07-24', 205, 80, 113);
insert into Pessoa (id, nome, dataNascimento, altura, peso, idCidadeNasc) values (341, 'Gudmundsson', '1985-08-02', 204, 60, 94);
insert into Pessoa (id, nome, dataNascimento, altura, peso, idCidadeNasc) values (342, 'Henriksen', '1996-12-05', 185, 100, 64);
insert into Pessoa (id, nome, dataNascimento, altura, peso, idCidadeNasc) values (343, 'Evandro', '1990-06-21', 156, 90, 78);
insert into Pessoa (id, nome, dataNascimento, altura, peso, idCidadeNasc) values (344, 'Ndidi', '1986-07-28', 157, 99, 206);
insert into Pessoa (id, nome, dataNascimento, altura, peso, idCidadeNasc) values (345, 'Albrighton', '1984-11-29', 204, 84, 209);
insert into Pessoa (id, nome, dataNascimento, altura, peso, idCidadeNasc) values (346, 'Gündogan', '1987-07-10', 188, 74, 79);
insert into Pessoa (id, nome, dataNascimento, altura, peso, idCidadeNasc) values (347, 'Downing', '1985-09-06', 207, 89, 105);
insert into Pessoa (id, nome, dataNascimento, altura, peso, idCidadeNasc) values (348, 'Fischer', '1998-08-26', 177, 63, 5);
insert into Pessoa (id, nome, dataNascimento, altura, peso, idCidadeNasc) values (349, 'Fraser', '1980-11-17', 207, 64, 104);
insert into Pessoa (id, nome, dataNascimento, altura, peso, idCidadeNasc) values (350, 'Stanislas', '1990-06-19', 175, 97, 94);
insert into Pessoa (id, nome, dataNascimento, altura, peso, idCidadeNasc) values (351, 'Matic', '1996-10-26', 160, 91, 91);
insert into Pessoa (id, nome, dataNascimento, altura, peso, idCidadeNasc) values (352, 'McArthur', '1999-01-25', 192, 68, 130);
insert into Pessoa (id, nome, dataNascimento, altura, peso, idCidadeNasc) values (353, 'Gray', '1997-06-30', 155, 74, 54);
insert into Pessoa (id, nome, dataNascimento, altura, peso, idCidadeNasc) values (354, 'Traoré', '1997-08-04', 154, 66, 118);
insert into Pessoa (id, nome, dataNascimento, altura, peso, idCidadeNasc) values (355, 'Sobhi', '1992-10-23', 187, 62, 233);
insert into Pessoa (id, nome, dataNascimento, altura, peso, idCidadeNasc) values (356, 'Pienaar', '1991-08-02', 163, 99, 224);
insert into Pessoa (id, nome, dataNascimento, altura, peso, idCidadeNasc) values (357, 'Ndong', '1999-10-16', 167, 70, 211);
insert into Pessoa (id, nome, dataNascimento, altura, peso, idCidadeNasc) values (358, 'Fer', '1991-12-26', 193, 96, 116);
insert into Pessoa (id, nome, dataNascimento, altura, peso, idCidadeNasc) values (359, 'Wanyama', '1986-06-17', 199, 98, 234);
insert into Pessoa (id, nome, dataNascimento, altura, peso, idCidadeNasc) values (360, 'Livermore', '1994-04-26', 178, 85, 164);
insert into Pessoa (id, nome, dataNascimento, altura, peso, idCidadeNasc) values (361, 'McClean', '1988-09-16', 202, 71, 175);
insert into Pessoa (id, nome, dataNascimento, altura, peso, idCidadeNasc) values (362, 'Gosling', '1988-11-07', 190, 79, 217);
insert into Pessoa (id, nome, dataNascimento, altura, peso, idCidadeNasc) values (363, 'Kanté', '1987-05-21', 189, 75, 210);
insert into Pessoa (id, nome, dataNascimento, altura, peso, idCidadeNasc) values (364, 'McCarthy', '1995-06-26', 154, 68, 78);
insert into Pessoa (id, nome, dataNascimento, altura, peso, idCidadeNasc) values (365, 'Clucas', '1999-12-25', 190, 100, 63);
insert into Pessoa (id, nome, dataNascimento, altura, peso, idCidadeNasc) values (366, 'King', '1993-06-28', 179, 69, 101);
insert into Pessoa (id, nome, dataNascimento, altura, peso, idCidadeNasc) values (367, 'Can', '1999-12-14', 196, 91, 83);
insert into Pessoa (id, nome, dataNascimento, altura, peso, idCidadeNasc) values (368, 'Sheyi Ojo', '1996-09-15', 187, 76, 98);
insert into Pessoa (id, nome, dataNascimento, altura, peso, idCidadeNasc) values (369, 'Delph', '1996-11-20', 183, 64, 229);
insert into Pessoa (id, nome, dataNascimento, altura, peso, idCidadeNasc) values (370, 'Fernando', '1982-05-22', 186, 100, 196);
insert into Pessoa (id, nome, dataNascimento, altura, peso, idCidadeNasc) values (371, 'Adam', '1989-02-02', 168, 93, 108);
insert into Pessoa (id, nome, dataNascimento, altura, peso, idCidadeNasc) values (372, 'Larsson', '1987-05-14', 206, 69, 191);
insert into Pessoa (id, nome, dataNascimento, altura, peso, idCidadeNasc) values (373, 'Watmore', '1982-05-15', 193, 72, 83);
insert into Pessoa (id, nome, dataNascimento, altura, peso, idCidadeNasc) values (374, 'Dyer', '1991-09-22', 159, 78, 242);
insert into Pessoa (id, nome, dataNascimento, altura, peso, idCidadeNasc) values (375, 'Fernandes', '1984-11-10', 151, 90, 229);
insert into Pessoa (id, nome, dataNascimento, altura, peso, idCidadeNasc) values (376, 'Nordtveit', '1986-05-15', 202, 70, 230);
insert into Pessoa (id, nome, dataNascimento, altura, peso, idCidadeNasc) values (377, 'Pugh', '1991-04-02', 192, 74, 132);
insert into Pessoa (id, nome, dataNascimento, altura, peso, idCidadeNasc) values (378, 'Surman', '1991-07-02', 175, 76, 204);
insert into Pessoa (id, nome, dataNascimento, altura, peso, idCidadeNasc) values (379, 'Schneiderlin', '1999-07-24', 183, 95, 131);
insert into Pessoa (id, nome, dataNascimento, altura, peso, idCidadeNasc) values (380, 'Mason', '1991-09-23', 177, 60, 143);
insert into Pessoa (id, nome, dataNascimento, altura, peso, idCidadeNasc) values (381, 'Elmohamady', '1989-10-06', 195, 87, 194);
insert into Pessoa (id, nome, dataNascimento, altura, peso, idCidadeNasc) values (382, 'Huddlestone', '1982-02-03', 167, 91, 31);
insert into Pessoa (id, nome, dataNascimento, altura, peso, idCidadeNasc) values (383, 'Clasie', '1997-04-03', 177, 92, 81);
insert into Pessoa (id, nome, dataNascimento, altura, peso, idCidadeNasc) values (384, 'Cork', '1995-07-25', 168, 88, 95);
insert into Pessoa (id, nome, dataNascimento, altura, peso, idCidadeNasc) values (385, 'Routledge', '1991-03-30', 163, 71, 235);
insert into Pessoa (id, nome, dataNascimento, altura, peso, idCidadeNasc) values (386, 'Doucouré', '1982-07-28', 209, 84, 135);
insert into Pessoa (id, nome, dataNascimento, altura, peso, idCidadeNasc) values (387, 'Morrison', '1999-04-15', 208, 86, 194);
insert into Pessoa (id, nome, dataNascimento, altura, peso, idCidadeNasc) values (388, 'Elneny', '1989-06-06', 167, 93, 82);
insert into Pessoa (id, nome, dataNascimento, altura, peso, idCidadeNasc) values (389, 'Reine-Adelaide', '1995-03-10', 192, 67, 53);
insert into Pessoa (id, nome, dataNascimento, altura, peso, idCidadeNasc) values (390, 'Maitland-Niles', '1987-06-01', 173, 81, 151);
insert into Pessoa (id, nome, dataNascimento, altura, peso, idCidadeNasc) values (391, 'Westwood', '1984-10-05', 150, 100, 123);
insert into Pessoa (id, nome, dataNascimento, altura, peso, idCidadeNasc) values (392, 'Chalobah', '1987-11-12', 200, 83, 185);
insert into Pessoa (id, nome, dataNascimento, altura, peso, idCidadeNasc) values (393, 'Phillips', '1985-09-14', 199, 68, 30);
insert into Pessoa (id, nome, dataNascimento, altura, peso, idCidadeNasc) values (394, 'Wan-Bissaka', '1985-12-16', 205, 86, 131);
insert into Pessoa (id, nome, dataNascimento, altura, peso, idCidadeNasc) values (395, 'Kaikai', '1997-10-22', 188, 75, 171);
insert into Pessoa (id, nome, dataNascimento, altura, peso, idCidadeNasc) values (396, 'Wilson', '1998-12-05', 160, 87, 226);
insert into Pessoa (id, nome, dataNascimento, altura, peso, idCidadeNasc) values (397, 'Forshaw', '1983-09-26', 177, 89, 222);
insert into Pessoa (id, nome, dataNascimento, altura, peso, idCidadeNasc) values (398, 'Oriol Romeu', '1997-04-21', 180, 76, 124);
insert into Pessoa (id, nome, dataNascimento, altura, peso, idCidadeNasc) values (399, 'Hesketh', '1993-05-22', 200, 84, 163);
insert into Pessoa (id, nome, dataNascimento, altura, peso, idCidadeNasc) values (400, 'Imbula', '1987-08-08', 195, 90, 143);
insert into Pessoa (id, nome, dataNascimento, altura, peso, idCidadeNasc) values (401, 'Verlinden', '1991-05-05', 161, 96, 80);
insert into Pessoa (id, nome, dataNascimento, altura, peso, idCidadeNasc) values (402, 'Honeyman', '1980-01-19', 205, 76, 125);
insert into Pessoa (id, nome, dataNascimento, altura, peso, idCidadeNasc) values (403, 'Ethan Robson', '1985-12-13', 153, 94, 43);
insert into Pessoa (id, nome, dataNascimento, altura, peso, idCidadeNasc) values (404, 'James', '1980-11-16', 165, 90, 104);
insert into Pessoa (id, nome, dataNascimento, altura, peso, idCidadeNasc) values (405, 'Winks', '1989-01-20', 162, 96, 84);
insert into Pessoa (id, nome, dataNascimento, altura, peso, idCidadeNasc) values (406, 'Stewart', '1995-07-21', 164, 80, 169);
insert into Pessoa (id, nome, dataNascimento, altura, peso, idCidadeNasc) values (407, 'Capoue', '1988-10-16', 201, 62, 123);
insert into Pessoa (id, nome, dataNascimento, altura, peso, idCidadeNasc) values (408, 'Behrami', '1983-09-11', 197, 73, 196);
insert into Pessoa (id, nome, dataNascimento, altura, peso, idCidadeNasc) values (409, 'Harper', '1987-11-07', 205, 86, 158);
insert into Pessoa (id, nome, dataNascimento, altura, peso, idCidadeNasc) values (410, 'Fletcher', '1988-06-17', 157, 68, 148);
insert into Pessoa (id, nome, dataNascimento, altura, peso, idCidadeNasc) values (411, 'Quina', '1986-10-18', 157, 63, 114);
insert into Pessoa (id, nome, dataNascimento, altura, peso, idCidadeNasc) values (412, 'Rice', '1988-10-29', 178, 78, 24);
insert into Pessoa (id, nome, dataNascimento, altura, peso, idCidadeNasc) values (413, 'Marney', '1992-03-01', 203, 80, 195);
insert into Pessoa (id, nome, dataNascimento, altura, peso, idCidadeNasc) values (414, 'Barton', '1991-09-20', 155, 69, 154);


insert into Pessoa (id, nome, dataNascimento, altura, peso, idCidadeNasc) values (415, 'Jürgen Klopp', '1970-10-29', 200, 74, 223);
insert into Pessoa (id, nome, dataNascimento, altura, peso, idCidadeNasc) values (416, 'Ronald Koeman', '1952-08-07', 208, 97, 118);
insert into Pessoa (id, nome, dataNascimento, altura, peso, idCidadeNasc) values (417, 'Slaven Bilic', '1951-01-01', 205, 87, 172);
insert into Pessoa (id, nome, dataNascimento, altura, peso, idCidadeNasc) values (418, 'Marco Silva', '1951-12-23', 155, 97, 119);
insert into Pessoa (id, nome, dataNascimento, altura, peso, idCidadeNasc) values (419, 'Claudio Ranieri', '1966-05-02', 171, 99, 239);
insert into Pessoa (id, nome, dataNascimento, altura, peso, idCidadeNasc) values (420, 'José Mourinho', '1975-03-24', 171, 74, 176);
insert into Pessoa (id, nome, dataNascimento, altura, peso, idCidadeNasc) values (421, 'Aitor Karanka', '1954-02-28', 207, 85, 238);
insert into Pessoa (id, nome, dataNascimento, altura, peso, idCidadeNasc) values (422, 'Sam Allardyce', '1965-08-20', 209, 60, 236);
insert into Pessoa (id, nome, dataNascimento, altura, peso, idCidadeNasc) values (423, 'Eddie Howe', '1976-07-24', 208, 72, 180);
insert into Pessoa (id, nome, dataNascimento, altura, peso, idCidadeNasc) values (424, 'Mark Hughes', '1962-10-08', 162, 78, 23);
insert into Pessoa (id, nome, dataNascimento, altura, peso, idCidadeNasc) values (425, 'David Moyes', '1975-04-03', 184, 60, 90);
insert into Pessoa (id, nome, dataNascimento, altura, peso, idCidadeNasc) values (426, 'Antonio Conte', '1978-05-25', 193, 74, 189);
insert into Pessoa (id, nome, dataNascimento, altura, peso, idCidadeNasc) values (427, 'Arsène Wenger', '1963-03-23', 179, 68, 123);
insert into Pessoa (id, nome, dataNascimento, altura, peso, idCidadeNasc) values (428, 'Josep Guardiola', '1952-10-27', 158, 76, 192);
insert into Pessoa (id, nome, dataNascimento, altura, peso, idCidadeNasc) values (429, 'Claude Puel', '1970-08-15', 169, 68, 31);
insert into Pessoa (id, nome, dataNascimento, altura, peso, idCidadeNasc) values (430, 'Sean Dyche', '1966-05-01', 177, 72, 242);
insert into Pessoa (id, nome, dataNascimento, altura, peso, idCidadeNasc) values (431, 'Tony Pulis', '1964-03-14', 166, 89, 144);
insert into Pessoa (id, nome, dataNascimento, altura, peso, idCidadeNasc) values (432, 'Mauricio Pochettino', '1964-09-17', 205, 83, 186);


insert into Pessoa (id, nome, dataNascimento, altura, peso, idCidadeNasc) values (433, 'Arthur Morrison', '1971-06-24', 150, 104, 79);
insert into Pessoa (id, nome, dataNascimento, altura, peso, idCidadeNasc) values (434, 'Jeffrey Howell', '1964-12-06', 159, 78, 200);
insert into Pessoa (id, nome, dataNascimento, altura, peso, idCidadeNasc) values (435, 'Evelyn Bennett', '1952-05-26', 195, 64, 238);
insert into Pessoa (id, nome, dataNascimento, altura, peso, idCidadeNasc) values (436, 'Jeremy Fuller', '1967-10-04', 195, 83, 19);
insert into Pessoa (id, nome, dataNascimento, altura, peso, idCidadeNasc) values (437, 'Anna Armstrong', '1952-02-21', 179, 108, 218);
insert into Pessoa (id, nome, dataNascimento, altura, peso, idCidadeNasc) values (438, 'Margaret Montgomery', '1952-07-21', 156, 93, 22);
insert into Pessoa (id, nome, dataNascimento, altura, peso, idCidadeNasc) values (439, 'Julie Dunn', '1949-01-25', 169, 97, 235);
insert into Pessoa (id, nome, dataNascimento, altura, peso, idCidadeNasc) values (440, 'Paul Griffin', '1950-09-26', 188, 87, 79);
insert into Pessoa (id, nome, dataNascimento, altura, peso, idCidadeNasc) values (441, 'Carol Gordon', '1964-10-06', 191, 60, 132);
insert into Pessoa (id, nome, dataNascimento, altura, peso, idCidadeNasc) values (442, 'Catherine Burke', '1963-01-08', 170, 68, 197);
insert into Pessoa (id, nome, dataNascimento, altura, peso, idCidadeNasc) values (443, 'Thomas Mcdonald', '1964-05-10', 185, 104, 229);
insert into Pessoa (id, nome, dataNascimento, altura, peso, idCidadeNasc) values (444, 'Catherine Ruiz', '1958-05-11', 166, 95, 65);
insert into Pessoa (id, nome, dataNascimento, altura, peso, idCidadeNasc) values (445, 'Todd Banks', '1961-10-13', 179, 69, 108);
insert into Pessoa (id, nome, dataNascimento, altura, peso, idCidadeNasc) values (446, 'Kenneth Allen', '1967-10-26', 188, 73, 34);
insert into Pessoa (id, nome, dataNascimento, altura, peso, idCidadeNasc) values (447, 'Brandon Larson', '1966-01-11', 181, 78, 204);
insert into Pessoa (id, nome, dataNascimento, altura, peso, idCidadeNasc) values (448, 'Bobby Palmer', '1965-04-28', 181, 98, 139);
insert into Pessoa (id, nome, dataNascimento, altura, peso, idCidadeNasc) values (449, 'Doris Harrison', '1946-08-22', 168, 82, 177);
insert into Pessoa (id, nome, dataNascimento, altura, peso, idCidadeNasc) values (450, 'Douglas Moore', '1959-12-31', 182, 71, 180);
insert into Pessoa (id, nome, dataNascimento, altura, peso, idCidadeNasc) values (451, 'Julie Peterson', '1965-05-20', 150, 86, 111);
insert into Pessoa (id, nome, dataNascimento, altura, peso, idCidadeNasc) values (452, 'Gregory Palmer', '1959-05-09', 163, 91, 54);
insert into Pessoa (id, nome, dataNascimento, altura, peso, idCidadeNasc) values (453, 'Ruth Perry', '1945-09-10', 173, 108, 10);
insert into Pessoa (id, nome, dataNascimento, altura, peso, idCidadeNasc) values (454, 'Christina Franklin', '1966-03-04', 167, 100, 13);
insert into Pessoa (id, nome, dataNascimento, altura, peso, idCidadeNasc) values (455, 'Juan Washington', '1961-08-29', 170, 74, 165);
insert into Pessoa (id, nome, dataNascimento, altura, peso, idCidadeNasc) values (456, 'Carlos Hawkins', '1955-12-22', 183, 75, 15);
insert into Pessoa (id, nome, dataNascimento, altura, peso, idCidadeNasc) values (457, 'Willie Thompson', '1972-03-20', 173, 85, 150);
insert into Pessoa (id, nome, dataNascimento, altura, peso, idCidadeNasc) values (458, 'Virginia Ford', '1966-05-05', 156, 83, 62);
insert into Pessoa (id, nome, dataNascimento, altura, peso, idCidadeNasc) values (459, 'Wayne Miller', '1955-02-22', 194, 92, 5);
insert into Pessoa (id, nome, dataNascimento, altura, peso, idCidadeNasc) values (460, 'Sean Burton', '1967-07-02', 177, 61, 149);
insert into Pessoa (id, nome, dataNascimento, altura, peso, idCidadeNasc) values (461, 'Jacqueline James', '1969-07-03', 159, 96, 119);
insert into Pessoa (id, nome, dataNascimento, altura, peso, idCidadeNasc) values (462, 'Walter Myers', '1959-09-27', 161, 69, 199);
insert into Pessoa (id, nome, dataNascimento, altura, peso, idCidadeNasc) values (463, 'Peter Mason', '1951-08-18', 194, 100, 32);
insert into Pessoa (id, nome, dataNascimento, altura, peso, idCidadeNasc) values (464, 'Timothy Johnson', '1971-01-11', 171, 92, 58);
insert into Pessoa (id, nome, dataNascimento, altura, peso, idCidadeNasc) values (465, 'Julie Ellis', '1947-04-09', 194, 83, 9);
insert into Pessoa (id, nome, dataNascimento, altura, peso, idCidadeNasc) values (466, 'Peter Graham', '1953-04-27', 155, 110, 142);
insert into Pessoa (id, nome, dataNascimento, altura, peso, idCidadeNasc) values (467, 'David Butler', '1950-06-05', 187, 67, 221);
insert into Pessoa (id, nome, dataNascimento, altura, peso, idCidadeNasc) values (468, 'Patricia Shaw', '1971-06-21', 174, 104, 84);
insert into Pessoa (id, nome, dataNascimento, altura, peso, idCidadeNasc) values (469, 'Irene Richards', '1953-02-08', 195, 72, 196);
insert into Pessoa (id, nome, dataNascimento, altura, peso, idCidadeNasc) values (470, 'Kelly Bailey', '1959-08-13', 152, 105, 9);
insert into Pessoa (id, nome, dataNascimento, altura, peso, idCidadeNasc) values (471, 'Annie Knight', '1966-06-26', 197, 84, 216);
insert into Pessoa (id, nome, dataNascimento, altura, peso, idCidadeNasc) values (472, 'Gerald Turner', '1974-02-17', 154, 71, 203);
insert into Pessoa (id, nome, dataNascimento, altura, peso, idCidadeNasc) values (473, 'John Thompson', '1963-04-15', 185, 77, 199);
insert into Pessoa (id, nome, dataNascimento, altura, peso, idCidadeNasc) values (474, 'Jeremy Ruiz', '1958-04-04', 187, 98, 184);
insert into Pessoa (id, nome, dataNascimento, altura, peso, idCidadeNasc) values (475, 'Jerry Robertson', '1948-09-27', 191, 108, 44);
insert into Pessoa (id, nome, dataNascimento, altura, peso, idCidadeNasc) values (476, 'Fred Lee', '1951-07-05', 190, 78, 168);
insert into Pessoa (id, nome, dataNascimento, altura, peso, idCidadeNasc) values (477, 'Angela Ramirez', '1964-07-04', 170, 82, 126);
insert into Pessoa (id, nome, dataNascimento, altura, peso, idCidadeNasc) values (478, 'Lawrence Walker', '1959-03-25', 165, 85, 220);
insert into Pessoa (id, nome, dataNascimento, altura, peso, idCidadeNasc) values (479, 'Michael Kelly', '1954-05-19', 153, 86, 89);
insert into Pessoa (id, nome, dataNascimento, altura, peso, idCidadeNasc) values (480, 'Jason Campbell', '1974-08-09', 191, 69, 170);
insert into Pessoa (id, nome, dataNascimento, altura, peso, idCidadeNasc) values (481, 'Raymond Shaw', '1972-09-01', 160, 78, 242);
insert into Pessoa (id, nome, dataNascimento, altura, peso, idCidadeNasc) values (482, 'Paul Arnold', '1959-03-31', 168, 79, 214);
insert into Pessoa (id, nome, dataNascimento, altura, peso, idCidadeNasc) values (483, 'Andrea Castillo', '1967-03-10', 154, 76, 193);
insert into Pessoa (id, nome, dataNascimento, altura, peso, idCidadeNasc) values (484, 'William Miller', '1974-10-14', 173, 102, 19);
insert into Pessoa (id, nome, dataNascimento, altura, peso, idCidadeNasc) values (485, 'Sara Mills', '1962-04-18', 177, 106, 160);
insert into Pessoa (id, nome, dataNascimento, altura, peso, idCidadeNasc) values (486, 'Julia Simpson', '1967-06-04', 178, 78, 188);
insert into Pessoa (id, nome, dataNascimento, altura, peso, idCidadeNasc) values (487, 'Amanda Marshall', '1960-11-04', 175, 93, 185);
insert into Pessoa (id, nome, dataNascimento, altura, peso, idCidadeNasc) values (488, 'Karen Mitchell', '1954-07-29', 183, 79, 6);
insert into Pessoa (id, nome, dataNascimento, altura, peso, idCidadeNasc) values (489, 'Antonio Cox', '1962-07-24', 158, 94, 8);
insert into Pessoa (id, nome, dataNascimento, altura, peso, idCidadeNasc) values (490, 'Phyllis Carr', '1964-02-12', 150, 88, 180);
insert into Pessoa (id, nome, dataNascimento, altura, peso, idCidadeNasc) values (491, 'Fred Gardner', '1951-09-16', 196, 105, 199);
insert into Pessoa (id, nome, dataNascimento, altura, peso, idCidadeNasc) values (492, 'Gary Hunter', '1949-05-14', 162, 99, 20);
insert into Pessoa (id, nome, dataNascimento, altura, peso, idCidadeNasc) values (493, 'Bobby Howell', '1955-01-21', 174, 107, 209);
insert into Pessoa (id, nome, dataNascimento, altura, peso, idCidadeNasc) values (494, 'Russell Baker', '1964-11-04', 176, 75, 143);
insert into Pessoa (id, nome, dataNascimento, altura, peso, idCidadeNasc) values (495, 'Doris Carroll', '1955-10-06', 188, 101, 164);
insert into Pessoa (id, nome, dataNascimento, altura, peso, idCidadeNasc) values (496, 'David Berry', '1974-09-14', 182, 87, 202);
insert into Pessoa (id, nome, dataNascimento, altura, peso, idCidadeNasc) values (497, 'Raymond Scott', '1966-03-25', 183, 83, 150);
insert into Pessoa (id, nome, dataNascimento, altura, peso, idCidadeNasc) values (498, 'Katherine Black', '1957-02-02', 186, 108, 244);
insert into Pessoa (id, nome, dataNascimento, altura, peso, idCidadeNasc) values (499, 'Dennis Fowler', '1949-01-02', 157, 63, 31);
insert into Pessoa (id, nome, dataNascimento, altura, peso, idCidadeNasc) values (500, 'Anthony Simpson', '1953-02-27', 189, 72, 135);
insert into Pessoa (id, nome, dataNascimento, altura, peso, idCidadeNasc) values (501, 'Anna Bradley', '1952-02-14', 163, 88, 143);
insert into Pessoa (id, nome, dataNascimento, altura, peso, idCidadeNasc) values (502, 'Michael Morgan', '1951-08-15', 198, 94, 115);
insert into Pessoa (id, nome, dataNascimento, altura, peso, idCidadeNasc) values (503, 'Jacqueline Kelly', '1956-04-07', 198, 97, 23);
insert into Pessoa (id, nome, dataNascimento, altura, peso, idCidadeNasc) values (504, 'Julie Wood', '1967-07-22', 186, 106, 169);
insert into Pessoa (id, nome, dataNascimento, altura, peso, idCidadeNasc) values (505, 'Justin Stone', '1947-12-19', 173, 72, 93);
insert into Pessoa (id, nome, dataNascimento, altura, peso, idCidadeNasc) values (506, 'Deborah Grant', '1964-10-09', 152, 91, 121);
insert into Pessoa (id, nome, dataNascimento, altura, peso, idCidadeNasc) values (507, 'Phyllis Cunningham', '1964-02-26', 184, 88, 223);
insert into Pessoa (id, nome, dataNascimento, altura, peso, idCidadeNasc) values (508, 'Gregory Fowler', '1964-05-27', 189, 78, 176);
insert into Pessoa (id, nome, dataNascimento, altura, peso, idCidadeNasc) values (509, 'Denise Carr', '1949-08-13', 154, 108, 12);
insert into Pessoa (id, nome, dataNascimento, altura, peso, idCidadeNasc) values (510, 'Juan Stanley', '1961-04-16', 162, 74, 90);
insert into Pessoa (id, nome, dataNascimento, altura, peso, idCidadeNasc) values (511, 'John Larson', '1973-10-02', 162, 92, 170);
insert into Pessoa (id, nome, dataNascimento, altura, peso, idCidadeNasc) values (512, 'Marilyn Garza', '1971-08-28', 175, 88, 143);
insert into Pessoa (id, nome, dataNascimento, altura, peso, idCidadeNasc) values (513, 'Gerald Dunn', '1968-11-02', 160, 102, 68);
insert into Pessoa (id, nome, dataNascimento, altura, peso, idCidadeNasc) values (514, 'Jack Bishop', '1970-08-22', 192, 88, 159);
insert into Pessoa (id, nome, dataNascimento, altura, peso, idCidadeNasc) values (515, 'Amy Palmer', '1961-11-13', 179, 63, 44);
insert into Pessoa (id, nome, dataNascimento, altura, peso, idCidadeNasc) values (516, 'Gregory Collins', '1960-04-08', 155, 89, 46);
insert into Pessoa (id, nome, dataNascimento, altura, peso, idCidadeNasc) values (517, 'Sandra Reed', '1957-05-07', 191, 70, 216);
insert into Pessoa (id, nome, dataNascimento, altura, peso, idCidadeNasc) values (518, 'Janet Welch', '1961-03-03', 157, 68, 54);
insert into Pessoa (id, nome, dataNascimento, altura, peso, idCidadeNasc) values (519, 'Judy Hart', '1954-06-04', 191, 109, 239);
insert into Pessoa (id, nome, dataNascimento, altura, peso, idCidadeNasc) values (520, 'Tammy Clark', '1964-03-11', 178, 109, 54);
insert into Pessoa (id, nome, dataNascimento, altura, peso, idCidadeNasc) values (521, 'Eric Hawkins', '1958-08-23', 164, 98, 182);
insert into Pessoa (id, nome, dataNascimento, altura, peso, idCidadeNasc) values (522, 'Helen Mccoy', '1964-12-09', 190, 84, 34);
insert into Pessoa (id, nome, dataNascimento, altura, peso, idCidadeNasc) values (523, 'Mary Ford', '1964-10-25', 188, 97, 200);
insert into Pessoa (id, nome, dataNascimento, altura, peso, idCidadeNasc) values (524, 'Christina Perry', '1973-08-05', 152, 85, 83);
insert into Pessoa (id, nome, dataNascimento, altura, peso, idCidadeNasc) values (525, 'Jean Jordan', '1956-08-18', 186, 88, 177);
insert into Pessoa (id, nome, dataNascimento, altura, peso, idCidadeNasc) values (526, 'Ralph Scott', '1973-02-05', 157, 102, 83);
insert into Pessoa (id, nome, dataNascimento, altura, peso, idCidadeNasc) values (527, 'Carolyn Stewart', '1945-02-15', 193, 64, 119);
insert into Pessoa (id, nome, dataNascimento, altura, peso, idCidadeNasc) values (528, 'Rebecca Kennedy', '1949-07-31', 196, 104, 21);
insert into Pessoa (id, nome, dataNascimento, altura, peso, idCidadeNasc) values (529, 'Joseph Watson', '1951-10-21', 172, 79, 20);
insert into Pessoa (id, nome, dataNascimento, altura, peso, idCidadeNasc) values (530, 'Jack Spencer', '1960-02-28', 165, 98, 87);
insert into Pessoa (id, nome, dataNascimento, altura, peso, idCidadeNasc) values (531, 'Rachel Black', '1972-03-20', 156, 104, 66);
insert into Pessoa (id, nome, dataNascimento, altura, peso, idCidadeNasc) values (532, 'Joyce Hicks', '1948-10-22', 163, 65, 19);
insert into Pessoa (id, nome, dataNascimento, altura, peso, idCidadeNasc) values (533, 'Walter Lawrence', '1955-06-02', 174, 103, 190);
insert into Pessoa (id, nome, dataNascimento, altura, peso, idCidadeNasc) values (534, 'Brandon Holmes', '1969-11-22', 188, 62, 184);
insert into Pessoa (id, nome, dataNascimento, altura, peso, idCidadeNasc) values (535, 'Ernest Moore', '1957-08-27', 154, 100, 234);
insert into Pessoa (id, nome, dataNascimento, altura, peso, idCidadeNasc) values (536, 'Stephanie Garrett', '1960-02-11', 163, 98, 125);
insert into Pessoa (id, nome, dataNascimento, altura, peso, idCidadeNasc) values (537, 'Sharon Moreno', '1963-07-13', 187, 62, 161);
insert into Pessoa (id, nome, dataNascimento, altura, peso, idCidadeNasc) values (538, 'Ryan Rose', '1954-06-01', 162, 68, 120);
insert into Pessoa (id, nome, dataNascimento, altura, peso, idCidadeNasc) values (539, 'Stephen Barnes', '1965-03-15', 152, 70, 52);
insert into Pessoa (id, nome, dataNascimento, altura, peso, idCidadeNasc) values (540, 'Catherine Ramos', '1971-10-25', 167, 97, 143);


insert into Pessoa (id, nome, dataNascimento, altura, peso, idCidadeNasc) values (541, 'Pedro Proença', '1963-11-06', 173, 65, 155);
insert into Pessoa (id, nome, dataNascimento, altura, peso, idCidadeNasc) values (542, 'Carlos Xistra', '1965-05-05', 190, 92, 23);
insert into Pessoa (id, nome, dataNascimento, altura, peso, idCidadeNasc) values (543, 'Mark Clattenburg', '1971-10-13', 188, 96, 83);
insert into Pessoa (id, nome, dataNascimento, altura, peso, idCidadeNasc) values (544, 'Pierluigi Collina', '1967-12-07', 191, 87, 177);
insert into Pessoa (id, nome, dataNascimento, altura, peso, idCidadeNasc) values (545, 'Felix Brych', '1968-05-27', 160, 93, 208);
insert into Pessoa (id, nome, dataNascimento, altura, peso, idCidadeNasc) values (546, 'Nicola Rizzoli', '966-11-10', 176, 85, 16);
insert into Pessoa (id, nome, dataNascimento, altura, peso, idCidadeNasc) values (547, 'Howard Webb', '1978-12-17', 189, 61, 75);
insert into Pessoa (id, nome, dataNascimento, altura, peso, idCidadeNasc) values (548, 'Anthony Taylor', '1964-02-25', 200, 86, 43);
insert into Pessoa (id, nome, dataNascimento, altura, peso, idCidadeNasc) values (549, 'Artur Soares Dias', '1984-04-06', 157, 64, 14);


--Estadio
insert into Estadio (id, nome, dataAbertura, morada, lotacao,idCidade) values (1, 'Anfield Road', '1892', 'Liverpool', 45276,246);
insert into Estadio (id, nome, dataAbertura, morada, lotacao,idCidade) values (2, 'Britannia Stadium', '1997', 'Stoke', 27740,247);
insert into Estadio (id, nome, dataAbertura, morada, lotacao,idCidade) values (3, 'Goodison Park', '1892', 'Liverpool', 40157,246);
insert into Estadio (id, nome, dataAbertura, morada, lotacao,idCidade) values (4, 'KC Stadium', '2002', 'Hull', 25586,248);
insert into Estadio (id, nome, dataAbertura, morada, lotacao,idCidade) values (5, 'King Power Stadium', '2002', 'Leicester', 32262,249);
insert into Estadio (id, nome, dataAbertura, morada, lotacao,idCidade) values (6, 'Old Trafford', '1910', 'Manchester', 75731,250);
insert into Estadio (id, nome, dataAbertura, morada, lotacao,idCidade) values (7, 'Olympic Stadium London', '2011', 'London', 60000,183);
insert into Estadio (id, nome, dataAbertura, morada, lotacao,idCidade) values (8, 'Riverside Stadium', '1995', 'Middlesbrough', 34742,251);
insert into Estadio (id, nome, dataAbertura, morada, lotacao,idCidade) values (9, 'Selhurst Park', '1924', 'London', 26309,183);
insert into Estadio (id, nome, dataAbertura, morada, lotacao,idCidade) values (10, 'St Mary''s Stadium', '2001', 'Southampton', 32363,252);
insert into Estadio (id, nome, dataAbertura, morada, lotacao,idCidade) values (11, 'Stadium of Light', '1997', 'Sunderland', 49000,253);
insert into Estadio (id, nome, dataAbertura, morada, lotacao,idCidade) values (12, 'Stamford Bridge', '1876', 'London', 41837,183);
insert into Estadio (id, nome, dataAbertura, morada, lotacao,idCidade) values (13, 'The Emirates', '2006', 'London', 60338,183);
insert into Estadio (id, nome, dataAbertura, morada, lotacao,idCidade) values (14, 'The Etihad', '2003', 'Manchester', 47805,250);
insert into Estadio (id, nome, dataAbertura, morada, lotacao,idCidade) values (15, 'The Hawthorns', '1900', 'West Bromwich', 27000,254);
insert into Estadio (id, nome, dataAbertura, morada, lotacao,idCidade) values (16, 'Turf Moor', '1883', 'Burnley', 21940,255);
insert into Estadio (id, nome, dataAbertura, morada, lotacao,idCidade) values (17, 'Vitality Stadium', '1910', 'Bournemouth', 12000,256);
insert into Estadio (id, nome, dataAbertura, morada, lotacao,idCidade) values (18, 'White Hart Lane', '1899', 'London', 36230,183);



--Equipa
insert into Equipa (id, nome, dataFundacao, idEstadio) values (1, 'Liverpool', 1901, 1);
insert into Equipa (id, nome, dataFundacao, idEstadio) values (2, 'Stoke', 1891, 2);
insert into Equipa (id, nome, dataFundacao, idEstadio) values (3, 'Everton', 1895, 3);
insert into Equipa (id, nome, dataFundacao, idEstadio) values (4, 'Hull City', 1935, 4);
insert into Equipa (id, nome, dataFundacao, idEstadio) values (5, 'Leicester City', 1928, 5);
insert into Equipa (id, nome, dataFundacao, idEstadio) values (6, 'Man Utd', 1920, 6);
insert into Equipa (id, nome, dataFundacao, idEstadio) values (7, 'West Ham United', 1930, 7);
insert into Equipa (id, nome, dataFundacao, idEstadio) values (8, 'Middlesbrough', 1931, 8);
insert into Equipa (id, nome, dataFundacao, idEstadio) values (9, 'Crystal Palace', 1911, 9);
insert into Equipa (id, nome, dataFundacao, idEstadio) values (10, 'Southampton', 1893, 10);
insert into Equipa (id, nome, dataFundacao, idEstadio) values (11, 'Sunderland', 1890, 11);
insert into Equipa (id, nome, dataFundacao, idEstadio) values (12, 'Chelsea', 1931, 12);
insert into Equipa (id, nome, dataFundacao, idEstadio) values (13, 'Arsenal', 1935, 13);
insert into Equipa (id, nome, dataFundacao, idEstadio) values (14, 'Man City', 1904, 14);
insert into Equipa (id, nome, dataFundacao, idEstadio) values (15, 'West Brom', 1919, 15);
insert into Equipa (id, nome, dataFundacao, idEstadio) values (16, 'Burnley', 1932, 16);
insert into Equipa (id, nome, dataFundacao, idEstadio) values (17, 'Bournemouth', 1916, 17);
insert into Equipa (id, nome, dataFundacao, idEstadio) values (18, 'Tottenham', 1924, 18);

--Participou
insert into Participou (idEquipa, idEpoca, classificacao) values (1, 1, 1);
insert into Participou (idEquipa, idEpoca, classificacao) values (2, 1, 13);
insert into Participou (idEquipa, idEpoca, classificacao) values (3, 1, 12);
insert into Participou (idEquipa, idEpoca, classificacao) values (4, 1, 14);
insert into Participou (idEquipa, idEpoca, classificacao) values (5, 1, 5);
insert into Participou (idEquipa, idEpoca, classificacao) values (6, 1, 6);
insert into Participou (idEquipa, idEpoca, classificacao) values (7, 1, 7);
insert into Participou (idEquipa, idEpoca, classificacao) values (8, 1, 18);
insert into Participou (idEquipa, idEpoca, classificacao) values (9, 1, 9);
insert into Participou (idEquipa, idEpoca, classificacao) values (10, 1, 10);
insert into Participou (idEquipa, idEpoca, classificacao) values (11, 1, 11);
insert into Participou (idEquipa, idEpoca, classificacao) values (12, 1, 2);
insert into Participou (idEquipa, idEpoca, classificacao) values (13, 1, 4);
insert into Participou (idEquipa, idEpoca, classificacao) values (14, 1, 3);
insert into Participou (idEquipa, idEpoca, classificacao) values (15, 1, 15);
insert into Participou (idEquipa, idEpoca, classificacao) values (16, 1, 16);
insert into Participou (idEquipa, idEpoca, classificacao) values (17, 1, 17);
insert into Participou (idEquipa, idEpoca, classificacao) values (18, 1, 8);



--Equipamento
insert into Equipamento (id, corCamisola, corCalcoes, idEquipa, idEpoca) values (1, 'Preto', 'Azul', 1, 1);
insert into Equipamento (id, corCamisola, corCalcoes, idEquipa, idEpoca) values (2, 'Vermelho', 'Preto', 2, 1);
insert into Equipamento (id, corCamisola, corCalcoes, idEquipa, idEpoca) values (3, 'Preto', 'Violeta', 3, 1);
insert into Equipamento (id, corCamisola, corCalcoes, idEquipa, idEpoca) values (4, 'Preto', 'Amarelo', 4, 1);
insert into Equipamento (id, corCamisola, corCalcoes, idEquipa, idEpoca) values (5, 'Violeta', 'Preto', 5, 1);
insert into Equipamento (id, corCamisola, corCalcoes, idEquipa, idEpoca) values (6, 'Preto', 'Cor-de-Rosa', 6, 1);
insert into Equipamento (id, corCamisola, corCalcoes, idEquipa, idEpoca) values (7, 'Vermelho', 'Verde', 7, 1);
insert into Equipamento (id, corCamisola, corCalcoes, idEquipa, idEpoca) values (8, 'Verde', 'Preto', 8, 1);
insert into Equipamento (id, corCamisola, corCalcoes, idEquipa, idEpoca) values (9, 'Preto', 'Branco', 9, 1);
insert into Equipamento (id, corCamisola, corCalcoes, idEquipa, idEpoca) values (10, 'Preto', 'Cor-de-Rosa', 10, 1);
insert into Equipamento (id, corCamisola, corCalcoes, idEquipa, idEpoca) values (11, 'Violeta', 'Preto', 11, 1);
insert into Equipamento (id, corCamisola, corCalcoes, idEquipa, idEpoca) values (12, 'Preto', 'Preto', 12, 1);
insert into Equipamento (id, corCamisola, corCalcoes, idEquipa, idEpoca) values (13, 'Violeta', 'Violeta', 13, 1);
insert into Equipamento (id, corCamisola, corCalcoes, idEquipa, idEpoca) values (14, 'Preto', 'Azul', 14, 1);
insert into Equipamento (id, corCamisola, corCalcoes, idEquipa, idEpoca) values (15, 'Preto', 'Violeta', 15, 1);
insert into Equipamento (id, corCamisola, corCalcoes, idEquipa, idEpoca) values (16, 'Branco', 'Preto', 16, 1);
insert into Equipamento (id, corCamisola, corCalcoes, idEquipa, idEpoca) values (17, 'Cor-de-Rosa', 'Violeta', 17, 1);
insert into Equipamento (id, corCamisola, corCalcoes, idEquipa, idEpoca) values (18, 'Violeta', 'Preto', 18, 1);


--Arbitro
insert into Arbitro (idPessoa) values (541);
insert into Arbitro (idPessoa) values (542);
insert into Arbitro (idPessoa) values (543);
insert into Arbitro (idPessoa) values (544);
insert into Arbitro (idPessoa) values (545);
insert into Arbitro (idPessoa) values (546);
insert into Arbitro (idPessoa) values (547);
insert into Arbitro (idPessoa) values (548);
insert into Arbitro (idPessoa) values (549);


--Jogo
insert into Jogo (id, data, golosCasa, golosFora, idEquipaCasa, idEquipaFora, idEstadio, idArbitro, idJornada) values (1, '2016-08-13', 4, 4, 12, 4, 12,541,1);
insert into Jogo (id, data, golosCasa, golosFora, idEquipaCasa, idEquipaFora, idEstadio, idArbitro, idJornada) values (2, '2016-08-13', 0, 3, 11, 10, 11,542,1);
insert into Jogo (id, data, golosCasa, golosFora, idEquipaCasa, idEquipaFora, idEstadio, idArbitro, idJornada) values (3, '2016-08-14', 1, 4, 9, 13, 9,543,1);
insert into Jogo (id, data, golosCasa, golosFora, idEquipaCasa, idEquipaFora, idEstadio, idArbitro, idJornada) values (4, '2016-08-14', 4, 1, 18, 1, 18,544,1);
insert into Jogo (id, data, golosCasa, golosFora, idEquipaCasa, idEquipaFora, idEstadio, idArbitro, idJornada) values (5, '2016-08-14', 1, 3, 16, 17, 16,545,1);
insert into Jogo (id, data, golosCasa, golosFora, idEquipaCasa, idEquipaFora, idEstadio, idArbitro, idJornada) values (6, '2016-08-14', 0, 0, 8, 7, 8,546,1);
insert into Jogo (id, data, golosCasa, golosFora, idEquipaCasa, idEquipaFora, idEstadio, idArbitro, idJornada) values (7, '2016-08-15', 2, 1, 5, 15, 5,547,1);
insert into Jogo (id, data, golosCasa, golosFora, idEquipaCasa, idEquipaFora, idEstadio, idArbitro, idJornada) values (8, '2016-08-15', 1, 3, 6, 3, 6,548,1);
insert into Jogo (id, data, golosCasa, golosFora, idEquipaCasa, idEquipaFora, idEstadio, idArbitro, idJornada) values (9, '2016-08-15', 1, 1, 14, 2, 14,549,1);



--Contrato
insert into Contrato (id, dataInicio, dataFim) values (1, '2016-08-13', '2017-04-03');
insert into Contrato (id, dataInicio, dataFim) values (2, '2016-08-13', '2017-04-03');
insert into Contrato (id, dataInicio, dataFim) values (3, '2016-08-13', '2017-04-03');
insert into Contrato (id, dataInicio, dataFim) values (4, '2016-08-13', '2017-04-03');
insert into Contrato (id, dataInicio, dataFim) values (5, '2016-08-13', '2017-04-03');
insert into Contrato (id, dataInicio, dataFim) values (6, '2016-08-13', '2017-04-03');
insert into Contrato (id, dataInicio, dataFim) values (7, '2016-08-13', '2017-04-03');
insert into Contrato (id, dataInicio, dataFim) values (8, '2016-08-13', '2017-04-03');
insert into Contrato (id, dataInicio, dataFim) values (9, '2016-08-13', '2017-04-03');
insert into Contrato (id, dataInicio, dataFim) values (10, '2016-08-13', '2017-04-03');
insert into Contrato (id, dataInicio, dataFim) values (11, '2016-08-13', '2017-04-03');
insert into Contrato (id, dataInicio, dataFim) values (12, '2016-08-13', '2017-04-03');
insert into Contrato (id, dataInicio, dataFim) values (13, '2016-08-13', '2017-04-03');
insert into Contrato (id, dataInicio, dataFim) values (14, '2016-08-13', '2017-04-03');
insert into Contrato (id, dataInicio, dataFim) values (15, '2016-08-13', '2017-04-03');
insert into Contrato (id, dataInicio, dataFim) values (16, '2016-08-13', '2017-04-03');
insert into Contrato (id, dataInicio, dataFim) values (17, '2016-08-13', '2017-04-03');
insert into Contrato (id, dataInicio, dataFim) values (18, '2016-08-13', '2017-04-03');
insert into Contrato (id, dataInicio, dataFim) values (19, '2016-08-13', '2017-04-03');
insert into Contrato (id, dataInicio, dataFim) values (20, '2016-08-13', '2017-04-03');
insert into Contrato (id, dataInicio, dataFim) values (21, '2016-08-13', '2017-04-03');
insert into Contrato (id, dataInicio, dataFim) values (22, '2016-08-13', '2017-04-03');
insert into Contrato (id, dataInicio, dataFim) values (23, '2016-08-13', '2017-04-03');
insert into Contrato (id, dataInicio, dataFim) values (24, '2016-08-13', '2017-04-03');
insert into Contrato (id, dataInicio, dataFim) values (25, '2016-08-13', '2017-04-03');
insert into Contrato (id, dataInicio, dataFim) values (26, '2016-08-13', '2017-04-03');
insert into Contrato (id, dataInicio, dataFim) values (27, '2016-08-13', '2017-04-03');
insert into Contrato (id, dataInicio, dataFim) values (28, '2016-08-13', '2017-04-03');
insert into Contrato (id, dataInicio, dataFim) values (29, '2016-08-13', '2017-04-03');
insert into Contrato (id, dataInicio, dataFim) values (30, '2016-08-13', '2017-04-03');
insert into Contrato (id, dataInicio, dataFim) values (31, '2016-08-13', '2017-04-03');
insert into Contrato (id, dataInicio, dataFim) values (32, '2016-08-13', '2017-04-03');
insert into Contrato (id, dataInicio, dataFim) values (33, '2016-08-13', '2017-04-03');
insert into Contrato (id, dataInicio, dataFim) values (34, '2016-08-13', '2017-04-03');
insert into Contrato (id, dataInicio, dataFim) values (35, '2016-08-13', '2017-04-03');
insert into Contrato (id, dataInicio, dataFim) values (36, '2016-08-13', '2017-04-03');
insert into Contrato (id, dataInicio, dataFim) values (37, '2016-08-13', '2017-04-03');
insert into Contrato (id, dataInicio, dataFim) values (38, '2016-08-13', '2017-04-03');
insert into Contrato (id, dataInicio, dataFim) values (39, '2016-08-13', '2017-04-03');
insert into Contrato (id, dataInicio, dataFim) values (40, '2016-08-13', '2017-04-03');
insert into Contrato (id, dataInicio, dataFim) values (41, '2016-08-13', '2017-04-03');
insert into Contrato (id, dataInicio, dataFim) values (42, '2016-08-13', '2017-04-03');
insert into Contrato (id, dataInicio, dataFim) values (43, '2016-08-13', '2017-04-03');
insert into Contrato (id, dataInicio, dataFim) values (44, '2016-08-13', '2017-04-03');
insert into Contrato (id, dataInicio, dataFim) values (45, '2016-08-13', '2017-04-03');
insert into Contrato (id, dataInicio, dataFim) values (46, '2016-08-13', '2017-04-03');
insert into Contrato (id, dataInicio, dataFim) values (47, '2016-08-13', '2017-04-03');
insert into Contrato (id, dataInicio, dataFim) values (48, '2016-08-13', '2017-04-03');
insert into Contrato (id, dataInicio, dataFim) values (49, '2016-08-13', '2017-04-03');
insert into Contrato (id, dataInicio, dataFim) values (50, '2016-08-13', '2017-04-03');
insert into Contrato (id, dataInicio, dataFim) values (51, '2016-08-13', '2017-04-03');
insert into Contrato (id, dataInicio, dataFim) values (52, '2016-08-13', '2017-04-03');
insert into Contrato (id, dataInicio, dataFim) values (53, '2016-08-13', '2017-04-03');
insert into Contrato (id, dataInicio, dataFim) values (54, '2016-08-13', '2017-04-03');
insert into Contrato (id, dataInicio, dataFim) values (55, '2016-08-13', '2017-04-03');
insert into Contrato (id, dataInicio, dataFim) values (56, '2016-08-13', '2017-04-03');
insert into Contrato (id, dataInicio, dataFim) values (57, '2016-08-13', '2017-04-03');
insert into Contrato (id, dataInicio, dataFim) values (58, '2016-08-13', '2017-04-03');
insert into Contrato (id, dataInicio, dataFim) values (59, '2016-08-13', '2017-04-03');
insert into Contrato (id, dataInicio, dataFim) values (60, '2016-08-13', '2017-04-03');
insert into Contrato (id, dataInicio, dataFim) values (61, '2016-08-13', '2017-04-03');
insert into Contrato (id, dataInicio, dataFim) values (62, '2016-08-13', '2017-04-03');
insert into Contrato (id, dataInicio, dataFim) values (63, '2016-08-13', '2017-04-03');
insert into Contrato (id, dataInicio, dataFim) values (64, '2016-08-13', '2017-04-03');
insert into Contrato (id, dataInicio, dataFim) values (65, '2016-08-13', '2017-04-03');
insert into Contrato (id, dataInicio, dataFim) values (66, '2016-08-13', '2017-04-03');
insert into Contrato (id, dataInicio, dataFim) values (67, '2016-08-13', '2017-04-03');
insert into Contrato (id, dataInicio, dataFim) values (68, '2016-08-13', '2017-04-03');
insert into Contrato (id, dataInicio, dataFim) values (69, '2016-08-13', '2017-04-03');
insert into Contrato (id, dataInicio, dataFim) values (70, '2016-08-13', '2017-04-03');
insert into Contrato (id, dataInicio, dataFim) values (71, '2016-08-13', '2017-04-03');
insert into Contrato (id, dataInicio, dataFim) values (72, '2016-08-13', '2017-04-03');
insert into Contrato (id, dataInicio, dataFim) values (73, '2016-08-13', '2017-04-03');
insert into Contrato (id, dataInicio, dataFim) values (74, '2016-08-13', '2017-04-03');
insert into Contrato (id, dataInicio, dataFim) values (75, '2016-08-13', '2017-04-03');
insert into Contrato (id, dataInicio, dataFim) values (76, '2016-08-13', '2017-04-03');
insert into Contrato (id, dataInicio, dataFim) values (77, '2016-08-13', '2017-04-03');
insert into Contrato (id, dataInicio, dataFim) values (78, '2016-08-13', '2017-04-03');
insert into Contrato (id, dataInicio, dataFim) values (79, '2016-08-13', '2017-04-03');
insert into Contrato (id, dataInicio, dataFim) values (80, '2016-08-13', '2017-04-03');
insert into Contrato (id, dataInicio, dataFim) values (81, '2016-08-13', '2017-04-03');
insert into Contrato (id, dataInicio, dataFim) values (82, '2016-08-13', '2017-04-03');
insert into Contrato (id, dataInicio, dataFim) values (83, '2016-08-13', '2017-04-03');
insert into Contrato (id, dataInicio, dataFim) values (84, '2016-08-13', '2017-04-03');
insert into Contrato (id, dataInicio, dataFim) values (85, '2016-08-13', '2017-04-03');
insert into Contrato (id, dataInicio, dataFim) values (86, '2016-08-13', '2017-04-03');
insert into Contrato (id, dataInicio, dataFim) values (87, '2016-08-13', '2017-04-03');
insert into Contrato (id, dataInicio, dataFim) values (88, '2016-08-13', '2017-04-03');
insert into Contrato (id, dataInicio, dataFim) values (89, '2016-08-13', '2017-04-03');
insert into Contrato (id, dataInicio, dataFim) values (90, '2016-08-13', '2017-04-03');
insert into Contrato (id, dataInicio, dataFim) values (91, '2016-08-13', '2017-04-03');
insert into Contrato (id, dataInicio, dataFim) values (92, '2016-08-13', '2017-04-03');
insert into Contrato (id, dataInicio, dataFim) values (93, '2016-08-13', '2017-04-03');
insert into Contrato (id, dataInicio, dataFim) values (94, '2016-08-13', '2017-04-03');
insert into Contrato (id, dataInicio, dataFim) values (95, '2016-08-13', '2017-04-03');
insert into Contrato (id, dataInicio, dataFim) values (96, '2016-08-13', '2017-04-03');
insert into Contrato (id, dataInicio, dataFim) values (97, '2016-08-13', '2017-04-03');
insert into Contrato (id, dataInicio, dataFim) values (98, '2016-08-13', '2017-04-03');
insert into Contrato (id, dataInicio, dataFim) values (99, '2016-08-13', '2017-04-03');
insert into Contrato (id, dataInicio, dataFim) values (100, '2016-08-13', '2017-04-03');
insert into Contrato (id, dataInicio, dataFim) values (101, '2016-08-13', '2017-04-03');
insert into Contrato (id, dataInicio, dataFim) values (102, '2016-08-13', '2017-04-03');
insert into Contrato (id, dataInicio, dataFim) values (103, '2016-08-13', '2017-04-03');
insert into Contrato (id, dataInicio, dataFim) values (104, '2016-08-13', '2017-04-03');
insert into Contrato (id, dataInicio, dataFim) values (105, '2016-08-13', '2017-04-03');
insert into Contrato (id, dataInicio, dataFim) values (106, '2016-08-13', '2017-04-03');
insert into Contrato (id, dataInicio, dataFim) values (107, '2016-08-13', '2017-04-03');
insert into Contrato (id, dataInicio, dataFim) values (108, '2016-08-13', '2017-04-03');
insert into Contrato (id, dataInicio, dataFim) values (109, '2016-08-13', '2017-04-03');
insert into Contrato (id, dataInicio, dataFim) values (110, '2016-08-13', '2017-04-03');
insert into Contrato (id, dataInicio, dataFim) values (111, '2016-08-13', '2017-04-03');
insert into Contrato (id, dataInicio, dataFim) values (112, '2016-08-13', '2017-04-03');
insert into Contrato (id, dataInicio, dataFim) values (113, '2016-08-13', '2017-04-03');
insert into Contrato (id, dataInicio, dataFim) values (114, '2016-08-13', '2017-04-03');
insert into Contrato (id, dataInicio, dataFim) values (115, '2016-08-13', '2017-04-03');
insert into Contrato (id, dataInicio, dataFim) values (116, '2016-08-13', '2017-04-03');
insert into Contrato (id, dataInicio, dataFim) values (117, '2016-08-13', '2017-04-03');
insert into Contrato (id, dataInicio, dataFim) values (118, '2016-08-13', '2017-04-03');
insert into Contrato (id, dataInicio, dataFim) values (119, '2016-08-13', '2017-04-03');
insert into Contrato (id, dataInicio, dataFim) values (120, '2016-08-13', '2017-04-03');
insert into Contrato (id, dataInicio, dataFim) values (121, '2016-08-13', '2017-04-03');
insert into Contrato (id, dataInicio, dataFim) values (122, '2016-08-13', '2017-04-03');
insert into Contrato (id, dataInicio, dataFim) values (123, '2016-08-13', '2017-04-03');
insert into Contrato (id, dataInicio, dataFim) values (124, '2016-08-13', '2017-04-03');
insert into Contrato (id, dataInicio, dataFim) values (125, '2016-08-13', '2017-04-03');
insert into Contrato (id, dataInicio, dataFim) values (126, '2016-08-13', '2017-04-03');
insert into Contrato (id, dataInicio, dataFim) values (127, '2016-08-13', '2017-04-03');
insert into Contrato (id, dataInicio, dataFim) values (128, '2016-08-13', '2017-04-03');
insert into Contrato (id, dataInicio, dataFim) values (129, '2016-08-13', '2017-04-03');
insert into Contrato (id, dataInicio, dataFim) values (130, '2016-08-13', '2017-04-03');
insert into Contrato (id, dataInicio, dataFim) values (131, '2016-08-13', '2017-04-03');
insert into Contrato (id, dataInicio, dataFim) values (132, '2016-08-13', '2017-04-03');
insert into Contrato (id, dataInicio, dataFim) values (133, '2016-08-13', '2017-04-03');
insert into Contrato (id, dataInicio, dataFim) values (134, '2016-08-13', '2017-04-03');
insert into Contrato (id, dataInicio, dataFim) values (135, '2016-08-13', '2017-04-03');
insert into Contrato (id, dataInicio, dataFim) values (136, '2016-08-13', '2017-04-03');
insert into Contrato (id, dataInicio, dataFim) values (137, '2016-08-13', '2017-04-03');
insert into Contrato (id, dataInicio, dataFim) values (138, '2016-08-13', '2017-04-03');
insert into Contrato (id, dataInicio, dataFim) values (139, '2016-08-13', '2017-04-03');
insert into Contrato (id, dataInicio, dataFim) values (140, '2016-08-13', '2017-04-03');
insert into Contrato (id, dataInicio, dataFim) values (141, '2016-08-13', '2017-04-03');
insert into Contrato (id, dataInicio, dataFim) values (142, '2016-08-13', '2017-04-03');
insert into Contrato (id, dataInicio, dataFim) values (143, '2016-08-13', '2017-04-03');
insert into Contrato (id, dataInicio, dataFim) values (144, '2016-08-13', '2017-04-03');
insert into Contrato (id, dataInicio, dataFim) values (145, '2016-08-13', '2017-04-03');
insert into Contrato (id, dataInicio, dataFim) values (146, '2016-08-13', '2017-04-03');
insert into Contrato (id, dataInicio, dataFim) values (147, '2016-08-13', '2017-04-03');
insert into Contrato (id, dataInicio, dataFim) values (148, '2016-08-13', '2017-04-03');
insert into Contrato (id, dataInicio, dataFim) values (149, '2016-08-13', '2017-04-03');
insert into Contrato (id, dataInicio, dataFim) values (150, '2016-08-13', '2017-04-03');
insert into Contrato (id, dataInicio, dataFim) values (151, '2016-08-13', '2017-04-03');
insert into Contrato (id, dataInicio, dataFim) values (152, '2016-08-13', '2017-04-03');
insert into Contrato (id, dataInicio, dataFim) values (153, '2016-08-13', '2017-04-03');
insert into Contrato (id, dataInicio, dataFim) values (154, '2016-08-13', '2017-04-03');
insert into Contrato (id, dataInicio, dataFim) values (155, '2016-08-13', '2017-04-03');
insert into Contrato (id, dataInicio, dataFim) values (156, '2016-08-13', '2017-04-03');
insert into Contrato (id, dataInicio, dataFim) values (157, '2016-08-13', '2017-04-03');
insert into Contrato (id, dataInicio, dataFim) values (158, '2016-08-13', '2017-04-03');
insert into Contrato (id, dataInicio, dataFim) values (159, '2016-08-13', '2017-04-03');
insert into Contrato (id, dataInicio, dataFim) values (160, '2016-08-13', '2017-04-03');
insert into Contrato (id, dataInicio, dataFim) values (161, '2016-08-13', '2017-04-03');
insert into Contrato (id, dataInicio, dataFim) values (162, '2016-08-13', '2017-04-03');
insert into Contrato (id, dataInicio, dataFim) values (163, '2016-08-13', '2017-04-03');
insert into Contrato (id, dataInicio, dataFim) values (164, '2016-08-13', '2017-04-03');
insert into Contrato (id, dataInicio, dataFim) values (165, '2016-08-13', '2017-04-03');
insert into Contrato (id, dataInicio, dataFim) values (166, '2016-08-13', '2017-04-03');
insert into Contrato (id, dataInicio, dataFim) values (167, '2016-08-13', '2017-04-03');
insert into Contrato (id, dataInicio, dataFim) values (168, '2016-08-13', '2017-04-03');
insert into Contrato (id, dataInicio, dataFim) values (169, '2016-08-13', '2017-04-03');
insert into Contrato (id, dataInicio, dataFim) values (170, '2016-08-13', '2017-04-03');
insert into Contrato (id, dataInicio, dataFim) values (171, '2016-08-13', '2017-04-03');
insert into Contrato (id, dataInicio, dataFim) values (172, '2016-08-13', '2017-04-03');
insert into Contrato (id, dataInicio, dataFim) values (173, '2016-08-13', '2017-04-03');
insert into Contrato (id, dataInicio, dataFim) values (174, '2016-08-13', '2017-04-03');
insert into Contrato (id, dataInicio, dataFim) values (175, '2016-08-13', '2017-04-03');
insert into Contrato (id, dataInicio, dataFim) values (176, '2016-08-13', '2017-04-03');
insert into Contrato (id, dataInicio, dataFim) values (177, '2016-08-13', '2017-04-03');
insert into Contrato (id, dataInicio, dataFim) values (178, '2016-08-13', '2017-04-03');
insert into Contrato (id, dataInicio, dataFim) values (179, '2016-08-13', '2017-04-03');
insert into Contrato (id, dataInicio, dataFim) values (180, '2016-08-13', '2017-04-03');
insert into Contrato (id, dataInicio, dataFim) values (181, '2016-08-13', '2017-04-03');
insert into Contrato (id, dataInicio, dataFim) values (182, '2016-08-13', '2017-04-03');
insert into Contrato (id, dataInicio, dataFim) values (183, '2016-08-13', '2017-04-03');
insert into Contrato (id, dataInicio, dataFim) values (184, '2016-08-13', '2017-04-03');
insert into Contrato (id, dataInicio, dataFim) values (185, '2016-08-13', '2017-04-03');
insert into Contrato (id, dataInicio, dataFim) values (186, '2016-08-13', '2017-04-03');
insert into Contrato (id, dataInicio, dataFim) values (187, '2016-08-13', '2017-04-03');
insert into Contrato (id, dataInicio, dataFim) values (188, '2016-08-13', '2017-04-03');
insert into Contrato (id, dataInicio, dataFim) values (189, '2016-08-13', '2017-04-03');
insert into Contrato (id, dataInicio, dataFim) values (190, '2016-08-13', '2017-04-03');
insert into Contrato (id, dataInicio, dataFim) values (191, '2016-08-13', '2017-04-03');
insert into Contrato (id, dataInicio, dataFim) values (192, '2016-08-13', '2017-04-03');
insert into Contrato (id, dataInicio, dataFim) values (193, '2016-08-13', '2017-04-03');
insert into Contrato (id, dataInicio, dataFim) values (194, '2016-08-13', '2017-04-03');
insert into Contrato (id, dataInicio, dataFim) values (195, '2016-08-13', '2017-04-03');
insert into Contrato (id, dataInicio, dataFim) values (196, '2016-08-13', '2017-04-03');
insert into Contrato (id, dataInicio, dataFim) values (197, '2016-08-13', '2017-04-03');
insert into Contrato (id, dataInicio, dataFim) values (198, '2016-08-13', '2017-04-03');
insert into Contrato (id, dataInicio, dataFim) values (199, '2016-08-13', '2017-04-03');
insert into Contrato (id, dataInicio, dataFim) values (200, '2016-08-13', '2017-04-03');
insert into Contrato (id, dataInicio, dataFim) values (201, '2016-08-13', '2017-04-03');
insert into Contrato (id, dataInicio, dataFim) values (202, '2016-08-13', '2017-04-03');
insert into Contrato (id, dataInicio, dataFim) values (203, '2016-08-13', '2017-04-03');
insert into Contrato (id, dataInicio, dataFim) values (204, '2016-08-13', '2017-04-03');
insert into Contrato (id, dataInicio, dataFim) values (205, '2016-08-13', '2017-04-03');
insert into Contrato (id, dataInicio, dataFim) values (206, '2016-08-13', '2017-04-03');
insert into Contrato (id, dataInicio, dataFim) values (207, '2016-08-13', '2017-04-03');
insert into Contrato (id, dataInicio, dataFim) values (208, '2016-08-13', '2017-04-03');
insert into Contrato (id, dataInicio, dataFim) values (209, '2016-08-13', '2017-04-03');
insert into Contrato (id, dataInicio, dataFim) values (210, '2016-08-13', '2017-04-03');
insert into Contrato (id, dataInicio, dataFim) values (211, '2016-08-13', '2017-04-03');
insert into Contrato (id, dataInicio, dataFim) values (212, '2016-08-13', '2017-04-03');
insert into Contrato (id, dataInicio, dataFim) values (213, '2016-08-13', '2017-04-03');
insert into Contrato (id, dataInicio, dataFim) values (214, '2016-08-13', '2017-04-03');
insert into Contrato (id, dataInicio, dataFim) values (215, '2016-08-13', '2017-04-03');
insert into Contrato (id, dataInicio, dataFim) values (216, '2016-08-13', '2017-04-03');
insert into Contrato (id, dataInicio, dataFim) values (217, '2016-08-13', '2017-04-03');
insert into Contrato (id, dataInicio, dataFim) values (218, '2016-08-13', '2017-04-03');
insert into Contrato (id, dataInicio, dataFim) values (219, '2016-08-13', '2017-04-03');
insert into Contrato (id, dataInicio, dataFim) values (220, '2016-08-13', '2017-04-03');
insert into Contrato (id, dataInicio, dataFim) values (221, '2016-08-13', '2017-04-03');
insert into Contrato (id, dataInicio, dataFim) values (222, '2016-08-13', '2017-04-03');
insert into Contrato (id, dataInicio, dataFim) values (223, '2016-08-13', '2017-04-03');
insert into Contrato (id, dataInicio, dataFim) values (224, '2016-08-13', '2017-04-03');
insert into Contrato (id, dataInicio, dataFim) values (225, '2016-08-13', '2017-04-03');
insert into Contrato (id, dataInicio, dataFim) values (226, '2016-08-13', '2017-04-03');
insert into Contrato (id, dataInicio, dataFim) values (227, '2016-08-13', '2017-04-03');
insert into Contrato (id, dataInicio, dataFim) values (228, '2016-08-13', '2017-04-03');
insert into Contrato (id, dataInicio, dataFim) values (229, '2016-08-13', '2017-04-03');
insert into Contrato (id, dataInicio, dataFim) values (230, '2016-08-13', '2017-04-03');
insert into Contrato (id, dataInicio, dataFim) values (231, '2016-08-13', '2017-04-03');
insert into Contrato (id, dataInicio, dataFim) values (232, '2016-08-13', '2017-04-03');
insert into Contrato (id, dataInicio, dataFim) values (233, '2016-08-13', '2017-04-03');
insert into Contrato (id, dataInicio, dataFim) values (234, '2016-08-13', '2017-04-03');
insert into Contrato (id, dataInicio, dataFim) values (235, '2016-08-13', '2017-04-03');
insert into Contrato (id, dataInicio, dataFim) values (236, '2016-08-13', '2017-04-03');
insert into Contrato (id, dataInicio, dataFim) values (237, '2016-08-13', '2017-04-03');
insert into Contrato (id, dataInicio, dataFim) values (238, '2016-08-13', '2017-04-03');
insert into Contrato (id, dataInicio, dataFim) values (239, '2016-08-13', '2017-04-03');
insert into Contrato (id, dataInicio, dataFim) values (240, '2016-08-13', '2017-04-03');
insert into Contrato (id, dataInicio, dataFim) values (241, '2016-08-13', '2017-04-03');
insert into Contrato (id, dataInicio, dataFim) values (242, '2016-08-13', '2017-04-03');
insert into Contrato (id, dataInicio, dataFim) values (243, '2016-08-13', '2017-04-03');
insert into Contrato (id, dataInicio, dataFim) values (244, '2016-08-13', '2017-04-03');
insert into Contrato (id, dataInicio, dataFim) values (245, '2016-08-13', '2017-04-03');
insert into Contrato (id, dataInicio, dataFim) values (246, '2016-08-13', '2017-04-03');
insert into Contrato (id, dataInicio, dataFim) values (247, '2016-08-13', '2017-04-03');
insert into Contrato (id, dataInicio, dataFim) values (248, '2016-08-13', '2017-04-03');
insert into Contrato (id, dataInicio, dataFim) values (249, '2016-08-13', '2017-04-03');
insert into Contrato (id, dataInicio, dataFim) values (250, '2016-08-13', '2017-04-03');
insert into Contrato (id, dataInicio, dataFim) values (251, '2016-08-13', '2017-04-03');
insert into Contrato (id, dataInicio, dataFim) values (252, '2016-08-13', '2017-04-03');
insert into Contrato (id, dataInicio, dataFim) values (253, '2016-08-13', '2017-04-03');
insert into Contrato (id, dataInicio, dataFim) values (254, '2016-08-13', '2017-04-03');
insert into Contrato (id, dataInicio, dataFim) values (255, '2016-08-13', '2017-04-03');
insert into Contrato (id, dataInicio, dataFim) values (256, '2016-08-13', '2017-04-03');
insert into Contrato (id, dataInicio, dataFim) values (257, '2016-08-13', '2017-04-03');
insert into Contrato (id, dataInicio, dataFim) values (258, '2016-08-13', '2017-04-03');
insert into Contrato (id, dataInicio, dataFim) values (259, '2016-08-13', '2017-04-03');
insert into Contrato (id, dataInicio, dataFim) values (260, '2016-08-13', '2017-04-03');
insert into Contrato (id, dataInicio, dataFim) values (261, '2016-08-13', '2017-04-03');
insert into Contrato (id, dataInicio, dataFim) values (262, '2016-08-13', '2017-04-03');
insert into Contrato (id, dataInicio, dataFim) values (263, '2016-08-13', '2017-04-03');
insert into Contrato (id, dataInicio, dataFim) values (264, '2016-08-13', '2017-04-03');
insert into Contrato (id, dataInicio, dataFim) values (265, '2016-08-13', '2017-04-03');
insert into Contrato (id, dataInicio, dataFim) values (266, '2016-08-13', '2017-04-03');
insert into Contrato (id, dataInicio, dataFim) values (267, '2016-08-13', '2017-04-03');
insert into Contrato (id, dataInicio, dataFim) values (268, '2016-08-13', '2017-04-03');
insert into Contrato (id, dataInicio, dataFim) values (269, '2016-08-13', '2017-04-03');
insert into Contrato (id, dataInicio, dataFim) values (270, '2016-08-13', '2017-04-03');
insert into Contrato (id, dataInicio, dataFim) values (271, '2016-08-13', '2017-04-03');
insert into Contrato (id, dataInicio, dataFim) values (272, '2016-08-13', '2017-04-03');
insert into Contrato (id, dataInicio, dataFim) values (273, '2016-08-13', '2017-04-03');
insert into Contrato (id, dataInicio, dataFim) values (274, '2016-08-13', '2017-04-03');
insert into Contrato (id, dataInicio, dataFim) values (275, '2016-08-13', '2017-04-03');
insert into Contrato (id, dataInicio, dataFim) values (276, '2016-08-13', '2017-04-03');
insert into Contrato (id, dataInicio, dataFim) values (277, '2016-08-13', '2017-04-03');
insert into Contrato (id, dataInicio, dataFim) values (278, '2016-08-13', '2017-04-03');
insert into Contrato (id, dataInicio, dataFim) values (279, '2016-08-13', '2017-04-03');
insert into Contrato (id, dataInicio, dataFim) values (280, '2016-08-13', '2017-04-03');
insert into Contrato (id, dataInicio, dataFim) values (281, '2016-08-13', '2017-04-03');
insert into Contrato (id, dataInicio, dataFim) values (282, '2016-08-13', '2017-04-03');
insert into Contrato (id, dataInicio, dataFim) values (283, '2016-08-13', '2017-04-03');
insert into Contrato (id, dataInicio, dataFim) values (284, '2016-08-13', '2017-04-03');
insert into Contrato (id, dataInicio, dataFim) values (285, '2016-08-13', '2017-04-03');
insert into Contrato (id, dataInicio, dataFim) values (286, '2016-08-13', '2017-04-03');
insert into Contrato (id, dataInicio, dataFim) values (287, '2016-08-13', '2017-04-03');
insert into Contrato (id, dataInicio, dataFim) values (288, '2016-08-13', '2017-04-03');
insert into Contrato (id, dataInicio, dataFim) values (289, '2016-08-13', '2017-04-03');
insert into Contrato (id, dataInicio, dataFim) values (290, '2016-08-13', '2017-04-03');
insert into Contrato (id, dataInicio, dataFim) values (291, '2016-08-13', '2017-04-03');
insert into Contrato (id, dataInicio, dataFim) values (292, '2016-08-13', '2017-04-03');
insert into Contrato (id, dataInicio, dataFim) values (293, '2016-08-13', '2017-04-03');
insert into Contrato (id, dataInicio, dataFim) values (294, '2016-08-13', '2017-04-03');
insert into Contrato (id, dataInicio, dataFim) values (295, '2016-08-13', '2017-04-03');
insert into Contrato (id, dataInicio, dataFim) values (296, '2016-08-13', '2017-04-03');
insert into Contrato (id, dataInicio, dataFim) values (297, '2016-08-13', '2017-04-03');
insert into Contrato (id, dataInicio, dataFim) values (298, '2016-08-13', '2017-04-03');
insert into Contrato (id, dataInicio, dataFim) values (299, '2016-08-13', '2017-04-03');
insert into Contrato (id, dataInicio, dataFim) values (300, '2016-08-13', '2017-04-03');
insert into Contrato (id, dataInicio, dataFim) values (301, '2016-08-13', '2017-04-03');
insert into Contrato (id, dataInicio, dataFim) values (302, '2016-08-13', '2017-04-03');
insert into Contrato (id, dataInicio, dataFim) values (303, '2016-08-13', '2017-04-03');
insert into Contrato (id, dataInicio, dataFim) values (304, '2016-08-13', '2017-04-03');
insert into Contrato (id, dataInicio, dataFim) values (305, '2016-08-13', '2017-04-03');
insert into Contrato (id, dataInicio, dataFim) values (306, '2016-08-13', '2017-04-03');
insert into Contrato (id, dataInicio, dataFim) values (307, '2016-08-13', '2017-04-03');
insert into Contrato (id, dataInicio, dataFim) values (308, '2016-08-13', '2017-04-03');
insert into Contrato (id, dataInicio, dataFim) values (309, '2016-08-13', '2017-04-03');
insert into Contrato (id, dataInicio, dataFim) values (310, '2016-08-13', '2017-04-03');
insert into Contrato (id, dataInicio, dataFim) values (311, '2016-08-13', '2017-04-03');
insert into Contrato (id, dataInicio, dataFim) values (312, '2016-08-13', '2017-04-03');
insert into Contrato (id, dataInicio, dataFim) values (313, '2016-08-13', '2017-04-03');
insert into Contrato (id, dataInicio, dataFim) values (314, '2016-08-13', '2017-04-03');
insert into Contrato (id, dataInicio, dataFim) values (315, '2016-08-13', '2017-04-03');
insert into Contrato (id, dataInicio, dataFim) values (316, '2016-08-13', '2017-04-03');
insert into Contrato (id, dataInicio, dataFim) values (317, '2016-08-13', '2017-04-03');
insert into Contrato (id, dataInicio, dataFim) values (318, '2016-08-13', '2017-04-03');
insert into Contrato (id, dataInicio, dataFim) values (319, '2016-08-13', '2017-04-03');
insert into Contrato (id, dataInicio, dataFim) values (320, '2016-08-13', '2017-04-03');
insert into Contrato (id, dataInicio, dataFim) values (321, '2016-08-13', '2017-04-03');
insert into Contrato (id, dataInicio, dataFim) values (322, '2016-08-13', '2017-04-03');
insert into Contrato (id, dataInicio, dataFim) values (323, '2016-08-13', '2017-04-03');
insert into Contrato (id, dataInicio, dataFim) values (324, '2016-08-13', '2017-04-03');
insert into Contrato (id, dataInicio, dataFim) values (325, '2016-08-13', '2017-04-03');
insert into Contrato (id, dataInicio, dataFim) values (326, '2016-08-13', '2017-04-03');
insert into Contrato (id, dataInicio, dataFim) values (327, '2016-08-13', '2017-04-03');
insert into Contrato (id, dataInicio, dataFim) values (328, '2016-08-13', '2017-04-03');
insert into Contrato (id, dataInicio, dataFim) values (329, '2016-08-13', '2017-04-03');
insert into Contrato (id, dataInicio, dataFim) values (330, '2016-08-13', '2017-04-03');
insert into Contrato (id, dataInicio, dataFim) values (331, '2016-08-13', '2017-04-03');
insert into Contrato (id, dataInicio, dataFim) values (332, '2016-08-13', '2017-04-03');
insert into Contrato (id, dataInicio, dataFim) values (333, '2016-08-13', '2017-04-03');
insert into Contrato (id, dataInicio, dataFim) values (334, '2016-08-13', '2017-04-03');
insert into Contrato (id, dataInicio, dataFim) values (335, '2016-08-13', '2017-04-03');
insert into Contrato (id, dataInicio, dataFim) values (336, '2016-08-13', '2017-04-03');
insert into Contrato (id, dataInicio, dataFim) values (337, '2016-08-13', '2017-04-03');
insert into Contrato (id, dataInicio, dataFim) values (338, '2016-08-13', '2017-04-03');
insert into Contrato (id, dataInicio, dataFim) values (339, '2016-08-13', '2017-04-03');
insert into Contrato (id, dataInicio, dataFim) values (340, '2016-08-13', '2017-04-03');
insert into Contrato (id, dataInicio, dataFim) values (341, '2016-08-13', '2017-04-03');
insert into Contrato (id, dataInicio, dataFim) values (342, '2016-08-13', '2017-04-03');
insert into Contrato (id, dataInicio, dataFim) values (343, '2016-08-13', '2017-04-03');
insert into Contrato (id, dataInicio, dataFim) values (344, '2016-08-13', '2017-04-03');
insert into Contrato (id, dataInicio, dataFim) values (345, '2016-08-13', '2017-04-03');
insert into Contrato (id, dataInicio, dataFim) values (346, '2016-08-13', '2017-04-03');
insert into Contrato (id, dataInicio, dataFim) values (347, '2016-08-13', '2017-04-03');
insert into Contrato (id, dataInicio, dataFim) values (348, '2016-08-13', '2017-04-03');
insert into Contrato (id, dataInicio, dataFim) values (349, '2016-08-13', '2017-04-03');
insert into Contrato (id, dataInicio, dataFim) values (350, '2016-08-13', '2017-04-03');
insert into Contrato (id, dataInicio, dataFim) values (351, '2016-08-13', '2017-04-03');
insert into Contrato (id, dataInicio, dataFim) values (352, '2016-08-13', '2017-04-03');
insert into Contrato (id, dataInicio, dataFim) values (353, '2016-08-13', '2017-04-03');
insert into Contrato (id, dataInicio, dataFim) values (354, '2016-08-13', '2017-04-03');
insert into Contrato (id, dataInicio, dataFim) values (355, '2016-08-13', '2017-04-03');
insert into Contrato (id, dataInicio, dataFim) values (356, '2016-08-13', '2017-04-03');
insert into Contrato (id, dataInicio, dataFim) values (357, '2016-08-13', '2017-04-03');
insert into Contrato (id, dataInicio, dataFim) values (358, '2016-08-13', '2017-04-03');
insert into Contrato (id, dataInicio, dataFim) values (359, '2016-08-13', '2017-04-03');
insert into Contrato (id, dataInicio, dataFim) values (360, '2016-08-13', '2017-04-03');
insert into Contrato (id, dataInicio, dataFim) values (361, '2016-08-13', '2017-04-03');
insert into Contrato (id, dataInicio, dataFim) values (362, '2016-08-13', '2017-04-03');
insert into Contrato (id, dataInicio, dataFim) values (363, '2016-08-13', '2017-04-03');
insert into Contrato (id, dataInicio, dataFim) values (364, '2016-08-13', '2017-04-03');
insert into Contrato (id, dataInicio, dataFim) values (365, '2016-08-13', '2017-04-03');
insert into Contrato (id, dataInicio, dataFim) values (366, '2016-08-13', '2017-04-03');
insert into Contrato (id, dataInicio, dataFim) values (367, '2016-08-13', '2017-04-03');
insert into Contrato (id, dataInicio, dataFim) values (368, '2016-08-13', '2017-04-03');
insert into Contrato (id, dataInicio, dataFim) values (369, '2016-08-13', '2017-04-03');
insert into Contrato (id, dataInicio, dataFim) values (370, '2016-08-13', '2017-04-03');
insert into Contrato (id, dataInicio, dataFim) values (371, '2016-08-13', '2017-04-03');
insert into Contrato (id, dataInicio, dataFim) values (372, '2016-08-13', '2017-04-03');
insert into Contrato (id, dataInicio, dataFim) values (373, '2016-08-13', '2017-04-03');
insert into Contrato (id, dataInicio, dataFim) values (374, '2016-08-13', '2017-04-03');
insert into Contrato (id, dataInicio, dataFim) values (375, '2016-08-13', '2017-04-03');
insert into Contrato (id, dataInicio, dataFim) values (376, '2016-08-13', '2017-04-03');
insert into Contrato (id, dataInicio, dataFim) values (377, '2016-08-13', '2017-04-03');
insert into Contrato (id, dataInicio, dataFim) values (378, '2016-08-13', '2017-04-03');
insert into Contrato (id, dataInicio, dataFim) values (379, '2016-08-13', '2017-04-03');
insert into Contrato (id, dataInicio, dataFim) values (380, '2016-08-13', '2017-04-03');
insert into Contrato (id, dataInicio, dataFim) values (381, '2016-08-13', '2017-04-03');
insert into Contrato (id, dataInicio, dataFim) values (382, '2016-08-13', '2017-04-03');
insert into Contrato (id, dataInicio, dataFim) values (383, '2016-08-13', '2017-04-03');
insert into Contrato (id, dataInicio, dataFim) values (384, '2016-08-13', '2017-04-03');
insert into Contrato (id, dataInicio, dataFim) values (385, '2016-08-13', '2017-04-03');
insert into Contrato (id, dataInicio, dataFim) values (386, '2016-08-13', '2017-04-03');
insert into Contrato (id, dataInicio, dataFim) values (387, '2016-08-13', '2017-04-03');
insert into Contrato (id, dataInicio, dataFim) values (388, '2016-08-13', '2017-04-03');
insert into Contrato (id, dataInicio, dataFim) values (389, '2016-08-13', '2017-04-03');
insert into Contrato (id, dataInicio, dataFim) values (390, '2016-08-13', '2017-04-03');
insert into Contrato (id, dataInicio, dataFim) values (391, '2016-08-13', '2017-04-03');
insert into Contrato (id, dataInicio, dataFim) values (392, '2016-08-13', '2017-04-03');
insert into Contrato (id, dataInicio, dataFim) values (393, '2016-08-13', '2017-04-03');
insert into Contrato (id, dataInicio, dataFim) values (394, '2016-08-13', '2017-04-03');
insert into Contrato (id, dataInicio, dataFim) values (395, '2016-08-13', '2017-04-03');
insert into Contrato (id, dataInicio, dataFim) values (396, '2016-08-13', '2017-04-03');
insert into Contrato (id, dataInicio, dataFim) values (397, '2016-08-13', '2017-04-03');
insert into Contrato (id, dataInicio, dataFim) values (398, '2016-08-13', '2017-04-03');
insert into Contrato (id, dataInicio, dataFim) values (399, '2016-08-13', '2017-04-03');
insert into Contrato (id, dataInicio, dataFim) values (400, '2016-08-13', '2017-04-03');
insert into Contrato (id, dataInicio, dataFim) values (401, '2016-08-13', '2017-04-03');
insert into Contrato (id, dataInicio, dataFim) values (402, '2016-08-13', '2017-04-03');
insert into Contrato (id, dataInicio, dataFim) values (403, '2016-08-13', '2017-04-03');
insert into Contrato (id, dataInicio, dataFim) values (404, '2016-08-13', '2017-04-03');
insert into Contrato (id, dataInicio, dataFim) values (405, '2016-08-13', '2017-04-03');
insert into Contrato (id, dataInicio, dataFim) values (406, '2016-08-13', '2017-04-03');
insert into Contrato (id, dataInicio, dataFim) values (407, '2016-08-13', '2017-04-03');
insert into Contrato (id, dataInicio, dataFim) values (408, '2016-08-13', '2017-04-03');
insert into Contrato (id, dataInicio, dataFim) values (409, '2016-08-13', '2017-04-03');
insert into Contrato (id, dataInicio, dataFim) values (410, '2016-08-13', '2017-04-03');
insert into Contrato (id, dataInicio, dataFim) values (411, '2016-08-13', '2017-04-03');
insert into Contrato (id, dataInicio, dataFim) values (412, '2016-08-13', '2017-04-03');
insert into Contrato (id, dataInicio, dataFim) values (413, '2016-08-13', '2017-04-03');
insert into Contrato (id, dataInicio, dataFim) values (414, '2016-08-13', '2017-04-03');
insert into Contrato (id, dataInicio, dataFim) values (415, '2016-08-13', '2017-04-03');
insert into Contrato (id, dataInicio, dataFim) values (416, '2016-08-13', '2017-04-03');
insert into Contrato (id, dataInicio, dataFim) values (417, '2016-08-13', '2017-04-03');
insert into Contrato (id, dataInicio, dataFim) values (418, '2016-08-13', '2017-04-03');
insert into Contrato (id, dataInicio, dataFim) values (419, '2016-08-13', '2017-04-03');
insert into Contrato (id, dataInicio, dataFim) values (420, '2016-08-13', '2017-04-03');
insert into Contrato (id, dataInicio, dataFim) values (421, '2016-08-13', '2017-04-03');
insert into Contrato (id, dataInicio, dataFim) values (422, '2016-08-13', '2017-04-03');
insert into Contrato (id, dataInicio, dataFim) values (423, '2016-08-13', '2017-04-03');
insert into Contrato (id, dataInicio, dataFim) values (424, '2016-08-13', '2017-04-03');
insert into Contrato (id, dataInicio, dataFim) values (425, '2016-08-13', '2017-04-03');
insert into Contrato (id, dataInicio, dataFim) values (426, '2016-08-13', '2017-04-03');
insert into Contrato (id, dataInicio, dataFim) values (427, '2016-08-13', '2017-04-03');
insert into Contrato (id, dataInicio, dataFim) values (428, '2016-08-13', '2017-04-03');
insert into Contrato (id, dataInicio, dataFim) values (429, '2016-08-13', '2017-04-03');
insert into Contrato (id, dataInicio, dataFim) values (430, '2016-08-13', '2017-04-03');
insert into Contrato (id, dataInicio, dataFim) values (431, '2016-08-13', '2017-04-03');
insert into Contrato (id, dataInicio, dataFim) values (432, '2016-08-13', '2017-04-03');
insert into Contrato (id, dataInicio, dataFim) values (433, '2016-08-13', '2017-04-03');
insert into Contrato (id, dataInicio, dataFim) values (434, '2016-08-13', '2017-04-03');
insert into Contrato (id, dataInicio, dataFim) values (435, '2016-08-13', '2017-04-03');
insert into Contrato (id, dataInicio, dataFim) values (436, '2016-08-13', '2017-04-03');
insert into Contrato (id, dataInicio, dataFim) values (437, '2016-08-13', '2017-04-03');
insert into Contrato (id, dataInicio, dataFim) values (438, '2016-08-13', '2017-04-03');
insert into Contrato (id, dataInicio, dataFim) values (439, '2016-08-13', '2017-04-03');
insert into Contrato (id, dataInicio, dataFim) values (440, '2016-08-13', '2017-04-03');
insert into Contrato (id, dataInicio, dataFim) values (441, '2016-08-13', '2017-04-03');
insert into Contrato (id, dataInicio, dataFim) values (442, '2016-08-13', '2017-04-03');
insert into Contrato (id, dataInicio, dataFim) values (443, '2016-08-13', '2017-04-03');
insert into Contrato (id, dataInicio, dataFim) values (444, '2016-08-13', '2017-04-03');
insert into Contrato (id, dataInicio, dataFim) values (445, '2016-08-13', '2017-04-03');
insert into Contrato (id, dataInicio, dataFim) values (446, '2016-08-13', '2017-04-03');
insert into Contrato (id, dataInicio, dataFim) values (447, '2016-08-13', '2017-04-03');
insert into Contrato (id, dataInicio, dataFim) values (448, '2016-08-13', '2017-04-03');
insert into Contrato (id, dataInicio, dataFim) values (449, '2016-08-13', '2017-04-03');
insert into Contrato (id, dataInicio, dataFim) values (450, '2016-08-13', '2017-04-03');
insert into Contrato (id, dataInicio, dataFim) values (451, '2016-08-13', '2017-04-03');
insert into Contrato (id, dataInicio, dataFim) values (452, '2016-08-13', '2017-04-03');
insert into Contrato (id, dataInicio, dataFim) values (453, '2016-08-13', '2017-04-03');
insert into Contrato (id, dataInicio, dataFim) values (454, '2016-08-13', '2017-04-03');
insert into Contrato (id, dataInicio, dataFim) values (455, '2016-08-13', '2017-04-03');
insert into Contrato (id, dataInicio, dataFim) values (456, '2016-08-13', '2017-04-03');
insert into Contrato (id, dataInicio, dataFim) values (457, '2016-08-13', '2017-04-03');
insert into Contrato (id, dataInicio, dataFim) values (458, '2016-08-13', '2017-04-03');
insert into Contrato (id, dataInicio, dataFim) values (459, '2016-08-13', '2017-04-03');
insert into Contrato (id, dataInicio, dataFim) values (460, '2016-08-13', '2017-04-03');
insert into Contrato (id, dataInicio, dataFim) values (461, '2016-08-13', '2017-04-03');
insert into Contrato (id, dataInicio, dataFim) values (462, '2016-08-13', '2017-04-03');
insert into Contrato (id, dataInicio, dataFim) values (463, '2016-08-13', '2017-04-03');
insert into Contrato (id, dataInicio, dataFim) values (464, '2016-08-13', '2017-04-03');
insert into Contrato (id, dataInicio, dataFim) values (465, '2016-08-13', '2017-04-03');
insert into Contrato (id, dataInicio, dataFim) values (466, '2016-08-13', '2017-04-03');
insert into Contrato (id, dataInicio, dataFim) values (467, '2016-08-13', '2017-04-03');
insert into Contrato (id, dataInicio, dataFim) values (468, '2016-08-13', '2017-04-03');
insert into Contrato (id, dataInicio, dataFim) values (469, '2016-08-13', '2017-04-03');
insert into Contrato (id, dataInicio, dataFim) values (470, '2016-08-13', '2017-04-03');
insert into Contrato (id, dataInicio, dataFim) values (471, '2016-08-13', '2017-04-03');
insert into Contrato (id, dataInicio, dataFim) values (472, '2016-08-13', '2017-04-03');
insert into Contrato (id, dataInicio, dataFim) values (473, '2016-08-13', '2017-04-03');
insert into Contrato (id, dataInicio, dataFim) values (474, '2016-08-13', '2017-04-03');
insert into Contrato (id, dataInicio, dataFim) values (475, '2016-08-13', '2017-04-03');
insert into Contrato (id, dataInicio, dataFim) values (476, '2016-08-13', '2017-04-03');
insert into Contrato (id, dataInicio, dataFim) values (477, '2016-08-13', '2017-04-03');
insert into Contrato (id, dataInicio, dataFim) values (478, '2016-08-13', '2017-04-03');
insert into Contrato (id, dataInicio, dataFim) values (479, '2016-08-13', '2017-04-03');
insert into Contrato (id, dataInicio, dataFim) values (480, '2016-08-13', '2017-04-03');
insert into Contrato (id, dataInicio, dataFim) values (481, '2016-08-13', '2017-04-03');
insert into Contrato (id, dataInicio, dataFim) values (482, '2016-08-13', '2017-04-03');
insert into Contrato (id, dataInicio, dataFim) values (483, '2016-08-13', '2017-04-03');
insert into Contrato (id, dataInicio, dataFim) values (484, '2016-08-13', '2017-04-03');
insert into Contrato (id, dataInicio, dataFim) values (485, '2016-08-13', '2017-04-03');
insert into Contrato (id, dataInicio, dataFim) values (486, '2016-08-13', '2017-04-03');
insert into Contrato (id, dataInicio, dataFim) values (487, '2016-08-13', '2017-04-03');
insert into Contrato (id, dataInicio, dataFim) values (488, '2016-08-13', '2017-04-03');
insert into Contrato (id, dataInicio, dataFim) values (489, '2016-08-13', '2017-04-03');
insert into Contrato (id, dataInicio, dataFim) values (490, '2016-08-13', '2017-04-03');
insert into Contrato (id, dataInicio, dataFim) values (491, '2016-08-13', '2017-04-03');
insert into Contrato (id, dataInicio, dataFim) values (492, '2016-08-13', '2017-04-03');
insert into Contrato (id, dataInicio, dataFim) values (493, '2016-08-13', '2017-04-03');
insert into Contrato (id, dataInicio, dataFim) values (494, '2016-08-13', '2017-04-03');
insert into Contrato (id, dataInicio, dataFim) values (495, '2016-08-13', '2017-04-03');
insert into Contrato (id, dataInicio, dataFim) values (496, '2016-08-13', '2017-04-03');
insert into Contrato (id, dataInicio, dataFim) values (497, '2016-08-13', '2017-04-03');
insert into Contrato (id, dataInicio, dataFim) values (498, '2016-08-13', '2017-04-03');
insert into Contrato (id, dataInicio, dataFim) values (499, '2016-08-13', '2017-04-03');
insert into Contrato (id, dataInicio, dataFim) values (500, '2016-08-13', '2017-04-03');
insert into Contrato (id, dataInicio, dataFim) values (501, '2016-08-13', '2017-04-03');
insert into Contrato (id, dataInicio, dataFim) values (502, '2016-08-13', '2017-04-03');
insert into Contrato (id, dataInicio, dataFim) values (503, '2016-08-13', '2017-04-03');
insert into Contrato (id, dataInicio, dataFim) values (504, '2016-08-13', '2017-04-03');
insert into Contrato (id, dataInicio, dataFim) values (505, '2016-08-13', '2017-04-03');
insert into Contrato (id, dataInicio, dataFim) values (506, '2016-08-13', '2017-04-03');
insert into Contrato (id, dataInicio, dataFim) values (507, '2016-08-13', '2017-04-03');
insert into Contrato (id, dataInicio, dataFim) values (508, '2016-08-13', '2017-04-03');
insert into Contrato (id, dataInicio, dataFim) values (509, '2016-08-13', '2017-04-03');
insert into Contrato (id, dataInicio, dataFim) values (510, '2016-08-13', '2017-04-03');
insert into Contrato (id, dataInicio, dataFim) values (511, '2016-08-13', '2017-04-03');
insert into Contrato (id, dataInicio, dataFim) values (512, '2016-08-13', '2017-04-03');
insert into Contrato (id, dataInicio, dataFim) values (513, '2016-08-13', '2017-04-03');
insert into Contrato (id, dataInicio, dataFim) values (514, '2016-08-13', '2017-04-03');
insert into Contrato (id, dataInicio, dataFim) values (515, '2016-08-13', '2017-04-03');
insert into Contrato (id, dataInicio, dataFim) values (516, '2016-08-13', '2017-04-03');
insert into Contrato (id, dataInicio, dataFim) values (517, '2016-08-13', '2017-04-03');
insert into Contrato (id, dataInicio, dataFim) values (518, '2016-08-13', '2017-04-03');
insert into Contrato (id, dataInicio, dataFim) values (519, '2016-08-13', '2017-04-03');
insert into Contrato (id, dataInicio, dataFim) values (520, '2016-08-13', '2017-04-03');
insert into Contrato (id, dataInicio, dataFim) values (521, '2016-08-13', '2017-04-03');
insert into Contrato (id, dataInicio, dataFim) values (522, '2016-08-13', '2017-04-03');
insert into Contrato (id, dataInicio, dataFim) values (523, '2016-08-13', '2017-04-03');
insert into Contrato (id, dataInicio, dataFim) values (524, '2016-08-13', '2017-04-03');
insert into Contrato (id, dataInicio, dataFim) values (525, '2016-08-13', '2017-04-03');
insert into Contrato (id, dataInicio, dataFim) values (526, '2016-08-13', '2017-04-03');
insert into Contrato (id, dataInicio, dataFim) values (527, '2016-08-13', '2017-04-03');
insert into Contrato (id, dataInicio, dataFim) values (528, '2016-08-13', '2017-04-03');
insert into Contrato (id, dataInicio, dataFim) values (529, '2016-08-13', '2017-04-03');
insert into Contrato (id, dataInicio, dataFim) values (530, '2016-08-13', '2017-04-03');
insert into Contrato (id, dataInicio, dataFim) values (531, '2016-08-13', '2017-04-03');
insert into Contrato (id, dataInicio, dataFim) values (532, '2016-08-13', '2017-04-03');
insert into Contrato (id, dataInicio, dataFim) values (533, '2016-08-13', '2017-04-03');
insert into Contrato (id, dataInicio, dataFim) values (534, '2016-08-13', '2017-04-03');
insert into Contrato (id, dataInicio, dataFim) values (535, '2016-08-13', '2017-04-03');
insert into Contrato (id, dataInicio, dataFim) values (536, '2016-08-13', '2017-04-03');
insert into Contrato (id, dataInicio, dataFim) values (537, '2016-08-13', '2017-04-03');
insert into Contrato (id, dataInicio, dataFim) values (538, '2016-08-13', '2017-04-03');
insert into Contrato (id, dataInicio, dataFim) values (539, '2016-08-13', '2017-04-03');
insert into Contrato (id, dataInicio, dataFim) values (540, '2016-08-13', '2017-04-03');



--Jogador
insert into Jogador (idPessoa, posicaoPref, pePref) values (1, 'Defesa', 'Direito');
insert into Jogador (idPessoa, posicaoPref, pePref) values (2, 'Médio', 'Direito');
insert into Jogador (idPessoa, posicaoPref, pePref) values (3, 'Guarda-Redes', 'Direito');
insert into Jogador (idPessoa, posicaoPref, pePref) values (4, 'Defesa', 'Direito');
insert into Jogador (idPessoa, posicaoPref, pePref) values (5, 'Guarda-Redes', 'Direito');
insert into Jogador (idPessoa, posicaoPref, pePref) values (6, 'Avançado', 'Esquerdo');
insert into Jogador (idPessoa, posicaoPref, pePref) values (7, 'Guarda-Redes', 'Esquerdo');
insert into Jogador (idPessoa, posicaoPref, pePref) values (8, 'Avançado', 'Direito');
insert into Jogador (idPessoa, posicaoPref, pePref) values (9, 'Médio', 'Esquerdo');
insert into Jogador (idPessoa, posicaoPref, pePref) values (10, 'Guarda-Redes', 'Esquerdo');
insert into Jogador (idPessoa, posicaoPref, pePref) values (11, 'Avançado', 'Esquerdo');
insert into Jogador (idPessoa, posicaoPref, pePref) values (12, 'Avançado', 'Esquerdo');
insert into Jogador (idPessoa, posicaoPref, pePref) values (13, 'Defesa', 'Esquerdo');
insert into Jogador (idPessoa, posicaoPref, pePref) values (14, 'Avançado', 'Esquerdo');
insert into Jogador (idPessoa, posicaoPref, pePref) values (15, 'Avançado', 'Direito');
insert into Jogador (idPessoa, posicaoPref, pePref) values (16, 'Avançado', 'Direito');
insert into Jogador (idPessoa, posicaoPref, pePref) values (17, 'Defesa', 'Direito');
insert into Jogador (idPessoa, posicaoPref, pePref) values (18, 'Médio', 'Direito');
insert into Jogador (idPessoa, posicaoPref, pePref) values (19, 'Médio', 'Esquerdo');
insert into Jogador (idPessoa, posicaoPref, pePref) values (20, 'Avançado', 'Esquerdo');
insert into Jogador (idPessoa, posicaoPref, pePref) values (21, 'Avançado', 'Direito');
insert into Jogador (idPessoa, posicaoPref, pePref) values (22, 'Avançado', 'Direito');
insert into Jogador (idPessoa, posicaoPref, pePref) values (23, 'Médio', 'Direito');
insert into Jogador (idPessoa, posicaoPref, pePref) values (24, 'Defesa', 'Direito');
insert into Jogador (idPessoa, posicaoPref, pePref) values (25, 'Guarda-Redes', 'Esquerdo');
insert into Jogador (idPessoa, posicaoPref, pePref) values (26, 'Avançado', 'Esquerdo');
insert into Jogador (idPessoa, posicaoPref, pePref) values (27, 'Avançado', 'Esquerdo');
insert into Jogador (idPessoa, posicaoPref, pePref) values (28, 'Avançado', 'Esquerdo');
insert into Jogador (idPessoa, posicaoPref, pePref) values (29, 'Médio', 'Esquerdo');
insert into Jogador (idPessoa, posicaoPref, pePref) values (30, 'Guarda-Redes', 'Esquerdo');
insert into Jogador (idPessoa, posicaoPref, pePref) values (31, 'Avançado', 'Esquerdo');
insert into Jogador (idPessoa, posicaoPref, pePref) values (32, 'Defesa', 'Esquerdo');
insert into Jogador (idPessoa, posicaoPref, pePref) values (33, 'Defesa', 'Esquerdo');
insert into Jogador (idPessoa, posicaoPref, pePref) values (34, 'Médio', 'Esquerdo');
insert into Jogador (idPessoa, posicaoPref, pePref) values (35, 'Guarda-Redes', 'Esquerdo');
insert into Jogador (idPessoa, posicaoPref, pePref) values (36, 'Defesa', 'Esquerdo');
insert into Jogador (idPessoa, posicaoPref, pePref) values (37, 'Avançado', 'Direito');
insert into Jogador (idPessoa, posicaoPref, pePref) values (38, 'Avançado', 'Direito');
insert into Jogador (idPessoa, posicaoPref, pePref) values (39, 'Médio', 'Direito');
insert into Jogador (idPessoa, posicaoPref, pePref) values (40, 'Avançado', 'Direito');
insert into Jogador (idPessoa, posicaoPref, pePref) values (41, 'Médio', 'Direito');
insert into Jogador (idPessoa, posicaoPref, pePref) values (42, 'Avançado', 'Direito');
insert into Jogador (idPessoa, posicaoPref, pePref) values (43, 'Avançado', 'Esquerdo');
insert into Jogador (idPessoa, posicaoPref, pePref) values (44, 'Guarda-Redes', 'Esquerdo');
insert into Jogador (idPessoa, posicaoPref, pePref) values (45, 'Avançado', 'Direito');
insert into Jogador (idPessoa, posicaoPref, pePref) values (46, 'Avançado', 'Esquerdo');
insert into Jogador (idPessoa, posicaoPref, pePref) values (47, 'Médio', 'Direito');
insert into Jogador (idPessoa, posicaoPref, pePref) values (48, 'Avançado', 'Direito');
insert into Jogador (idPessoa, posicaoPref, pePref) values (49, 'Defesa', 'Direito');
insert into Jogador (idPessoa, posicaoPref, pePref) values (50, 'Avançado', 'Direito');
insert into Jogador (idPessoa, posicaoPref, pePref) values (51, 'Guarda-Redes', 'Esquerdo');
insert into Jogador (idPessoa, posicaoPref, pePref) values (52, 'Avançado', 'Direito');
insert into Jogador (idPessoa, posicaoPref, pePref) values (53, 'Avançado', 'Direito');
insert into Jogador (idPessoa, posicaoPref, pePref) values (54, 'Avançado', 'Esquerdo');
insert into Jogador (idPessoa, posicaoPref, pePref) values (55, 'Defesa', 'Direito');
insert into Jogador (idPessoa, posicaoPref, pePref) values (56, 'Médio', 'Direito');
insert into Jogador (idPessoa, posicaoPref, pePref) values (57, 'Avançado', 'Esquerdo');
insert into Jogador (idPessoa, posicaoPref, pePref) values (58, 'Defesa', 'Direito');
insert into Jogador (idPessoa, posicaoPref, pePref) values (59, 'Avançado', 'Esquerdo');
insert into Jogador (idPessoa, posicaoPref, pePref) values (60, 'Avançado', 'Esquerdo');
insert into Jogador (idPessoa, posicaoPref, pePref) values (61, 'Guarda-Redes', 'Esquerdo');
insert into Jogador (idPessoa, posicaoPref, pePref) values (62, 'Avançado', 'Direito');
insert into Jogador (idPessoa, posicaoPref, pePref) values (63, 'Médio', 'Direito');
insert into Jogador (idPessoa, posicaoPref, pePref) values (64, 'Guarda-Redes', 'Direito');
insert into Jogador (idPessoa, posicaoPref, pePref) values (65, 'Defesa', 'Direito');
insert into Jogador (idPessoa, posicaoPref, pePref) values (66, 'Avançado', 'Direito');
insert into Jogador (idPessoa, posicaoPref, pePref) values (67, 'Avançado', 'Direito');
insert into Jogador (idPessoa, posicaoPref, pePref) values (68, 'Avançado', 'Direito');
insert into Jogador (idPessoa, posicaoPref, pePref) values (69, 'Médio', 'Esquerdo');
insert into Jogador (idPessoa, posicaoPref, pePref) values (70, 'Avançado', 'Direito');
insert into Jogador (idPessoa, posicaoPref, pePref) values (71, 'Avançado', 'Esquerdo');
insert into Jogador (idPessoa, posicaoPref, pePref) values (72, 'Avançado', 'Esquerdo');
insert into Jogador (idPessoa, posicaoPref, pePref) values (73, 'Avançado', 'Esquerdo');
insert into Jogador (idPessoa, posicaoPref, pePref) values (74, 'Avançado', 'Direito');
insert into Jogador (idPessoa, posicaoPref, pePref) values (75, 'Avançado', 'Esquerdo');
insert into Jogador (idPessoa, posicaoPref, pePref) values (76, 'Avançado', 'Direito');
insert into Jogador (idPessoa, posicaoPref, pePref) values (77, 'Médio', 'Direito');
insert into Jogador (idPessoa, posicaoPref, pePref) values (78, 'Médio', 'Esquerdo');
insert into Jogador (idPessoa, posicaoPref, pePref) values (79, 'Avançado', 'Esquerdo');
insert into Jogador (idPessoa, posicaoPref, pePref) values (80, 'Guarda-Redes', 'Direito');
insert into Jogador (idPessoa, posicaoPref, pePref) values (81, 'Avançado', 'Esquerdo');
insert into Jogador (idPessoa, posicaoPref, pePref) values (82, 'Médio', 'Direito');
insert into Jogador (idPessoa, posicaoPref, pePref) values (83, 'Avançado', 'Esquerdo');
insert into Jogador (idPessoa, posicaoPref, pePref) values (84, 'Médio', 'Direito');
insert into Jogador (idPessoa, posicaoPref, pePref) values (85, 'Avançado', 'Direito');
insert into Jogador (idPessoa, posicaoPref, pePref) values (86, 'Médio', 'Esquerdo');
insert into Jogador (idPessoa, posicaoPref, pePref) values (87, 'Defesa', 'Esquerdo');
insert into Jogador (idPessoa, posicaoPref, pePref) values (88, 'Avançado', 'Direito');
insert into Jogador (idPessoa, posicaoPref, pePref) values (89, 'Avançado', 'Direito');
insert into Jogador (idPessoa, posicaoPref, pePref) values (90, 'Avançado', 'Direito');
insert into Jogador (idPessoa, posicaoPref, pePref) values (91, 'Médio', 'Direito');
insert into Jogador (idPessoa, posicaoPref, pePref) values (92, 'Médio', 'Esquerdo');
insert into Jogador (idPessoa, posicaoPref, pePref) values (93, 'Médio', 'Direito');
insert into Jogador (idPessoa, posicaoPref, pePref) values (94, 'Defesa', 'Direito');
insert into Jogador (idPessoa, posicaoPref, pePref) values (95, 'Defesa', 'Direito');
insert into Jogador (idPessoa, posicaoPref, pePref) values (96, 'Guarda-Redes', 'Esquerdo');
insert into Jogador (idPessoa, posicaoPref, pePref) values (97, 'Avançado', 'Direito');
insert into Jogador (idPessoa, posicaoPref, pePref) values (98, 'Médio', 'Direito');
insert into Jogador (idPessoa, posicaoPref, pePref) values (99, 'Avançado', 'Esquerdo');
insert into Jogador (idPessoa, posicaoPref, pePref) values (100, 'Avançado', 'Esquerdo');
insert into Jogador (idPessoa, posicaoPref, pePref) values (101, 'Médio', 'Esquerdo');
insert into Jogador (idPessoa, posicaoPref, pePref) values (102, 'Médio', 'Esquerdo');
insert into Jogador (idPessoa, posicaoPref, pePref) values (103, 'Guarda-Redes', 'Direito');
insert into Jogador (idPessoa, posicaoPref, pePref) values (104, 'Avançado', 'Direito');
insert into Jogador (idPessoa, posicaoPref, pePref) values (105, 'Avançado', 'Direito');
insert into Jogador (idPessoa, posicaoPref, pePref) values (106, 'Avançado', 'Direito');
insert into Jogador (idPessoa, posicaoPref, pePref) values (107, 'Avançado', 'Direito');
insert into Jogador (idPessoa, posicaoPref, pePref) values (108, 'Guarda-Redes', 'Direito');
insert into Jogador (idPessoa, posicaoPref, pePref) values (109, 'Avançado', 'Esquerdo');
insert into Jogador (idPessoa, posicaoPref, pePref) values (110, 'Médio', 'Esquerdo');
insert into Jogador (idPessoa, posicaoPref, pePref) values (111, 'Avançado', 'Esquerdo');
insert into Jogador (idPessoa, posicaoPref, pePref) values (112, 'Médio', 'Direito');
insert into Jogador (idPessoa, posicaoPref, pePref) values (113, 'Avançado', 'Esquerdo');
insert into Jogador (idPessoa, posicaoPref, pePref) values (114, 'Defesa', 'Esquerdo');
insert into Jogador (idPessoa, posicaoPref, pePref) values (115, 'Defesa', 'Esquerdo');
insert into Jogador (idPessoa, posicaoPref, pePref) values (116, 'Avançado', 'Esquerdo');
insert into Jogador (idPessoa, posicaoPref, pePref) values (117, 'Avançado', 'Esquerdo');
insert into Jogador (idPessoa, posicaoPref, pePref) values (118, 'Guarda-Redes', 'Esquerdo');
insert into Jogador (idPessoa, posicaoPref, pePref) values (119, 'Defesa', 'Direito');
insert into Jogador (idPessoa, posicaoPref, pePref) values (120, 'Defesa', 'Direito');
insert into Jogador (idPessoa, posicaoPref, pePref) values (121, 'Avançado', 'Direito');
insert into Jogador (idPessoa, posicaoPref, pePref) values (122, 'Guarda-Redes', 'Esquerdo');
insert into Jogador (idPessoa, posicaoPref, pePref) values (123, 'Avançado', 'Esquerdo');
insert into Jogador (idPessoa, posicaoPref, pePref) values (124, 'Médio', 'Direito');
insert into Jogador (idPessoa, posicaoPref, pePref) values (125, 'Avançado', 'Esquerdo');
insert into Jogador (idPessoa, posicaoPref, pePref) values (126, 'Médio', 'Direito');
insert into Jogador (idPessoa, posicaoPref, pePref) values (127, 'Avançado', 'Esquerdo');
insert into Jogador (idPessoa, posicaoPref, pePref) values (128, 'Avançado', 'Esquerdo');
insert into Jogador (idPessoa, posicaoPref, pePref) values (129, 'Avançado', 'Esquerdo');
insert into Jogador (idPessoa, posicaoPref, pePref) values (130, 'Médio', 'Esquerdo');
insert into Jogador (idPessoa, posicaoPref, pePref) values (131, 'Defesa', 'Esquerdo');
insert into Jogador (idPessoa, posicaoPref, pePref) values (132, 'Avançado', 'Direito');
insert into Jogador (idPessoa, posicaoPref, pePref) values (133, 'Médio', 'Direito');
insert into Jogador (idPessoa, posicaoPref, pePref) values (134, 'Avançado', 'Direito');
insert into Jogador (idPessoa, posicaoPref, pePref) values (135, 'Defesa', 'Esquerdo');
insert into Jogador (idPessoa, posicaoPref, pePref) values (136, 'Avançado', 'Direito');
insert into Jogador (idPessoa, posicaoPref, pePref) values (137, 'Guarda-Redes', 'Esquerdo');
insert into Jogador (idPessoa, posicaoPref, pePref) values (138, 'Avançado', 'Esquerdo');
insert into Jogador (idPessoa, posicaoPref, pePref) values (139, 'Guarda-Redes', 'Direito');
insert into Jogador (idPessoa, posicaoPref, pePref) values (140, 'Avançado', 'Esquerdo');
insert into Jogador (idPessoa, posicaoPref, pePref) values (141, 'Avançado', 'Esquerdo');
insert into Jogador (idPessoa, posicaoPref, pePref) values (142, 'Defesa', 'Esquerdo');
insert into Jogador (idPessoa, posicaoPref, pePref) values (143, 'Avançado', 'Direito');
insert into Jogador (idPessoa, posicaoPref, pePref) values (144, 'Avançado', 'Esquerdo');
insert into Jogador (idPessoa, posicaoPref, pePref) values (145, 'Médio', 'Direito');
insert into Jogador (idPessoa, posicaoPref, pePref) values (146, 'Guarda-Redes', 'Esquerdo');
insert into Jogador (idPessoa, posicaoPref, pePref) values (147, 'Avançado', 'Esquerdo');
insert into Jogador (idPessoa, posicaoPref, pePref) values (148, 'Avançado', 'Esquerdo');
insert into Jogador (idPessoa, posicaoPref, pePref) values (149, 'Médio', 'Direito');
insert into Jogador (idPessoa, posicaoPref, pePref) values (150, 'Guarda-Redes', 'Direito');
insert into Jogador (idPessoa, posicaoPref, pePref) values (151, 'Médio', 'Direito');
insert into Jogador (idPessoa, posicaoPref, pePref) values (152, 'Médio', 'Esquerdo');
insert into Jogador (idPessoa, posicaoPref, pePref) values (153, 'Avançado', 'Esquerdo');
insert into Jogador (idPessoa, posicaoPref, pePref) values (154, 'Avançado', 'Direito');
insert into Jogador (idPessoa, posicaoPref, pePref) values (155, 'Guarda-Redes', 'Direito');
insert into Jogador (idPessoa, posicaoPref, pePref) values (156, 'Avançado', 'Esquerdo');
insert into Jogador (idPessoa, posicaoPref, pePref) values (157, 'Médio', 'Direito');
insert into Jogador (idPessoa, posicaoPref, pePref) values (158, 'Guarda-Redes', 'Esquerdo');
insert into Jogador (idPessoa, posicaoPref, pePref) values (159, 'Médio', 'Esquerdo');
insert into Jogador (idPessoa, posicaoPref, pePref) values (160, 'Avançado', 'Esquerdo');
insert into Jogador (idPessoa, posicaoPref, pePref) values (161, 'Médio', 'Direito');
insert into Jogador (idPessoa, posicaoPref, pePref) values (162, 'Avançado', 'Esquerdo');
insert into Jogador (idPessoa, posicaoPref, pePref) values (163, 'Avançado', 'Esquerdo');
insert into Jogador (idPessoa, posicaoPref, pePref) values (164, 'Médio', 'Esquerdo');
insert into Jogador (idPessoa, posicaoPref, pePref) values (165, 'Avançado', 'Direito');
insert into Jogador (idPessoa, posicaoPref, pePref) values (166, 'Avançado', 'Direito');
insert into Jogador (idPessoa, posicaoPref, pePref) values (167, 'Defesa', 'Direito');
insert into Jogador (idPessoa, posicaoPref, pePref) values (168, 'Guarda-Redes', 'Direito');
insert into Jogador (idPessoa, posicaoPref, pePref) values (169, 'Avançado', 'Esquerdo');
insert into Jogador (idPessoa, posicaoPref, pePref) values (170, 'Médio', 'Esquerdo');
insert into Jogador (idPessoa, posicaoPref, pePref) values (171, 'Avançado', 'Direito');
insert into Jogador (idPessoa, posicaoPref, pePref) values (172, 'Médio', 'Esquerdo');
insert into Jogador (idPessoa, posicaoPref, pePref) values (173, 'Avançado', 'Direito');
insert into Jogador (idPessoa, posicaoPref, pePref) values (174, 'Defesa', 'Esquerdo');
insert into Jogador (idPessoa, posicaoPref, pePref) values (175, 'Avançado', 'Esquerdo');
insert into Jogador (idPessoa, posicaoPref, pePref) values (176, 'Avançado', 'Esquerdo');
insert into Jogador (idPessoa, posicaoPref, pePref) values (177, 'Defesa', 'Direito');
insert into Jogador (idPessoa, posicaoPref, pePref) values (178, 'Avançado', 'Esquerdo');
insert into Jogador (idPessoa, posicaoPref, pePref) values (179, 'Defesa', 'Direito');
insert into Jogador (idPessoa, posicaoPref, pePref) values (180, 'Defesa', 'Direito');
insert into Jogador (idPessoa, posicaoPref, pePref) values (181, 'Avançado', 'Direito');
insert into Jogador (idPessoa, posicaoPref, pePref) values (182, 'Avançado', 'Esquerdo');
insert into Jogador (idPessoa, posicaoPref, pePref) values (183, 'Guarda-Redes', 'Esquerdo');
insert into Jogador (idPessoa, posicaoPref, pePref) values (184, 'Avançado', 'Direito');
insert into Jogador (idPessoa, posicaoPref, pePref) values (185, 'Defesa', 'Esquerdo');
insert into Jogador (idPessoa, posicaoPref, pePref) values (186, 'Avançado', 'Direito');
insert into Jogador (idPessoa, posicaoPref, pePref) values (187, 'Avançado', 'Esquerdo');
insert into Jogador (idPessoa, posicaoPref, pePref) values (188, 'Avançado', 'Direito');
insert into Jogador (idPessoa, posicaoPref, pePref) values (189, 'Defesa', 'Esquerdo');
insert into Jogador (idPessoa, posicaoPref, pePref) values (190, 'Avançado', 'Esquerdo');
insert into Jogador (idPessoa, posicaoPref, pePref) values (191, 'Médio', 'Direito');
insert into Jogador (idPessoa, posicaoPref, pePref) values (192, 'Avançado', 'Direito');
insert into Jogador (idPessoa, posicaoPref, pePref) values (193, 'Guarda-Redes', 'Esquerdo');
insert into Jogador (idPessoa, posicaoPref, pePref) values (194, 'Avançado', 'Esquerdo');
insert into Jogador (idPessoa, posicaoPref, pePref) values (195, 'Avançado', 'Direito');
insert into Jogador (idPessoa, posicaoPref, pePref) values (196, 'Avançado', 'Direito');
insert into Jogador (idPessoa, posicaoPref, pePref) values (197, 'Defesa', 'Direito');
insert into Jogador (idPessoa, posicaoPref, pePref) values (198, 'Defesa', 'Esquerdo');
insert into Jogador (idPessoa, posicaoPref, pePref) values (199, 'Avançado', 'Esquerdo');
insert into Jogador (idPessoa, posicaoPref, pePref) values (200, 'Guarda-Redes', 'Direito');
insert into Jogador (idPessoa, posicaoPref, pePref) values (201, 'Avançado', 'Direito');
insert into Jogador (idPessoa, posicaoPref, pePref) values (202, 'Defesa', 'Direito');
insert into Jogador (idPessoa, posicaoPref, pePref) values (203, 'Avançado', 'Esquerdo');
insert into Jogador (idPessoa, posicaoPref, pePref) values (204, 'Defesa', 'Esquerdo');
insert into Jogador (idPessoa, posicaoPref, pePref) values (205, 'Defesa', 'Direito');
insert into Jogador (idPessoa, posicaoPref, pePref) values (206, 'Avançado', 'Esquerdo');
insert into Jogador (idPessoa, posicaoPref, pePref) values (207, 'Avançado', 'Esquerdo');
insert into Jogador (idPessoa, posicaoPref, pePref) values (208, 'Médio', 'Direito');
insert into Jogador (idPessoa, posicaoPref, pePref) values (209, 'Guarda-Redes', 'Esquerdo');
insert into Jogador (idPessoa, posicaoPref, pePref) values (210, 'Avançado', 'Direito');
insert into Jogador (idPessoa, posicaoPref, pePref) values (211, 'Médio', 'Esquerdo');
insert into Jogador (idPessoa, posicaoPref, pePref) values (212, 'Médio', 'Direito');
insert into Jogador (idPessoa, posicaoPref, pePref) values (213, 'Defesa', 'Esquerdo');
insert into Jogador (idPessoa, posicaoPref, pePref) values (214, 'Médio', 'Esquerdo');
insert into Jogador (idPessoa, posicaoPref, pePref) values (215, 'Guarda-Redes', 'Esquerdo');
insert into Jogador (idPessoa, posicaoPref, pePref) values (216, 'Médio', 'Direito');
insert into Jogador (idPessoa, posicaoPref, pePref) values (217, 'Guarda-Redes', 'Direito');
insert into Jogador (idPessoa, posicaoPref, pePref) values (218, 'Avançado', 'Direito');
insert into Jogador (idPessoa, posicaoPref, pePref) values (219, 'Médio', 'Direito');
insert into Jogador (idPessoa, posicaoPref, pePref) values (220, 'Avançado', 'Esquerdo');
insert into Jogador (idPessoa, posicaoPref, pePref) values (221, 'Médio', 'Direito');
insert into Jogador (idPessoa, posicaoPref, pePref) values (222, 'Avançado', 'Esquerdo');
insert into Jogador (idPessoa, posicaoPref, pePref) values (223, 'Avançado', 'Direito');
insert into Jogador (idPessoa, posicaoPref, pePref) values (224, 'Médio', 'Esquerdo');
insert into Jogador (idPessoa, posicaoPref, pePref) values (225, 'Guarda-Redes', 'Direito');
insert into Jogador (idPessoa, posicaoPref, pePref) values (226, 'Defesa', 'Esquerdo');
insert into Jogador (idPessoa, posicaoPref, pePref) values (227, 'Médio', 'Direito');
insert into Jogador (idPessoa, posicaoPref, pePref) values (228, 'Avançado', 'Esquerdo');
insert into Jogador (idPessoa, posicaoPref, pePref) values (229, 'Avançado', 'Direito');
insert into Jogador (idPessoa, posicaoPref, pePref) values (230, 'Guarda-Redes', 'Direito');
insert into Jogador (idPessoa, posicaoPref, pePref) values (231, 'Defesa', 'Direito');
insert into Jogador (idPessoa, posicaoPref, pePref) values (232, 'Médio', 'Esquerdo');
insert into Jogador (idPessoa, posicaoPref, pePref) values (233, 'Avançado', 'Esquerdo');
insert into Jogador (idPessoa, posicaoPref, pePref) values (234, 'Avançado', 'Direito');
insert into Jogador (idPessoa, posicaoPref, pePref) values (235, 'Guarda-Redes', 'Direito');
insert into Jogador (idPessoa, posicaoPref, pePref) values (236, 'Guarda-Redes', 'Direito');
insert into Jogador (idPessoa, posicaoPref, pePref) values (237, 'Defesa', 'Esquerdo');
insert into Jogador (idPessoa, posicaoPref, pePref) values (238, 'Guarda-Redes', 'Esquerdo');
insert into Jogador (idPessoa, posicaoPref, pePref) values (239, 'Avançado', 'Esquerdo');
insert into Jogador (idPessoa, posicaoPref, pePref) values (240, 'Avançado', 'Direito');
insert into Jogador (idPessoa, posicaoPref, pePref) values (241, 'Avançado', 'Direito');
insert into Jogador (idPessoa, posicaoPref, pePref) values (242, 'Médio', 'Esquerdo');
insert into Jogador (idPessoa, posicaoPref, pePref) values (243, 'Avançado', 'Esquerdo');
insert into Jogador (idPessoa, posicaoPref, pePref) values (244, 'Avançado', 'Esquerdo');
insert into Jogador (idPessoa, posicaoPref, pePref) values (245, 'Avançado', 'Esquerdo');
insert into Jogador (idPessoa, posicaoPref, pePref) values (246, 'Médio', 'Direito');
insert into Jogador (idPessoa, posicaoPref, pePref) values (247, 'Médio', 'Esquerdo');
insert into Jogador (idPessoa, posicaoPref, pePref) values (248, 'Guarda-Redes', 'Direito');
insert into Jogador (idPessoa, posicaoPref, pePref) values (249, 'Avançado', 'Direito');
insert into Jogador (idPessoa, posicaoPref, pePref) values (250, 'Médio', 'Direito');
insert into Jogador (idPessoa, posicaoPref, pePref) values (251, 'Defesa', 'Esquerdo');
insert into Jogador (idPessoa, posicaoPref, pePref) values (252, 'Médio', 'Direito');
insert into Jogador (idPessoa, posicaoPref, pePref) values (253, 'Avançado', 'Esquerdo');
insert into Jogador (idPessoa, posicaoPref, pePref) values (254, 'Avançado', 'Esquerdo');
insert into Jogador (idPessoa, posicaoPref, pePref) values (255, 'Médio', 'Esquerdo');
insert into Jogador (idPessoa, posicaoPref, pePref) values (256, 'Avançado', 'Direito');
insert into Jogador (idPessoa, posicaoPref, pePref) values (257, 'Avançado', 'Direito');
insert into Jogador (idPessoa, posicaoPref, pePref) values (258, 'Avançado', 'Direito');
insert into Jogador (idPessoa, posicaoPref, pePref) values (259, 'Guarda-Redes', 'Esquerdo');
insert into Jogador (idPessoa, posicaoPref, pePref) values (260, 'Avançado', 'Esquerdo');
insert into Jogador (idPessoa, posicaoPref, pePref) values (261, 'Avançado', 'Esquerdo');
insert into Jogador (idPessoa, posicaoPref, pePref) values (262, 'Médio', 'Esquerdo');
insert into Jogador (idPessoa, posicaoPref, pePref) values (263, 'Avançado', 'Direito');
insert into Jogador (idPessoa, posicaoPref, pePref) values (264, 'Médio', 'Esquerdo');
insert into Jogador (idPessoa, posicaoPref, pePref) values (265, 'Avançado', 'Direito');
insert into Jogador (idPessoa, posicaoPref, pePref) values (266, 'Médio', 'Direito');
insert into Jogador (idPessoa, posicaoPref, pePref) values (267, 'Médio', 'Direito');
insert into Jogador (idPessoa, posicaoPref, pePref) values (268, 'Médio', 'Direito');
insert into Jogador (idPessoa, posicaoPref, pePref) values (269, 'Avançado', 'Direito');
insert into Jogador (idPessoa, posicaoPref, pePref) values (270, 'Defesa', 'Esquerdo');
insert into Jogador (idPessoa, posicaoPref, pePref) values (271, 'Guarda-Redes', 'Esquerdo');
insert into Jogador (idPessoa, posicaoPref, pePref) values (272, 'Defesa', 'Direito');
insert into Jogador (idPessoa, posicaoPref, pePref) values (273, 'Avançado', 'Direito');
insert into Jogador (idPessoa, posicaoPref, pePref) values (274, 'Guarda-Redes', 'Direito');
insert into Jogador (idPessoa, posicaoPref, pePref) values (275, 'Guarda-Redes', 'Direito');
insert into Jogador (idPessoa, posicaoPref, pePref) values (276, 'Médio', 'Direito');
insert into Jogador (idPessoa, posicaoPref, pePref) values (277, 'Médio', 'Esquerdo');
insert into Jogador (idPessoa, posicaoPref, pePref) values (278, 'Avançado', 'Esquerdo');
insert into Jogador (idPessoa, posicaoPref, pePref) values (279, 'Guarda-Redes', 'Direito');
insert into Jogador (idPessoa, posicaoPref, pePref) values (280, 'Guarda-Redes', 'Esquerdo');
insert into Jogador (idPessoa, posicaoPref, pePref) values (281, 'Médio', 'Direito');
insert into Jogador (idPessoa, posicaoPref, pePref) values (282, 'Guarda-Redes', 'Direito');
insert into Jogador (idPessoa, posicaoPref, pePref) values (283, 'Avançado', 'Esquerdo');
insert into Jogador (idPessoa, posicaoPref, pePref) values (284, 'Avançado', 'Direito');
insert into Jogador (idPessoa, posicaoPref, pePref) values (285, 'Avançado', 'Direito');
insert into Jogador (idPessoa, posicaoPref, pePref) values (286, 'Médio', 'Direito');
insert into Jogador (idPessoa, posicaoPref, pePref) values (287, 'Defesa', 'Direito');
insert into Jogador (idPessoa, posicaoPref, pePref) values (288, 'Guarda-Redes', 'Direito');
insert into Jogador (idPessoa, posicaoPref, pePref) values (289, 'Médio', 'Direito');
insert into Jogador (idPessoa, posicaoPref, pePref) values (290, 'Avançado', 'Esquerdo');
insert into Jogador (idPessoa, posicaoPref, pePref) values (291, 'Médio', 'Direito');
insert into Jogador (idPessoa, posicaoPref, pePref) values (292, 'Médio', 'Direito');
insert into Jogador (idPessoa, posicaoPref, pePref) values (293, 'Médio', 'Direito');
insert into Jogador (idPessoa, posicaoPref, pePref) values (294, 'Guarda-Redes', 'Direito');
insert into Jogador (idPessoa, posicaoPref, pePref) values (295, 'Avançado', 'Direito');
insert into Jogador (idPessoa, posicaoPref, pePref) values (296, 'Avançado', 'Esquerdo');
insert into Jogador (idPessoa, posicaoPref, pePref) values (297, 'Avançado', 'Direito');
insert into Jogador (idPessoa, posicaoPref, pePref) values (298, 'Avançado', 'Esquerdo');
insert into Jogador (idPessoa, posicaoPref, pePref) values (299, 'Defesa', 'Esquerdo');
insert into Jogador (idPessoa, posicaoPref, pePref) values (300, 'Médio', 'Esquerdo');
insert into Jogador (idPessoa, posicaoPref, pePref) values (301, 'Médio', 'Direito');
insert into Jogador (idPessoa, posicaoPref, pePref) values (302, 'Avançado', 'Esquerdo');
insert into Jogador (idPessoa, posicaoPref, pePref) values (303, 'Médio', 'Esquerdo');
insert into Jogador (idPessoa, posicaoPref, pePref) values (304, 'Guarda-Redes', 'Direito');
insert into Jogador (idPessoa, posicaoPref, pePref) values (305, 'Avançado', 'Direito');
insert into Jogador (idPessoa, posicaoPref, pePref) values (306, 'Médio', 'Esquerdo');
insert into Jogador (idPessoa, posicaoPref, pePref) values (307, 'Médio', 'Direito');
insert into Jogador (idPessoa, posicaoPref, pePref) values (308, 'Guarda-Redes', 'Direito');
insert into Jogador (idPessoa, posicaoPref, pePref) values (309, 'Guarda-Redes', 'Direito');
insert into Jogador (idPessoa, posicaoPref, pePref) values (310, 'Avançado', 'Esquerdo');
insert into Jogador (idPessoa, posicaoPref, pePref) values (311, 'Avançado', 'Direito');
insert into Jogador (idPessoa, posicaoPref, pePref) values (312, 'Avançado', 'Direito');
insert into Jogador (idPessoa, posicaoPref, pePref) values (313, 'Defesa', 'Direito');
insert into Jogador (idPessoa, posicaoPref, pePref) values (314, 'Guarda-Redes', 'Esquerdo');
insert into Jogador (idPessoa, posicaoPref, pePref) values (315, 'Avançado', 'Esquerdo');
insert into Jogador (idPessoa, posicaoPref, pePref) values (316, 'Médio', 'Esquerdo');
insert into Jogador (idPessoa, posicaoPref, pePref) values (317, 'Avançado', 'Esquerdo');
insert into Jogador (idPessoa, posicaoPref, pePref) values (318, 'Avançado', 'Direito');
insert into Jogador (idPessoa, posicaoPref, pePref) values (319, 'Avançado', 'Esquerdo');
insert into Jogador (idPessoa, posicaoPref, pePref) values (320, 'Avançado', 'Direito');
insert into Jogador (idPessoa, posicaoPref, pePref) values (321, 'Avançado', 'Esquerdo');
insert into Jogador (idPessoa, posicaoPref, pePref) values (322, 'Avançado', 'Esquerdo');
insert into Jogador (idPessoa, posicaoPref, pePref) values (323, 'Defesa', 'Direito');
insert into Jogador (idPessoa, posicaoPref, pePref) values (324, 'Avançado', 'Direito');
insert into Jogador (idPessoa, posicaoPref, pePref) values (325, 'Avançado', 'Direito');
insert into Jogador (idPessoa, posicaoPref, pePref) values (326, 'Avançado', 'Direito');
insert into Jogador (idPessoa, posicaoPref, pePref) values (327, 'Avançado', 'Esquerdo');
insert into Jogador (idPessoa, posicaoPref, pePref) values (328, 'Médio', 'Esquerdo');
insert into Jogador (idPessoa, posicaoPref, pePref) values (329, 'Médio', 'Direito');
insert into Jogador (idPessoa, posicaoPref, pePref) values (330, 'Avançado', 'Direito');
insert into Jogador (idPessoa, posicaoPref, pePref) values (331, 'Avançado', 'Direito');
insert into Jogador (idPessoa, posicaoPref, pePref) values (332, 'Avançado', 'Direito');
insert into Jogador (idPessoa, posicaoPref, pePref) values (333, 'Avançado', 'Esquerdo');
insert into Jogador (idPessoa, posicaoPref, pePref) values (334, 'Médio', 'Direito');
insert into Jogador (idPessoa, posicaoPref, pePref) values (335, 'Avançado', 'Esquerdo');
insert into Jogador (idPessoa, posicaoPref, pePref) values (336, 'Avançado', 'Direito');
insert into Jogador (idPessoa, posicaoPref, pePref) values (337, 'Avançado', 'Direito');
insert into Jogador (idPessoa, posicaoPref, pePref) values (338, 'Médio', 'Direito');
insert into Jogador (idPessoa, posicaoPref, pePref) values (339, 'Avançado', 'Esquerdo');
insert into Jogador (idPessoa, posicaoPref, pePref) values (340, 'Defesa', 'Esquerdo');
insert into Jogador (idPessoa, posicaoPref, pePref) values (341, 'Avançado', 'Esquerdo');
insert into Jogador (idPessoa, posicaoPref, pePref) values (342, 'Médio', 'Direito');
insert into Jogador (idPessoa, posicaoPref, pePref) values (343, 'Avançado', 'Esquerdo');
insert into Jogador (idPessoa, posicaoPref, pePref) values (344, 'Avançado', 'Esquerdo');
insert into Jogador (idPessoa, posicaoPref, pePref) values (345, 'Médio', 'Direito');
insert into Jogador (idPessoa, posicaoPref, pePref) values (346, 'Médio', 'Direito');
insert into Jogador (idPessoa, posicaoPref, pePref) values (347, 'Avançado', 'Esquerdo');
insert into Jogador (idPessoa, posicaoPref, pePref) values (348, 'Guarda-Redes', 'Direito');
insert into Jogador (idPessoa, posicaoPref, pePref) values (349, 'Defesa', 'Esquerdo');
insert into Jogador (idPessoa, posicaoPref, pePref) values (350, 'Avançado', 'Esquerdo');
insert into Jogador (idPessoa, posicaoPref, pePref) values (351, 'Médio', 'Direito');
insert into Jogador (idPessoa, posicaoPref, pePref) values (352, 'Avançado', 'Esquerdo');
insert into Jogador (idPessoa, posicaoPref, pePref) values (353, 'Médio', 'Esquerdo');
insert into Jogador (idPessoa, posicaoPref, pePref) values (354, 'Avançado', 'Direito');
insert into Jogador (idPessoa, posicaoPref, pePref) values (355, 'Médio', 'Esquerdo');
insert into Jogador (idPessoa, posicaoPref, pePref) values (356, 'Defesa', 'Direito');
insert into Jogador (idPessoa, posicaoPref, pePref) values (357, 'Médio', 'Esquerdo');
insert into Jogador (idPessoa, posicaoPref, pePref) values (358, 'Defesa', 'Direito');
insert into Jogador (idPessoa, posicaoPref, pePref) values (359, 'Avançado', 'Direito');
insert into Jogador (idPessoa, posicaoPref, pePref) values (360, 'Avançado', 'Direito');
insert into Jogador (idPessoa, posicaoPref, pePref) values (361, 'Avançado', 'Direito');
insert into Jogador (idPessoa, posicaoPref, pePref) values (362, 'Médio', 'Esquerdo');
insert into Jogador (idPessoa, posicaoPref, pePref) values (363, 'Avançado', 'Esquerdo');
insert into Jogador (idPessoa, posicaoPref, pePref) values (364, 'Avançado', 'Esquerdo');
insert into Jogador (idPessoa, posicaoPref, pePref) values (365, 'Avançado', 'Esquerdo');
insert into Jogador (idPessoa, posicaoPref, pePref) values (366, 'Médio', 'Esquerdo');
insert into Jogador (idPessoa, posicaoPref, pePref) values (367, 'Guarda-Redes', 'Esquerdo');
insert into Jogador (idPessoa, posicaoPref, pePref) values (368, 'Avançado', 'Esquerdo');
insert into Jogador (idPessoa, posicaoPref, pePref) values (369, 'Defesa', 'Direito');
insert into Jogador (idPessoa, posicaoPref, pePref) values (370, 'Defesa', 'Esquerdo');
insert into Jogador (idPessoa, posicaoPref, pePref) values (371, 'Avançado', 'Esquerdo');
insert into Jogador (idPessoa, posicaoPref, pePref) values (372, 'Médio', 'Direito');
insert into Jogador (idPessoa, posicaoPref, pePref) values (373, 'Guarda-Redes', 'Esquerdo');
insert into Jogador (idPessoa, posicaoPref, pePref) values (374, 'Médio', 'Direito');
insert into Jogador (idPessoa, posicaoPref, pePref) values (375, 'Avançado', 'Esquerdo');
insert into Jogador (idPessoa, posicaoPref, pePref) values (376, 'Médio', 'Direito');
insert into Jogador (idPessoa, posicaoPref, pePref) values (377, 'Médio', 'Esquerdo');
insert into Jogador (idPessoa, posicaoPref, pePref) values (378, 'Médio', 'Esquerdo');
insert into Jogador (idPessoa, posicaoPref, pePref) values (379, 'Avançado', 'Direito');
insert into Jogador (idPessoa, posicaoPref, pePref) values (380, 'Médio', 'Esquerdo');
insert into Jogador (idPessoa, posicaoPref, pePref) values (381, 'Médio', 'Direito');
insert into Jogador (idPessoa, posicaoPref, pePref) values (382, 'Avançado', 'Direito');
insert into Jogador (idPessoa, posicaoPref, pePref) values (383, 'Médio', 'Esquerdo');
insert into Jogador (idPessoa, posicaoPref, pePref) values (384, 'Guarda-Redes', 'Esquerdo');
insert into Jogador (idPessoa, posicaoPref, pePref) values (385, 'Avançado', 'Direito');
insert into Jogador (idPessoa, posicaoPref, pePref) values (386, 'Avançado', 'Esquerdo');
insert into Jogador (idPessoa, posicaoPref, pePref) values (387, 'Avançado', 'Esquerdo');
insert into Jogador (idPessoa, posicaoPref, pePref) values (388, 'Médio', 'Direito');
insert into Jogador (idPessoa, posicaoPref, pePref) values (389, 'Avançado', 'Esquerdo');
insert into Jogador (idPessoa, posicaoPref, pePref) values (390, 'Avançado', 'Esquerdo');
insert into Jogador (idPessoa, posicaoPref, pePref) values (391, 'Médio', 'Esquerdo');
insert into Jogador (idPessoa, posicaoPref, pePref) values (392, 'Avançado', 'Direito');
insert into Jogador (idPessoa, posicaoPref, pePref) values (393, 'Defesa', 'Esquerdo');
insert into Jogador (idPessoa, posicaoPref, pePref) values (394, 'Avançado', 'Esquerdo');
insert into Jogador (idPessoa, posicaoPref, pePref) values (395, 'Médio', 'Esquerdo');
insert into Jogador (idPessoa, posicaoPref, pePref) values (396, 'Avançado', 'Esquerdo');
insert into Jogador (idPessoa, posicaoPref, pePref) values (397, 'Avançado', 'Direito');
insert into Jogador (idPessoa, posicaoPref, pePref) values (398, 'Médio', 'Direito');
insert into Jogador (idPessoa, posicaoPref, pePref) values (399, 'Avançado', 'Esquerdo');
insert into Jogador (idPessoa, posicaoPref, pePref) values (400, 'Médio', 'Esquerdo');
insert into Jogador (idPessoa, posicaoPref, pePref) values (401, 'Médio', 'Esquerdo');
insert into Jogador (idPessoa, posicaoPref, pePref) values (402, 'Defesa', 'Esquerdo');
insert into Jogador (idPessoa, posicaoPref, pePref) values (403, 'Guarda-Redes', 'Direito');
insert into Jogador (idPessoa, posicaoPref, pePref) values (404, 'Avançado', 'Esquerdo');
insert into Jogador (idPessoa, posicaoPref, pePref) values (405, 'Avançado', 'Esquerdo');
insert into Jogador (idPessoa, posicaoPref, pePref) values (406, 'Guarda-Redes', 'Direito');
insert into Jogador (idPessoa, posicaoPref, pePref) values (407, 'Guarda-Redes', 'Direito');
insert into Jogador (idPessoa, posicaoPref, pePref) values (408, 'Guarda-Redes', 'Esquerdo');
insert into Jogador (idPessoa, posicaoPref, pePref) values (409, 'Avançado', 'Direito');
insert into Jogador (idPessoa, posicaoPref, pePref) values (410, 'Avançado', 'Direito');
insert into Jogador (idPessoa, posicaoPref, pePref) values (411, 'Avançado', 'Direito');
insert into Jogador (idPessoa, posicaoPref, pePref) values (412, 'Avançado', 'Direito');
insert into Jogador (idPessoa, posicaoPref, pePref) values (413, 'Médio', 'Direito');
insert into Jogador (idPessoa, posicaoPref, pePref) values (414, 'Médio', 'Esquerdo');


--ContratoJogador
insert into ContratoJogador (idContrato, idJogador, idEquipa) values (1, 1, 1);
insert into ContratoJogador (idContrato, idJogador, idEquipa) values (2, 2, 1);
insert into ContratoJogador (idContrato, idJogador, idEquipa) values (3, 3, 1);
insert into ContratoJogador (idContrato, idJogador, idEquipa) values (4, 4, 1);
insert into ContratoJogador (idContrato, idJogador, idEquipa) values (5, 5, 1);
insert into ContratoJogador (idContrato, idJogador, idEquipa) values (6, 6, 1);
insert into ContratoJogador (idContrato, idJogador, idEquipa) values (7, 7, 1);
insert into ContratoJogador (idContrato, idJogador, idEquipa) values (8, 8, 1);
insert into ContratoJogador (idContrato, idJogador, idEquipa) values (9, 9, 1);
insert into ContratoJogador (idContrato, idJogador, idEquipa) values (10, 10, 1);
insert into ContratoJogador (idContrato, idJogador, idEquipa) values (11, 11, 1);
insert into ContratoJogador (idContrato, idJogador, idEquipa) values (12, 12, 1);
insert into ContratoJogador (idContrato, idJogador, idEquipa) values (13, 13, 1);
insert into ContratoJogador (idContrato, idJogador, idEquipa) values (14, 14, 1);
insert into ContratoJogador (idContrato, idJogador, idEquipa) values (15, 15, 1);
insert into ContratoJogador (idContrato, idJogador, idEquipa) values (16, 16, 1);
insert into ContratoJogador (idContrato, idJogador, idEquipa) values (17, 17, 1);
insert into ContratoJogador (idContrato, idJogador, idEquipa) values (18, 18, 1);
insert into ContratoJogador (idContrato, idJogador, idEquipa) values (19, 19, 1);
insert into ContratoJogador (idContrato, idJogador, idEquipa) values (20, 20, 1);
insert into ContratoJogador (idContrato, idJogador, idEquipa) values (21, 21, 1);
insert into ContratoJogador (idContrato, idJogador, idEquipa) values (22, 22, 1);
insert into ContratoJogador (idContrato, idJogador, idEquipa) values (23, 23, 1);
insert into ContratoJogador (idContrato, idJogador, idEquipa) values (24, 24, 2);
insert into ContratoJogador (idContrato, idJogador, idEquipa) values (25, 25, 2);
insert into ContratoJogador (idContrato, idJogador, idEquipa) values (26, 26, 2);
insert into ContratoJogador (idContrato, idJogador, idEquipa) values (27, 27, 2);
insert into ContratoJogador (idContrato, idJogador, idEquipa) values (28, 28, 2);
insert into ContratoJogador (idContrato, idJogador, idEquipa) values (29, 29, 2);
insert into ContratoJogador (idContrato, idJogador, idEquipa) values (30, 30, 2);
insert into ContratoJogador (idContrato, idJogador, idEquipa) values (31, 31, 2);
insert into ContratoJogador (idContrato, idJogador, idEquipa) values (32, 32, 2);
insert into ContratoJogador (idContrato, idJogador, idEquipa) values (33, 33, 2);
insert into ContratoJogador (idContrato, idJogador, idEquipa) values (34, 34, 2);
insert into ContratoJogador (idContrato, idJogador, idEquipa) values (35, 35, 2);
insert into ContratoJogador (idContrato, idJogador, idEquipa) values (36, 36, 2);
insert into ContratoJogador (idContrato, idJogador, idEquipa) values (37, 37, 2);
insert into ContratoJogador (idContrato, idJogador, idEquipa) values (38, 38, 2);
insert into ContratoJogador (idContrato, idJogador, idEquipa) values (39, 39, 2);
insert into ContratoJogador (idContrato, idJogador, idEquipa) values (40, 40, 2);
insert into ContratoJogador (idContrato, idJogador, idEquipa) values (41, 41, 2);
insert into ContratoJogador (idContrato, idJogador, idEquipa) values (42, 42, 2);
insert into ContratoJogador (idContrato, idJogador, idEquipa) values (43, 43, 2);
insert into ContratoJogador (idContrato, idJogador, idEquipa) values (44, 44, 2);
insert into ContratoJogador (idContrato, idJogador, idEquipa) values (45, 45, 2);
insert into ContratoJogador (idContrato, idJogador, idEquipa) values (46, 46, 2);
insert into ContratoJogador (idContrato, idJogador, idEquipa) values (47, 47, 3);
insert into ContratoJogador (idContrato, idJogador, idEquipa) values (48, 48, 3);
insert into ContratoJogador (idContrato, idJogador, idEquipa) values (49, 49, 3);
insert into ContratoJogador (idContrato, idJogador, idEquipa) values (50, 50, 3);
insert into ContratoJogador (idContrato, idJogador, idEquipa) values (51, 51, 3);
insert into ContratoJogador (idContrato, idJogador, idEquipa) values (52, 52, 3);
insert into ContratoJogador (idContrato, idJogador, idEquipa) values (53, 53, 3);
insert into ContratoJogador (idContrato, idJogador, idEquipa) values (54, 54, 3);
insert into ContratoJogador (idContrato, idJogador, idEquipa) values (55, 55, 3);
insert into ContratoJogador (idContrato, idJogador, idEquipa) values (56, 56, 3);
insert into ContratoJogador (idContrato, idJogador, idEquipa) values (57, 57, 3);
insert into ContratoJogador (idContrato, idJogador, idEquipa) values (58, 58, 3);
insert into ContratoJogador (idContrato, idJogador, idEquipa) values (59, 59, 3);
insert into ContratoJogador (idContrato, idJogador, idEquipa) values (60, 60, 3);
insert into ContratoJogador (idContrato, idJogador, idEquipa) values (61, 61, 3);
insert into ContratoJogador (idContrato, idJogador, idEquipa) values (62, 62, 3);
insert into ContratoJogador (idContrato, idJogador, idEquipa) values (63, 63, 3);
insert into ContratoJogador (idContrato, idJogador, idEquipa) values (64, 64, 3);
insert into ContratoJogador (idContrato, idJogador, idEquipa) values (65, 65, 3);
insert into ContratoJogador (idContrato, idJogador, idEquipa) values (66, 66, 3);
insert into ContratoJogador (idContrato, idJogador, idEquipa) values (67, 67, 3);
insert into ContratoJogador (idContrato, idJogador, idEquipa) values (68, 68, 3);
insert into ContratoJogador (idContrato, idJogador, idEquipa) values (69, 69, 3);
insert into ContratoJogador (idContrato, idJogador, idEquipa) values (70, 70, 4);
insert into ContratoJogador (idContrato, idJogador, idEquipa) values (71, 71, 4);
insert into ContratoJogador (idContrato, idJogador, idEquipa) values (72, 72, 4);
insert into ContratoJogador (idContrato, idJogador, idEquipa) values (73, 73, 4);
insert into ContratoJogador (idContrato, idJogador, idEquipa) values (74, 74, 4);
insert into ContratoJogador (idContrato, idJogador, idEquipa) values (75, 75, 4);
insert into ContratoJogador (idContrato, idJogador, idEquipa) values (76, 76, 4);
insert into ContratoJogador (idContrato, idJogador, idEquipa) values (77, 77, 4);
insert into ContratoJogador (idContrato, idJogador, idEquipa) values (78, 78, 4);
insert into ContratoJogador (idContrato, idJogador, idEquipa) values (79, 79, 4);
insert into ContratoJogador (idContrato, idJogador, idEquipa) values (80, 80, 4);
insert into ContratoJogador (idContrato, idJogador, idEquipa) values (81, 81, 4);
insert into ContratoJogador (idContrato, idJogador, idEquipa) values (82, 82, 4);
insert into ContratoJogador (idContrato, idJogador, idEquipa) values (83, 83, 4);
insert into ContratoJogador (idContrato, idJogador, idEquipa) values (84, 84, 4);
insert into ContratoJogador (idContrato, idJogador, idEquipa) values (85, 85, 4);
insert into ContratoJogador (idContrato, idJogador, idEquipa) values (86, 86, 4);
insert into ContratoJogador (idContrato, idJogador, idEquipa) values (87, 87, 4);
insert into ContratoJogador (idContrato, idJogador, idEquipa) values (88, 88, 4);
insert into ContratoJogador (idContrato, idJogador, idEquipa) values (89, 89, 4);
insert into ContratoJogador (idContrato, idJogador, idEquipa) values (90, 90, 4);
insert into ContratoJogador (idContrato, idJogador, idEquipa) values (91, 91, 4);
insert into ContratoJogador (idContrato, idJogador, idEquipa) values (92, 92, 4);
insert into ContratoJogador (idContrato, idJogador, idEquipa) values (93, 93, 5);
insert into ContratoJogador (idContrato, idJogador, idEquipa) values (94, 94, 5);
insert into ContratoJogador (idContrato, idJogador, idEquipa) values (95, 95, 5);
insert into ContratoJogador (idContrato, idJogador, idEquipa) values (96, 96, 5);
insert into ContratoJogador (idContrato, idJogador, idEquipa) values (97, 97, 5);
insert into ContratoJogador (idContrato, idJogador, idEquipa) values (98, 98, 5);
insert into ContratoJogador (idContrato, idJogador, idEquipa) values (99, 99, 5);
insert into ContratoJogador (idContrato, idJogador, idEquipa) values (100, 100, 5);
insert into ContratoJogador (idContrato, idJogador, idEquipa) values (101, 101, 5);
insert into ContratoJogador (idContrato, idJogador, idEquipa) values (102, 102, 5);
insert into ContratoJogador (idContrato, idJogador, idEquipa) values (103, 103, 5);
insert into ContratoJogador (idContrato, idJogador, idEquipa) values (104, 104, 5);
insert into ContratoJogador (idContrato, idJogador, idEquipa) values (105, 105, 5);
insert into ContratoJogador (idContrato, idJogador, idEquipa) values (106, 106, 5);
insert into ContratoJogador (idContrato, idJogador, idEquipa) values (107, 107, 5);
insert into ContratoJogador (idContrato, idJogador, idEquipa) values (108, 108, 5);
insert into ContratoJogador (idContrato, idJogador, idEquipa) values (109, 109, 5);
insert into ContratoJogador (idContrato, idJogador, idEquipa) values (110, 110, 5);
insert into ContratoJogador (idContrato, idJogador, idEquipa) values (111, 111, 5);
insert into ContratoJogador (idContrato, idJogador, idEquipa) values (112, 112, 5);
insert into ContratoJogador (idContrato, idJogador, idEquipa) values (113, 113, 5);
insert into ContratoJogador (idContrato, idJogador, idEquipa) values (114, 114, 5);
insert into ContratoJogador (idContrato, idJogador, idEquipa) values (115, 115, 5);
insert into ContratoJogador (idContrato, idJogador, idEquipa) values (116, 116, 6);
insert into ContratoJogador (idContrato, idJogador, idEquipa) values (117, 117, 6);
insert into ContratoJogador (idContrato, idJogador, idEquipa) values (118, 118, 6);
insert into ContratoJogador (idContrato, idJogador, idEquipa) values (119, 119, 6);
insert into ContratoJogador (idContrato, idJogador, idEquipa) values (120, 120, 6);
insert into ContratoJogador (idContrato, idJogador, idEquipa) values (121, 121, 6);
insert into ContratoJogador (idContrato, idJogador, idEquipa) values (122, 122, 6);
insert into ContratoJogador (idContrato, idJogador, idEquipa) values (123, 123, 6);
insert into ContratoJogador (idContrato, idJogador, idEquipa) values (124, 124, 6);
insert into ContratoJogador (idContrato, idJogador, idEquipa) values (125, 125, 6);
insert into ContratoJogador (idContrato, idJogador, idEquipa) values (126, 126, 6);
insert into ContratoJogador (idContrato, idJogador, idEquipa) values (127, 127, 6);
insert into ContratoJogador (idContrato, idJogador, idEquipa) values (128, 128, 6);
insert into ContratoJogador (idContrato, idJogador, idEquipa) values (129, 129, 6);
insert into ContratoJogador (idContrato, idJogador, idEquipa) values (130, 130, 6);
insert into ContratoJogador (idContrato, idJogador, idEquipa) values (131, 131, 6);
insert into ContratoJogador (idContrato, idJogador, idEquipa) values (132, 132, 6);
insert into ContratoJogador (idContrato, idJogador, idEquipa) values (133, 133, 6);
insert into ContratoJogador (idContrato, idJogador, idEquipa) values (134, 134, 6);
insert into ContratoJogador (idContrato, idJogador, idEquipa) values (135, 135, 6);
insert into ContratoJogador (idContrato, idJogador, idEquipa) values (136, 136, 6);
insert into ContratoJogador (idContrato, idJogador, idEquipa) values (137, 137, 6);
insert into ContratoJogador (idContrato, idJogador, idEquipa) values (138, 138, 6);
insert into ContratoJogador (idContrato, idJogador, idEquipa) values (139, 139, 7);
insert into ContratoJogador (idContrato, idJogador, idEquipa) values (140, 140, 7);
insert into ContratoJogador (idContrato, idJogador, idEquipa) values (141, 141, 7);
insert into ContratoJogador (idContrato, idJogador, idEquipa) values (142, 142, 7);
insert into ContratoJogador (idContrato, idJogador, idEquipa) values (143, 143, 7);
insert into ContratoJogador (idContrato, idJogador, idEquipa) values (144, 144, 7);
insert into ContratoJogador (idContrato, idJogador, idEquipa) values (145, 145, 7);
insert into ContratoJogador (idContrato, idJogador, idEquipa) values (146, 146, 7);
insert into ContratoJogador (idContrato, idJogador, idEquipa) values (147, 147, 7);
insert into ContratoJogador (idContrato, idJogador, idEquipa) values (148, 148, 7);
insert into ContratoJogador (idContrato, idJogador, idEquipa) values (149, 149, 7);
insert into ContratoJogador (idContrato, idJogador, idEquipa) values (150, 150, 7);
insert into ContratoJogador (idContrato, idJogador, idEquipa) values (151, 151, 7);
insert into ContratoJogador (idContrato, idJogador, idEquipa) values (152, 152, 7);
insert into ContratoJogador (idContrato, idJogador, idEquipa) values (153, 153, 7);
insert into ContratoJogador (idContrato, idJogador, idEquipa) values (154, 154, 7);
insert into ContratoJogador (idContrato, idJogador, idEquipa) values (155, 155, 7);
insert into ContratoJogador (idContrato, idJogador, idEquipa) values (156, 156, 7);
insert into ContratoJogador (idContrato, idJogador, idEquipa) values (157, 157, 7);
insert into ContratoJogador (idContrato, idJogador, idEquipa) values (158, 158, 7);
insert into ContratoJogador (idContrato, idJogador, idEquipa) values (159, 159, 7);
insert into ContratoJogador (idContrato, idJogador, idEquipa) values (160, 160, 7);
insert into ContratoJogador (idContrato, idJogador, idEquipa) values (161, 161, 7);
insert into ContratoJogador (idContrato, idJogador, idEquipa) values (162, 162, 8);
insert into ContratoJogador (idContrato, idJogador, idEquipa) values (163, 163, 8);
insert into ContratoJogador (idContrato, idJogador, idEquipa) values (164, 164, 8);
insert into ContratoJogador (idContrato, idJogador, idEquipa) values (165, 165, 8);
insert into ContratoJogador (idContrato, idJogador, idEquipa) values (166, 166, 8);
insert into ContratoJogador (idContrato, idJogador, idEquipa) values (167, 167, 8);
insert into ContratoJogador (idContrato, idJogador, idEquipa) values (168, 168, 8);
insert into ContratoJogador (idContrato, idJogador, idEquipa) values (169, 169, 8);
insert into ContratoJogador (idContrato, idJogador, idEquipa) values (170, 170, 8);
insert into ContratoJogador (idContrato, idJogador, idEquipa) values (171, 171, 8);
insert into ContratoJogador (idContrato, idJogador, idEquipa) values (172, 172, 8);
insert into ContratoJogador (idContrato, idJogador, idEquipa) values (173, 173, 8);
insert into ContratoJogador (idContrato, idJogador, idEquipa) values (174, 174, 8);
insert into ContratoJogador (idContrato, idJogador, idEquipa) values (175, 175, 8);
insert into ContratoJogador (idContrato, idJogador, idEquipa) values (176, 176, 8);
insert into ContratoJogador (idContrato, idJogador, idEquipa) values (177, 177, 8);
insert into ContratoJogador (idContrato, idJogador, idEquipa) values (178, 178, 8);
insert into ContratoJogador (idContrato, idJogador, idEquipa) values (179, 179, 8);
insert into ContratoJogador (idContrato, idJogador, idEquipa) values (180, 180, 8);
insert into ContratoJogador (idContrato, idJogador, idEquipa) values (181, 181, 8);
insert into ContratoJogador (idContrato, idJogador, idEquipa) values (182, 182, 8);
insert into ContratoJogador (idContrato, idJogador, idEquipa) values (183, 183, 8);
insert into ContratoJogador (idContrato, idJogador, idEquipa) values (184, 184, 8);
insert into ContratoJogador (idContrato, idJogador, idEquipa) values (185, 185, 9);
insert into ContratoJogador (idContrato, idJogador, idEquipa) values (186, 186, 9);
insert into ContratoJogador (idContrato, idJogador, idEquipa) values (187, 187, 9);
insert into ContratoJogador (idContrato, idJogador, idEquipa) values (188, 188, 9);
insert into ContratoJogador (idContrato, idJogador, idEquipa) values (189, 189, 9);
insert into ContratoJogador (idContrato, idJogador, idEquipa) values (190, 190, 9);
insert into ContratoJogador (idContrato, idJogador, idEquipa) values (191, 191, 9);
insert into ContratoJogador (idContrato, idJogador, idEquipa) values (192, 192, 9);
insert into ContratoJogador (idContrato, idJogador, idEquipa) values (193, 193, 9);
insert into ContratoJogador (idContrato, idJogador, idEquipa) values (194, 194, 9);
insert into ContratoJogador (idContrato, idJogador, idEquipa) values (195, 195, 9);
insert into ContratoJogador (idContrato, idJogador, idEquipa) values (196, 196, 9);
insert into ContratoJogador (idContrato, idJogador, idEquipa) values (197, 197, 9);
insert into ContratoJogador (idContrato, idJogador, idEquipa) values (198, 198, 9);
insert into ContratoJogador (idContrato, idJogador, idEquipa) values (199, 199, 9);
insert into ContratoJogador (idContrato, idJogador, idEquipa) values (200, 200, 9);
insert into ContratoJogador (idContrato, idJogador, idEquipa) values (201, 201, 9);
insert into ContratoJogador (idContrato, idJogador, idEquipa) values (202, 202, 9);
insert into ContratoJogador (idContrato, idJogador, idEquipa) values (203, 203, 9);
insert into ContratoJogador (idContrato, idJogador, idEquipa) values (204, 204, 9);
insert into ContratoJogador (idContrato, idJogador, idEquipa) values (205, 205, 9);
insert into ContratoJogador (idContrato, idJogador, idEquipa) values (206, 206, 9);
insert into ContratoJogador (idContrato, idJogador, idEquipa) values (207, 207, 9);
insert into ContratoJogador (idContrato, idJogador, idEquipa) values (208, 208, 10);
insert into ContratoJogador (idContrato, idJogador, idEquipa) values (209, 209, 10);
insert into ContratoJogador (idContrato, idJogador, idEquipa) values (210, 210, 10);
insert into ContratoJogador (idContrato, idJogador, idEquipa) values (211, 211, 10);
insert into ContratoJogador (idContrato, idJogador, idEquipa) values (212, 212, 10);
insert into ContratoJogador (idContrato, idJogador, idEquipa) values (213, 213, 10);
insert into ContratoJogador (idContrato, idJogador, idEquipa) values (214, 214, 10);
insert into ContratoJogador (idContrato, idJogador, idEquipa) values (215, 215, 10);
insert into ContratoJogador (idContrato, idJogador, idEquipa) values (216, 216, 10);
insert into ContratoJogador (idContrato, idJogador, idEquipa) values (217, 217, 10);
insert into ContratoJogador (idContrato, idJogador, idEquipa) values (218, 218, 10);
insert into ContratoJogador (idContrato, idJogador, idEquipa) values (219, 219, 10);
insert into ContratoJogador (idContrato, idJogador, idEquipa) values (220, 220, 10);
insert into ContratoJogador (idContrato, idJogador, idEquipa) values (221, 221, 10);
insert into ContratoJogador (idContrato, idJogador, idEquipa) values (222, 222, 10);
insert into ContratoJogador (idContrato, idJogador, idEquipa) values (223, 223, 10);
insert into ContratoJogador (idContrato, idJogador, idEquipa) values (224, 224, 10);
insert into ContratoJogador (idContrato, idJogador, idEquipa) values (225, 225, 10);
insert into ContratoJogador (idContrato, idJogador, idEquipa) values (226, 226, 10);
insert into ContratoJogador (idContrato, idJogador, idEquipa) values (227, 227, 10);
insert into ContratoJogador (idContrato, idJogador, idEquipa) values (228, 228, 10);
insert into ContratoJogador (idContrato, idJogador, idEquipa) values (229, 229, 10);
insert into ContratoJogador (idContrato, idJogador, idEquipa) values (230, 230, 10);
insert into ContratoJogador (idContrato, idJogador, idEquipa) values (231, 231, 11);
insert into ContratoJogador (idContrato, idJogador, idEquipa) values (232, 232, 11);
insert into ContratoJogador (idContrato, idJogador, idEquipa) values (233, 233, 11);
insert into ContratoJogador (idContrato, idJogador, idEquipa) values (234, 234, 11);
insert into ContratoJogador (idContrato, idJogador, idEquipa) values (235, 235, 11);
insert into ContratoJogador (idContrato, idJogador, idEquipa) values (236, 236, 11);
insert into ContratoJogador (idContrato, idJogador, idEquipa) values (237, 237, 11);
insert into ContratoJogador (idContrato, idJogador, idEquipa) values (238, 238, 11);
insert into ContratoJogador (idContrato, idJogador, idEquipa) values (239, 239, 11);
insert into ContratoJogador (idContrato, idJogador, idEquipa) values (240, 240, 11);
insert into ContratoJogador (idContrato, idJogador, idEquipa) values (241, 241, 11);
insert into ContratoJogador (idContrato, idJogador, idEquipa) values (242, 242, 11);
insert into ContratoJogador (idContrato, idJogador, idEquipa) values (243, 243, 11);
insert into ContratoJogador (idContrato, idJogador, idEquipa) values (244, 244, 11);
insert into ContratoJogador (idContrato, idJogador, idEquipa) values (245, 245, 11);
insert into ContratoJogador (idContrato, idJogador, idEquipa) values (246, 246, 11);
insert into ContratoJogador (idContrato, idJogador, idEquipa) values (247, 247, 11);
insert into ContratoJogador (idContrato, idJogador, idEquipa) values (248, 248, 11);
insert into ContratoJogador (idContrato, idJogador, idEquipa) values (249, 249, 11);
insert into ContratoJogador (idContrato, idJogador, idEquipa) values (250, 250, 11);
insert into ContratoJogador (idContrato, idJogador, idEquipa) values (251, 251, 11);
insert into ContratoJogador (idContrato, idJogador, idEquipa) values (252, 252, 11);
insert into ContratoJogador (idContrato, idJogador, idEquipa) values (253, 253, 11);
insert into ContratoJogador (idContrato, idJogador, idEquipa) values (254, 254, 12);
insert into ContratoJogador (idContrato, idJogador, idEquipa) values (255, 255, 12);
insert into ContratoJogador (idContrato, idJogador, idEquipa) values (256, 256, 12);
insert into ContratoJogador (idContrato, idJogador, idEquipa) values (257, 257, 12);
insert into ContratoJogador (idContrato, idJogador, idEquipa) values (258, 258, 12);
insert into ContratoJogador (idContrato, idJogador, idEquipa) values (259, 259, 12);
insert into ContratoJogador (idContrato, idJogador, idEquipa) values (260, 260, 12);
insert into ContratoJogador (idContrato, idJogador, idEquipa) values (261, 261, 12);
insert into ContratoJogador (idContrato, idJogador, idEquipa) values (262, 262, 12);
insert into ContratoJogador (idContrato, idJogador, idEquipa) values (263, 263, 12);
insert into ContratoJogador (idContrato, idJogador, idEquipa) values (264, 264, 12);
insert into ContratoJogador (idContrato, idJogador, idEquipa) values (265, 265, 12);
insert into ContratoJogador (idContrato, idJogador, idEquipa) values (266, 266, 12);
insert into ContratoJogador (idContrato, idJogador, idEquipa) values (267, 267, 12);
insert into ContratoJogador (idContrato, idJogador, idEquipa) values (268, 268, 12);
insert into ContratoJogador (idContrato, idJogador, idEquipa) values (269, 269, 12);
insert into ContratoJogador (idContrato, idJogador, idEquipa) values (270, 270, 12);
insert into ContratoJogador (idContrato, idJogador, idEquipa) values (271, 271, 12);
insert into ContratoJogador (idContrato, idJogador, idEquipa) values (272, 272, 12);
insert into ContratoJogador (idContrato, idJogador, idEquipa) values (273, 273, 12);
insert into ContratoJogador (idContrato, idJogador, idEquipa) values (274, 274, 12);
insert into ContratoJogador (idContrato, idJogador, idEquipa) values (275, 275, 12);
insert into ContratoJogador (idContrato, idJogador, idEquipa) values (276, 276, 12);
insert into ContratoJogador (idContrato, idJogador, idEquipa) values (277, 277, 13);
insert into ContratoJogador (idContrato, idJogador, idEquipa) values (278, 278, 13);
insert into ContratoJogador (idContrato, idJogador, idEquipa) values (279, 279, 13);
insert into ContratoJogador (idContrato, idJogador, idEquipa) values (280, 280, 13);
insert into ContratoJogador (idContrato, idJogador, idEquipa) values (281, 281, 13);
insert into ContratoJogador (idContrato, idJogador, idEquipa) values (282, 282, 13);
insert into ContratoJogador (idContrato, idJogador, idEquipa) values (283, 283, 13);
insert into ContratoJogador (idContrato, idJogador, idEquipa) values (284, 284, 13);
insert into ContratoJogador (idContrato, idJogador, idEquipa) values (285, 285, 13);
insert into ContratoJogador (idContrato, idJogador, idEquipa) values (286, 286, 13);
insert into ContratoJogador (idContrato, idJogador, idEquipa) values (287, 287, 13);
insert into ContratoJogador (idContrato, idJogador, idEquipa) values (288, 288, 13);
insert into ContratoJogador (idContrato, idJogador, idEquipa) values (289, 289, 13);
insert into ContratoJogador (idContrato, idJogador, idEquipa) values (290, 290, 13);
insert into ContratoJogador (idContrato, idJogador, idEquipa) values (291, 291, 13);
insert into ContratoJogador (idContrato, idJogador, idEquipa) values (292, 292, 13);
insert into ContratoJogador (idContrato, idJogador, idEquipa) values (293, 293, 13);
insert into ContratoJogador (idContrato, idJogador, idEquipa) values (294, 294, 13);
insert into ContratoJogador (idContrato, idJogador, idEquipa) values (295, 295, 13);
insert into ContratoJogador (idContrato, idJogador, idEquipa) values (296, 296, 13);
insert into ContratoJogador (idContrato, idJogador, idEquipa) values (297, 297, 13);
insert into ContratoJogador (idContrato, idJogador, idEquipa) values (298, 298, 13);
insert into ContratoJogador (idContrato, idJogador, idEquipa) values (299, 299, 13);
insert into ContratoJogador (idContrato, idJogador, idEquipa) values (300, 300, 14);
insert into ContratoJogador (idContrato, idJogador, idEquipa) values (301, 301, 14);
insert into ContratoJogador (idContrato, idJogador, idEquipa) values (302, 302, 14);
insert into ContratoJogador (idContrato, idJogador, idEquipa) values (303, 303, 14);
insert into ContratoJogador (idContrato, idJogador, idEquipa) values (304, 304, 14);
insert into ContratoJogador (idContrato, idJogador, idEquipa) values (305, 305, 14);
insert into ContratoJogador (idContrato, idJogador, idEquipa) values (306, 306, 14);
insert into ContratoJogador (idContrato, idJogador, idEquipa) values (307, 307, 14);
insert into ContratoJogador (idContrato, idJogador, idEquipa) values (308, 308, 14);
insert into ContratoJogador (idContrato, idJogador, idEquipa) values (309, 309, 14);
insert into ContratoJogador (idContrato, idJogador, idEquipa) values (310, 310, 14);
insert into ContratoJogador (idContrato, idJogador, idEquipa) values (311, 311, 14);
insert into ContratoJogador (idContrato, idJogador, idEquipa) values (312, 312, 14);
insert into ContratoJogador (idContrato, idJogador, idEquipa) values (313, 313, 14);
insert into ContratoJogador (idContrato, idJogador, idEquipa) values (314, 314, 14);
insert into ContratoJogador (idContrato, idJogador, idEquipa) values (315, 315, 14);
insert into ContratoJogador (idContrato, idJogador, idEquipa) values (316, 316, 14);
insert into ContratoJogador (idContrato, idJogador, idEquipa) values (317, 317, 14);
insert into ContratoJogador (idContrato, idJogador, idEquipa) values (318, 318, 14);
insert into ContratoJogador (idContrato, idJogador, idEquipa) values (319, 319, 14);
insert into ContratoJogador (idContrato, idJogador, idEquipa) values (320, 320, 14);
insert into ContratoJogador (idContrato, idJogador, idEquipa) values (321, 321, 14);
insert into ContratoJogador (idContrato, idJogador, idEquipa) values (322, 322, 14);
insert into ContratoJogador (idContrato, idJogador, idEquipa) values (323, 323, 15);
insert into ContratoJogador (idContrato, idJogador, idEquipa) values (324, 324, 15);
insert into ContratoJogador (idContrato, idJogador, idEquipa) values (325, 325, 15);
insert into ContratoJogador (idContrato, idJogador, idEquipa) values (326, 326, 15);
insert into ContratoJogador (idContrato, idJogador, idEquipa) values (327, 327, 15);
insert into ContratoJogador (idContrato, idJogador, idEquipa) values (328, 328, 15);
insert into ContratoJogador (idContrato, idJogador, idEquipa) values (329, 329, 15);
insert into ContratoJogador (idContrato, idJogador, idEquipa) values (330, 330, 15);
insert into ContratoJogador (idContrato, idJogador, idEquipa) values (331, 331, 15);
insert into ContratoJogador (idContrato, idJogador, idEquipa) values (332, 332, 15);
insert into ContratoJogador (idContrato, idJogador, idEquipa) values (333, 333, 15);
insert into ContratoJogador (idContrato, idJogador, idEquipa) values (334, 334, 15);
insert into ContratoJogador (idContrato, idJogador, idEquipa) values (335, 335, 15);
insert into ContratoJogador (idContrato, idJogador, idEquipa) values (336, 336, 15);
insert into ContratoJogador (idContrato, idJogador, idEquipa) values (337, 337, 15);
insert into ContratoJogador (idContrato, idJogador, idEquipa) values (338, 338, 15);
insert into ContratoJogador (idContrato, idJogador, idEquipa) values (339, 339, 15);
insert into ContratoJogador (idContrato, idJogador, idEquipa) values (340, 340, 15);
insert into ContratoJogador (idContrato, idJogador, idEquipa) values (341, 341, 15);
insert into ContratoJogador (idContrato, idJogador, idEquipa) values (342, 342, 15);
insert into ContratoJogador (idContrato, idJogador, idEquipa) values (343, 343, 15);
insert into ContratoJogador (idContrato, idJogador, idEquipa) values (344, 344, 15);
insert into ContratoJogador (idContrato, idJogador, idEquipa) values (345, 345, 15);
insert into ContratoJogador (idContrato, idJogador, idEquipa) values (346, 346, 16);
insert into ContratoJogador (idContrato, idJogador, idEquipa) values (347, 347, 16);
insert into ContratoJogador (idContrato, idJogador, idEquipa) values (348, 348, 16);
insert into ContratoJogador (idContrato, idJogador, idEquipa) values (349, 349, 16);
insert into ContratoJogador (idContrato, idJogador, idEquipa) values (350, 350, 16);
insert into ContratoJogador (idContrato, idJogador, idEquipa) values (351, 351, 16);
insert into ContratoJogador (idContrato, idJogador, idEquipa) values (352, 352, 16);
insert into ContratoJogador (idContrato, idJogador, idEquipa) values (353, 353, 16);
insert into ContratoJogador (idContrato, idJogador, idEquipa) values (354, 354, 16);
insert into ContratoJogador (idContrato, idJogador, idEquipa) values (355, 355, 16);
insert into ContratoJogador (idContrato, idJogador, idEquipa) values (356, 356, 16);
insert into ContratoJogador (idContrato, idJogador, idEquipa) values (357, 357, 16);
insert into ContratoJogador (idContrato, idJogador, idEquipa) values (358, 358, 16);
insert into ContratoJogador (idContrato, idJogador, idEquipa) values (359, 359, 16);
insert into ContratoJogador (idContrato, idJogador, idEquipa) values (360, 360, 16);
insert into ContratoJogador (idContrato, idJogador, idEquipa) values (361, 361, 16);
insert into ContratoJogador (idContrato, idJogador, idEquipa) values (362, 362, 16);
insert into ContratoJogador (idContrato, idJogador, idEquipa) values (363, 363, 16);
insert into ContratoJogador (idContrato, idJogador, idEquipa) values (364, 364, 16);
insert into ContratoJogador (idContrato, idJogador, idEquipa) values (365, 365, 16);
insert into ContratoJogador (idContrato, idJogador, idEquipa) values (366, 366, 16);
insert into ContratoJogador (idContrato, idJogador, idEquipa) values (367, 367, 16);
insert into ContratoJogador (idContrato, idJogador, idEquipa) values (368, 368, 16);
insert into ContratoJogador (idContrato, idJogador, idEquipa) values (369, 369, 17);
insert into ContratoJogador (idContrato, idJogador, idEquipa) values (370, 370, 17);
insert into ContratoJogador (idContrato, idJogador, idEquipa) values (371, 371, 17);
insert into ContratoJogador (idContrato, idJogador, idEquipa) values (372, 372, 17);
insert into ContratoJogador (idContrato, idJogador, idEquipa) values (373, 373, 17);
insert into ContratoJogador (idContrato, idJogador, idEquipa) values (374, 374, 17);
insert into ContratoJogador (idContrato, idJogador, idEquipa) values (375, 375, 17);
insert into ContratoJogador (idContrato, idJogador, idEquipa) values (376, 376, 17);
insert into ContratoJogador (idContrato, idJogador, idEquipa) values (377, 377, 17);
insert into ContratoJogador (idContrato, idJogador, idEquipa) values (378, 378, 17);
insert into ContratoJogador (idContrato, idJogador, idEquipa) values (379, 379, 17);
insert into ContratoJogador (idContrato, idJogador, idEquipa) values (380, 380, 17);
insert into ContratoJogador (idContrato, idJogador, idEquipa) values (381, 381, 17);
insert into ContratoJogador (idContrato, idJogador, idEquipa) values (382, 382, 17);
insert into ContratoJogador (idContrato, idJogador, idEquipa) values (383, 383, 17);
insert into ContratoJogador (idContrato, idJogador, idEquipa) values (384, 384, 17);
insert into ContratoJogador (idContrato, idJogador, idEquipa) values (385, 385, 17);
insert into ContratoJogador (idContrato, idJogador, idEquipa) values (386, 386, 17);
insert into ContratoJogador (idContrato, idJogador, idEquipa) values (387, 387, 17);
insert into ContratoJogador (idContrato, idJogador, idEquipa) values (388, 388, 17);
insert into ContratoJogador (idContrato, idJogador, idEquipa) values (389, 389, 17);
insert into ContratoJogador (idContrato, idJogador, idEquipa) values (390, 390, 17);
insert into ContratoJogador (idContrato, idJogador, idEquipa) values (391, 391, 17);
insert into ContratoJogador (idContrato, idJogador, idEquipa) values (392, 392, 18);
insert into ContratoJogador (idContrato, idJogador, idEquipa) values (393, 393, 18);
insert into ContratoJogador (idContrato, idJogador, idEquipa) values (394, 394, 18);
insert into ContratoJogador (idContrato, idJogador, idEquipa) values (395, 395, 18);
insert into ContratoJogador (idContrato, idJogador, idEquipa) values (396, 396, 18);
insert into ContratoJogador (idContrato, idJogador, idEquipa) values (397, 397, 18);
insert into ContratoJogador (idContrato, idJogador, idEquipa) values (398, 398, 18);
insert into ContratoJogador (idContrato, idJogador, idEquipa) values (399, 399, 18);
insert into ContratoJogador (idContrato, idJogador, idEquipa) values (400, 400, 18);
insert into ContratoJogador (idContrato, idJogador, idEquipa) values (401, 401, 18);
insert into ContratoJogador (idContrato, idJogador, idEquipa) values (402, 402, 18);
insert into ContratoJogador (idContrato, idJogador, idEquipa) values (403, 403, 18);
insert into ContratoJogador (idContrato, idJogador, idEquipa) values (404, 404, 18);
insert into ContratoJogador (idContrato, idJogador, idEquipa) values (405, 405, 18);
insert into ContratoJogador (idContrato, idJogador, idEquipa) values (406, 406, 18);
insert into ContratoJogador (idContrato, idJogador, idEquipa) values (407, 407, 18);
insert into ContratoJogador (idContrato, idJogador, idEquipa) values (408, 408, 18);
insert into ContratoJogador (idContrato, idJogador, idEquipa) values (409, 409, 18);
insert into ContratoJogador (idContrato, idJogador, idEquipa) values (410, 410, 18);
insert into ContratoJogador (idContrato, idJogador, idEquipa) values (411, 411, 18);
insert into ContratoJogador (idContrato, idJogador, idEquipa) values (412, 412, 18);
insert into ContratoJogador (idContrato, idJogador, idEquipa) values (413, 413, 18);
insert into ContratoJogador (idContrato, idJogador, idEquipa) values (414, 414, 18);



--Funcao
insert into Funcao (id, nome) values (1, 'Treinador Principal');
insert into Funcao (id, nome) values (2, 'Treinador-Adjunto');
insert into Funcao (id, nome) values (3, 'Preparador Físico');
insert into Funcao (id, nome) values (4, 'Massagista');
insert into Funcao (id, nome) values (5, 'Roupeiro');
insert into Funcao (id, nome) values (6, 'Agueiro');
insert into Funcao (id, nome) values (7, 'Diretor');

--Staff
insert into Staff (idPessoa) values (415);
insert into Staff (idPessoa) values (416);
insert into Staff (idPessoa) values (417);
insert into Staff (idPessoa) values (418);
insert into Staff (idPessoa) values (419);
insert into Staff (idPessoa) values (420);
insert into Staff (idPessoa) values (421);
insert into Staff (idPessoa) values (422);
insert into Staff (idPessoa) values (423);
insert into Staff (idPessoa) values (424);
insert into Staff (idPessoa) values (425);
insert into Staff (idPessoa) values (426);
insert into Staff (idPessoa) values (427);
insert into Staff (idPessoa) values (428);
insert into Staff (idPessoa) values (429);
insert into Staff (idPessoa) values (430);
insert into Staff (idPessoa) values (431);
insert into Staff (idPessoa) values (432);
insert into Staff (idPessoa) values (433);
insert into Staff (idPessoa) values (434);
insert into Staff (idPessoa) values (435);
insert into Staff (idPessoa) values (436);
insert into Staff (idPessoa) values (437);
insert into Staff (idPessoa) values (438);
insert into Staff (idPessoa) values (439);
insert into Staff (idPessoa) values (440);
insert into Staff (idPessoa) values (441);
insert into Staff (idPessoa) values (442);
insert into Staff (idPessoa) values (443);
insert into Staff (idPessoa) values (444);
insert into Staff (idPessoa) values (445);
insert into Staff (idPessoa) values (446);
insert into Staff (idPessoa) values (447);
insert into Staff (idPessoa) values (448);
insert into Staff (idPessoa) values (449);
insert into Staff (idPessoa) values (450);
insert into Staff (idPessoa) values (451);
insert into Staff (idPessoa) values (452);
insert into Staff (idPessoa) values (453);
insert into Staff (idPessoa) values (454);
insert into Staff (idPessoa) values (455);
insert into Staff (idPessoa) values (456);
insert into Staff (idPessoa) values (457);
insert into Staff (idPessoa) values (458);
insert into Staff (idPessoa) values (459);
insert into Staff (idPessoa) values (460);
insert into Staff (idPessoa) values (461);
insert into Staff (idPessoa) values (462);
insert into Staff (idPessoa) values (463);
insert into Staff (idPessoa) values (464);
insert into Staff (idPessoa) values (465);
insert into Staff (idPessoa) values (466);
insert into Staff (idPessoa) values (467);
insert into Staff (idPessoa) values (468);
insert into Staff (idPessoa) values (469);
insert into Staff (idPessoa) values (470);
insert into Staff (idPessoa) values (471);
insert into Staff (idPessoa) values (472);
insert into Staff (idPessoa) values (473);
insert into Staff (idPessoa) values (474);
insert into Staff (idPessoa) values (475);
insert into Staff (idPessoa) values (476);
insert into Staff (idPessoa) values (477);
insert into Staff (idPessoa) values (478);
insert into Staff (idPessoa) values (479);
insert into Staff (idPessoa) values (480);
insert into Staff (idPessoa) values (481);
insert into Staff (idPessoa) values (482);
insert into Staff (idPessoa) values (483);
insert into Staff (idPessoa) values (484);
insert into Staff (idPessoa) values (485);
insert into Staff (idPessoa) values (486);
insert into Staff (idPessoa) values (487);
insert into Staff (idPessoa) values (488);
insert into Staff (idPessoa) values (489);
insert into Staff (idPessoa) values (490);
insert into Staff (idPessoa) values (491);
insert into Staff (idPessoa) values (492);
insert into Staff (idPessoa) values (493);
insert into Staff (idPessoa) values (494);
insert into Staff (idPessoa) values (495);
insert into Staff (idPessoa) values (496);
insert into Staff (idPessoa) values (497);
insert into Staff (idPessoa) values (498);
insert into Staff (idPessoa) values (499);
insert into Staff (idPessoa) values (500);
insert into Staff (idPessoa) values (501);
insert into Staff (idPessoa) values (502);
insert into Staff (idPessoa) values (503);
insert into Staff (idPessoa) values (504);
insert into Staff (idPessoa) values (505);
insert into Staff (idPessoa) values (506);
insert into Staff (idPessoa) values (507);
insert into Staff (idPessoa) values (508);
insert into Staff (idPessoa) values (509);
insert into Staff (idPessoa) values (510);
insert into Staff (idPessoa) values (511);
insert into Staff (idPessoa) values (512);
insert into Staff (idPessoa) values (513);
insert into Staff (idPessoa) values (514);
insert into Staff (idPessoa) values (515);
insert into Staff (idPessoa) values (516);
insert into Staff (idPessoa) values (517);
insert into Staff (idPessoa) values (518);
insert into Staff (idPessoa) values (519);
insert into Staff (idPessoa) values (520);
insert into Staff (idPessoa) values (521);
insert into Staff (idPessoa) values (522);
insert into Staff (idPessoa) values (523);
insert into Staff (idPessoa) values (524);
insert into Staff (idPessoa) values (525);
insert into Staff (idPessoa) values (526);
insert into Staff (idPessoa) values (527);
insert into Staff (idPessoa) values (528);
insert into Staff (idPessoa) values (529);
insert into Staff (idPessoa) values (530);
insert into Staff (idPessoa) values (531);
insert into Staff (idPessoa) values (532);
insert into Staff (idPessoa) values (533);
insert into Staff (idPessoa) values (534);
insert into Staff (idPessoa) values (535);
insert into Staff (idPessoa) values (536);
insert into Staff (idPessoa) values (537);
insert into Staff (idPessoa) values (538);
insert into Staff (idPessoa) values (539);
insert into Staff (idPessoa) values (540);


--ContratoStaff
insert into ContratoStaff (idContrato, idStaff, idEquipa, idFuncao) values (415, 415, 1, 1);
insert into ContratoStaff (idContrato, idStaff, idEquipa, idFuncao) values (416, 416, 2, 1);
insert into ContratoStaff (idContrato, idStaff, idEquipa, idFuncao) values (417, 417, 3, 1);
insert into ContratoStaff (idContrato, idStaff, idEquipa, idFuncao) values (418, 418, 4, 1);
insert into ContratoStaff (idContrato, idStaff, idEquipa, idFuncao) values (419, 419, 5, 1);
insert into ContratoStaff (idContrato, idStaff, idEquipa, idFuncao) values (420, 420, 6, 1);
insert into ContratoStaff (idContrato, idStaff, idEquipa, idFuncao) values (421, 421, 7, 1);
insert into ContratoStaff (idContrato, idStaff, idEquipa, idFuncao) values (422, 422, 8, 1);
insert into ContratoStaff (idContrato, idStaff, idEquipa, idFuncao) values (423, 423, 9, 1);
insert into ContratoStaff (idContrato, idStaff, idEquipa, idFuncao) values (424, 424, 10, 1);
insert into ContratoStaff (idContrato, idStaff, idEquipa, idFuncao) values (425, 425, 11, 1);
insert into ContratoStaff (idContrato, idStaff, idEquipa, idFuncao) values (426, 426, 12, 1);
insert into ContratoStaff (idContrato, idStaff, idEquipa, idFuncao) values (427, 427, 13, 1);
insert into ContratoStaff (idContrato, idStaff, idEquipa, idFuncao) values (428, 428, 14, 1);
insert into ContratoStaff (idContrato, idStaff, idEquipa, idFuncao) values (429, 429, 15, 1);
insert into ContratoStaff (idContrato, idStaff, idEquipa, idFuncao) values (430, 430, 16, 1);
insert into ContratoStaff (idContrato, idStaff, idEquipa, idFuncao) values (431, 431, 17, 1);
insert into ContratoStaff (idContrato, idStaff, idEquipa, idFuncao) values (432, 432, 18, 1);

insert into ContratoStaff (idContrato, idStaff, idEquipa, idFuncao) values (433, 433, 1, 2);
insert into ContratoStaff (idContrato, idStaff, idEquipa, idFuncao) values (434, 434, 2, 2);
insert into ContratoStaff (idContrato, idStaff, idEquipa, idFuncao) values (435, 435, 3, 2);
insert into ContratoStaff (idContrato, idStaff, idEquipa, idFuncao) values (436, 436, 4, 2);
insert into ContratoStaff (idContrato, idStaff, idEquipa, idFuncao) values (437, 437, 5, 2);
insert into ContratoStaff (idContrato, idStaff, idEquipa, idFuncao) values (438, 438, 6, 2);
insert into ContratoStaff (idContrato, idStaff, idEquipa, idFuncao) values (439, 439, 7, 2);
insert into ContratoStaff (idContrato, idStaff, idEquipa, idFuncao) values (440, 440, 8, 2);
insert into ContratoStaff (idContrato, idStaff, idEquipa, idFuncao) values (441, 441, 9, 2);
insert into ContratoStaff (idContrato, idStaff, idEquipa, idFuncao) values (442, 442, 10, 2);
insert into ContratoStaff (idContrato, idStaff, idEquipa, idFuncao) values (443, 443, 11, 2);
insert into ContratoStaff (idContrato, idStaff, idEquipa, idFuncao) values (444, 444, 12, 2);
insert into ContratoStaff (idContrato, idStaff, idEquipa, idFuncao) values (445, 445, 13, 2);
insert into ContratoStaff (idContrato, idStaff, idEquipa, idFuncao) values (446, 446, 14, 2);
insert into ContratoStaff (idContrato, idStaff, idEquipa, idFuncao) values (447, 447, 15, 2);
insert into ContratoStaff (idContrato, idStaff, idEquipa, idFuncao) values (448, 448, 16, 2);
insert into ContratoStaff (idContrato, idStaff, idEquipa, idFuncao) values (449, 449, 17, 2);
insert into ContratoStaff (idContrato, idStaff, idEquipa, idFuncao) values (450, 450, 18, 2);

insert into ContratoStaff (idContrato, idStaff, idEquipa, idFuncao) values (451, 451, 1, 3);
insert into ContratoStaff (idContrato, idStaff, idEquipa, idFuncao) values (452, 452, 2, 3);
insert into ContratoStaff (idContrato, idStaff, idEquipa, idFuncao) values (453, 453, 3, 3);
insert into ContratoStaff (idContrato, idStaff, idEquipa, idFuncao) values (454, 454, 4, 3);
insert into ContratoStaff (idContrato, idStaff, idEquipa, idFuncao) values (455, 455, 5, 3);
insert into ContratoStaff (idContrato, idStaff, idEquipa, idFuncao) values (456, 456, 6, 3);
insert into ContratoStaff (idContrato, idStaff, idEquipa, idFuncao) values (457, 457, 7, 3);
insert into ContratoStaff (idContrato, idStaff, idEquipa, idFuncao) values (458, 458, 8, 3);
insert into ContratoStaff (idContrato, idStaff, idEquipa, idFuncao) values (459, 459, 9, 3);
insert into ContratoStaff (idContrato, idStaff, idEquipa, idFuncao) values (460, 460, 10, 3);
insert into ContratoStaff (idContrato, idStaff, idEquipa, idFuncao) values (461, 461, 11, 3);
insert into ContratoStaff (idContrato, idStaff, idEquipa, idFuncao) values (462, 462, 12, 3);
insert into ContratoStaff (idContrato, idStaff, idEquipa, idFuncao) values (463, 463, 13, 3);
insert into ContratoStaff (idContrato, idStaff, idEquipa, idFuncao) values (464, 464, 14, 3);
insert into ContratoStaff (idContrato, idStaff, idEquipa, idFuncao) values (465, 465, 15, 3);
insert into ContratoStaff (idContrato, idStaff, idEquipa, idFuncao) values (466, 466, 16, 3);
insert into ContratoStaff (idContrato, idStaff, idEquipa, idFuncao) values (467, 467, 17, 3);
insert into ContratoStaff (idContrato, idStaff, idEquipa, idFuncao) values (468, 468, 18, 3);

insert into ContratoStaff (idContrato, idStaff, idEquipa, idFuncao) values (469, 469, 1, 4);
insert into ContratoStaff (idContrato, idStaff, idEquipa, idFuncao) values (470, 470, 2, 4);
insert into ContratoStaff (idContrato, idStaff, idEquipa, idFuncao) values (471, 471, 3, 4);
insert into ContratoStaff (idContrato, idStaff, idEquipa, idFuncao) values (472, 472, 4, 4);
insert into ContratoStaff (idContrato, idStaff, idEquipa, idFuncao) values (473, 473, 5, 4);
insert into ContratoStaff (idContrato, idStaff, idEquipa, idFuncao) values (474, 474, 6, 4);
insert into ContratoStaff (idContrato, idStaff, idEquipa, idFuncao) values (475, 475, 7, 4);
insert into ContratoStaff (idContrato, idStaff, idEquipa, idFuncao) values (476, 476, 8, 4);
insert into ContratoStaff (idContrato, idStaff, idEquipa, idFuncao) values (477, 477, 9, 4);
insert into ContratoStaff (idContrato, idStaff, idEquipa, idFuncao) values (478, 478, 10, 4);
insert into ContratoStaff (idContrato, idStaff, idEquipa, idFuncao) values (479, 479, 11, 4);
insert into ContratoStaff (idContrato, idStaff, idEquipa, idFuncao) values (480, 480, 12, 4);
insert into ContratoStaff (idContrato, idStaff, idEquipa, idFuncao) values (481, 481, 13, 4);
insert into ContratoStaff (idContrato, idStaff, idEquipa, idFuncao) values (482, 482, 14, 4);
insert into ContratoStaff (idContrato, idStaff, idEquipa, idFuncao) values (483, 483, 15, 4);
insert into ContratoStaff (idContrato, idStaff, idEquipa, idFuncao) values (484, 484, 16, 4);
insert into ContratoStaff (idContrato, idStaff, idEquipa, idFuncao) values (485, 485, 17, 4);
insert into ContratoStaff (idContrato, idStaff, idEquipa, idFuncao) values (486, 486, 18, 4);

insert into ContratoStaff (idContrato, idStaff, idEquipa, idFuncao) values (487, 487, 1, 5);
insert into ContratoStaff (idContrato, idStaff, idEquipa, idFuncao) values (488, 488, 2, 5);
insert into ContratoStaff (idContrato, idStaff, idEquipa, idFuncao) values (489, 489, 3, 5);
insert into ContratoStaff (idContrato, idStaff, idEquipa, idFuncao) values (490, 490, 4, 5);
insert into ContratoStaff (idContrato, idStaff, idEquipa, idFuncao) values (491, 491, 5, 5);
insert into ContratoStaff (idContrato, idStaff, idEquipa, idFuncao) values (492, 492, 6, 5);
insert into ContratoStaff (idContrato, idStaff, idEquipa, idFuncao) values (493, 493, 7, 5);
insert into ContratoStaff (idContrato, idStaff, idEquipa, idFuncao) values (494, 494, 8, 5);
insert into ContratoStaff (idContrato, idStaff, idEquipa, idFuncao) values (495, 495, 9, 5);
insert into ContratoStaff (idContrato, idStaff, idEquipa, idFuncao) values (496, 496, 10, 5);
insert into ContratoStaff (idContrato, idStaff, idEquipa, idFuncao) values (497, 497, 11, 5);
insert into ContratoStaff (idContrato, idStaff, idEquipa, idFuncao) values (498, 498, 12, 5);
insert into ContratoStaff (idContrato, idStaff, idEquipa, idFuncao) values (499, 499, 13, 5);
insert into ContratoStaff (idContrato, idStaff, idEquipa, idFuncao) values (500, 500, 14, 5);
insert into ContratoStaff (idContrato, idStaff, idEquipa, idFuncao) values (501, 501, 15, 5);
insert into ContratoStaff (idContrato, idStaff, idEquipa, idFuncao) values (502, 502, 16, 5);
insert into ContratoStaff (idContrato, idStaff, idEquipa, idFuncao) values (503, 503, 17, 5);
insert into ContratoStaff (idContrato, idStaff, idEquipa, idFuncao) values (504, 504, 18, 5);

insert into ContratoStaff (idContrato, idStaff, idEquipa, idFuncao) values (505, 505, 1, 6);
insert into ContratoStaff (idContrato, idStaff, idEquipa, idFuncao) values (506, 506, 2, 6);
insert into ContratoStaff (idContrato, idStaff, idEquipa, idFuncao) values (507, 507, 3, 6);
insert into ContratoStaff (idContrato, idStaff, idEquipa, idFuncao) values (508, 508, 4, 6);
insert into ContratoStaff (idContrato, idStaff, idEquipa, idFuncao) values (509, 509, 5, 6);
insert into ContratoStaff (idContrato, idStaff, idEquipa, idFuncao) values (510, 510, 6, 6);
insert into ContratoStaff (idContrato, idStaff, idEquipa, idFuncao) values (511, 511, 7, 6);
insert into ContratoStaff (idContrato, idStaff, idEquipa, idFuncao) values (512, 512, 8, 6);
insert into ContratoStaff (idContrato, idStaff, idEquipa, idFuncao) values (513, 513, 9, 6);
insert into ContratoStaff (idContrato, idStaff, idEquipa, idFuncao) values (514, 514, 10, 6);
insert into ContratoStaff (idContrato, idStaff, idEquipa, idFuncao) values (515, 515, 11, 6);
insert into ContratoStaff (idContrato, idStaff, idEquipa, idFuncao) values (516, 516, 12, 6);
insert into ContratoStaff (idContrato, idStaff, idEquipa, idFuncao) values (517, 517, 13, 6);
insert into ContratoStaff (idContrato, idStaff, idEquipa, idFuncao) values (518, 518, 14, 6);
insert into ContratoStaff (idContrato, idStaff, idEquipa, idFuncao) values (519, 519, 15, 6);
insert into ContratoStaff (idContrato, idStaff, idEquipa, idFuncao) values (520, 520, 16, 6);
insert into ContratoStaff (idContrato, idStaff, idEquipa, idFuncao) values (521, 521, 17, 6);
insert into ContratoStaff (idContrato, idStaff, idEquipa, idFuncao) values (522, 522, 18, 6);

insert into ContratoStaff (idContrato, idStaff, idEquipa, idFuncao) values (523, 523, 1, 7);
insert into ContratoStaff (idContrato, idStaff, idEquipa, idFuncao) values (524, 524, 2, 7);
insert into ContratoStaff (idContrato, idStaff, idEquipa, idFuncao) values (525, 525, 3, 7);
insert into ContratoStaff (idContrato, idStaff, idEquipa, idFuncao) values (526, 526, 4, 7);
insert into ContratoStaff (idContrato, idStaff, idEquipa, idFuncao) values (527, 527, 5, 7);
insert into ContratoStaff (idContrato, idStaff, idEquipa, idFuncao) values (528, 528, 6, 7);
insert into ContratoStaff (idContrato, idStaff, idEquipa, idFuncao) values (529, 529, 7, 7);
insert into ContratoStaff (idContrato, idStaff, idEquipa, idFuncao) values (530, 530, 8, 7);
insert into ContratoStaff (idContrato, idStaff, idEquipa, idFuncao) values (531, 531, 9, 7);
insert into ContratoStaff (idContrato, idStaff, idEquipa, idFuncao) values (532, 532, 10, 7);
insert into ContratoStaff (idContrato, idStaff, idEquipa, idFuncao) values (533, 533, 11, 7);
insert into ContratoStaff (idContrato, idStaff, idEquipa, idFuncao) values (534, 534, 12, 7);
insert into ContratoStaff (idContrato, idStaff, idEquipa, idFuncao) values (535, 535, 13, 7);
insert into ContratoStaff (idContrato, idStaff, idEquipa, idFuncao) values (536, 536, 14, 7);
insert into ContratoStaff (idContrato, idStaff, idEquipa, idFuncao) values (537, 537, 15, 7);
insert into ContratoStaff (idContrato, idStaff, idEquipa, idFuncao) values (538, 538, 16, 7);
insert into ContratoStaff (idContrato, idStaff, idEquipa, idFuncao) values (539, 539, 17, 7);
insert into ContratoStaff (idContrato, idStaff, idEquipa, idFuncao) values (540, 540, 18, 7);


--Convocado
insert into Convocado (idJogador, idJogo, minutoEntrada, minutoSaida) values (254, 1, '0', NULL);
insert into Convocado (idJogador, idJogo, minutoEntrada, minutoSaida) values (255, 1, '0', '45');
insert into Convocado (idJogador, idJogo, minutoEntrada, minutoSaida) values (256, 1, '0', NULL);
insert into Convocado (idJogador, idJogo, minutoEntrada, minutoSaida) values (257, 1, '0', NULL);
insert into Convocado (idJogador, idJogo, minutoEntrada, minutoSaida) values (258, 1, '0', NULL);
insert into Convocado (idJogador, idJogo, minutoEntrada, minutoSaida) values (259, 1, '0', NULL);
insert into Convocado (idJogador, idJogo, minutoEntrada, minutoSaida) values (260, 1, '0', NULL);
insert into Convocado (idJogador, idJogo, minutoEntrada, minutoSaida) values (261, 1, '0', '75');
insert into Convocado (idJogador, idJogo, minutoEntrada, minutoSaida) values (262, 1, '0', NULL);
insert into Convocado (idJogador, idJogo, minutoEntrada, minutoSaida) values (263, 1, '0', NULL);
insert into Convocado (idJogador, idJogo, minutoEntrada, minutoSaida) values (264, 1, '0', '90');
insert into Convocado (idJogador, idJogo, minutoEntrada, minutoSaida) values (265, 1, '90', NULL);
insert into Convocado (idJogador, idJogo, minutoEntrada, minutoSaida) values (266, 1, '45', NULL);
insert into Convocado (idJogador, idJogo, minutoEntrada, minutoSaida) values (267, 1, NULL,NULL);
insert into Convocado (idJogador, idJogo, minutoEntrada, minutoSaida) values (268, 1, NULL,NULL);
insert into Convocado (idJogador, idJogo, minutoEntrada, minutoSaida) values (269, 1, NULL,NULL);
insert into Convocado (idJogador, idJogo, minutoEntrada, minutoSaida) values (270, 1, NULL,NULL);
insert into Convocado (idJogador, idJogo, minutoEntrada, minutoSaida) values (271, 1, '75', NULL);



insert into Convocado (idJogador, idJogo, minutoEntrada, minutoSaida) values (70, 1, '0', NULL);
insert into Convocado (idJogador, idJogo, minutoEntrada, minutoSaida) values (71, 1, '0', '60');
insert into Convocado (idJogador, idJogo, minutoEntrada, minutoSaida) values (72, 1, '0', NULL);
insert into Convocado (idJogador, idJogo, minutoEntrada, minutoSaida) values (73, 1, '0', NULL);
insert into Convocado (idJogador, idJogo, minutoEntrada, minutoSaida) values (74, 1, '0', NULL);
insert into Convocado (idJogador, idJogo, minutoEntrada, minutoSaida) values (75, 1, '0', NULL);
insert into Convocado (idJogador, idJogo, minutoEntrada, minutoSaida) values (76, 1, '0', NULL);
insert into Convocado (idJogador, idJogo, minutoEntrada, minutoSaida) values (77, 1, '0', '40');
insert into Convocado (idJogador, idJogo, minutoEntrada, minutoSaida) values (78, 1, '0', NULL);
insert into Convocado (idJogador, idJogo, minutoEntrada, minutoSaida) values (79, 1, '0', NULL);
insert into Convocado (idJogador, idJogo, minutoEntrada, minutoSaida) values (80, 1, '0', '93');

insert into Convocado (idJogador, idJogo, minutoEntrada, minutoSaida) values (81, 1, '93', NULL);
insert into Convocado (idJogador, idJogo, minutoEntrada, minutoSaida) values (82, 1, '60', NULL);
insert into Convocado (idJogador, idJogo, minutoEntrada, minutoSaida) values (83, 1, NULL,NULL);
insert into Convocado (idJogador, idJogo, minutoEntrada, minutoSaida) values (84, 1, NULL,NULL);
insert into Convocado (idJogador, idJogo, minutoEntrada, minutoSaida) values (85, 1, NULL,NULL);
insert into Convocado (idJogador, idJogo, minutoEntrada, minutoSaida) values (86, 1, NULL,NULL);
insert into Convocado (idJogador, idJogo, minutoEntrada, minutoSaida) values (87, 1, '40', NULL);



--Evento
insert into Evento (id, minuto, idEquipa, idJogador, idJogo) values (1, 25, 12, 257, 1);
insert into Evento (id, minuto, idEquipa, idJogador, idJogo) values (2, 76, 12, 257, 1);
insert into Evento (id, minuto, idEquipa, idJogador, idJogo) values (3, 74, 12, 258, 1);
insert into Evento (id, minuto, idEquipa, idJogador, idJogo) values (4, 80, 12, 256, 1);
insert into Evento (id, minuto, idEquipa, idJogador, idJogo) values (5, 71, 12, 264, 1);

insert into Evento (id, minuto, idEquipa, idJogador, idJogo) values (6, 69, 4, 72, 1);
insert into Evento (id, minuto, idEquipa, idJogador, idJogo) values (7, 6, 4, 74, 1);
insert into Evento (id, minuto, idEquipa, idJogador, idJogo) values (8, 65, 4, 76, 1);
insert into Evento (id, minuto, idEquipa, idJogador, idJogo) values (9, 18, 4, 76, 1);
insert into Evento (id, minuto, idEquipa, idJogador, idJogo) values (10, 51, 4, 78, 1);


insert into Golo (idEvento) values (1);
insert into Golo (idEvento) values (2);
insert into Golo (idEvento) values (3);
insert into Golo (idEvento) values (4);
insert into Amarelo (idEvento) values (5);

insert into Golo (idEvento) values (6);
insert into Golo (idEvento) values (7);
insert into Golo (idEvento) values (8);
insert into Golo (idEvento) values (9);
insert into Vermelho (idEvento) values (10);
